STATION,STATION_NAME,DATE,PRCP,TMAX,TMIN,AWND,NUM_PRCP,NUM_TMAX,NUM_TMIN,NUM_AWND
USA,USA,20070101,43.131147540983605,126.22950819672131,28.9672131147541,36.766666666666666,61,61,61,60
USA,USA,20070102,12.819672131147541,123.34426229508196,16.901639344262296,32.05,61,61,61,60
USA,USA,20070103,23.704918032786885,140.81967213114754,27.049180327868854,34.766666666666666,61,61,61,60
USA,USA,20070104,49.01639344262295,154.50819672131146,55.81967213114754,39.43333333333333,61,61,61,60
USA,USA,20070105,47.131147540983605,158.0983606557377,74.75409836065573,45.96666666666667,61,61,61,60
USA,USA,20070106,8.836065573770492,151.08196721311475,57.0655737704918,38.43333333333333,61,61,61,60
USA,USA,20070107,29.34426229508197,141.65573770491804,42.80327868852459,39.483333333333334,61,61,61,60
USA,USA,20070108,35.131147540983605,152.5737704918033,26.114754098360656,39.766666666666666,61,61,61,60
USA,USA,20070109,1.6885245901639345,130.39344262295083,16.131147540983605,41.55,61,61,61,60
USA,USA,20070110,2.081967213114754,114.98360655737704,2.622950819672131,44.35,61,61,61,60
USA,USA,20070111,1.3770491803278688,132.80327868852459,22.9672131147541,48.733333333333334,61,61,61,60
USA,USA,20070112,27.049180327868854,129.327868852459,38.98360655737705,47.666666666666664,61,61,61,60
USA,USA,20070113,63.68852459016394,109.01639344262296,28.60655737704918,38.333333333333336,61,61,61,60
USA,USA,20070114,42.295081967213115,92.49180327868852,21.262295081967213,33.88333333333333,61,61,61,60
USA,USA,20070115,45.9344262295082,96.63934426229508,-2.6065573770491803,42.46666666666667,61,61,61,60
USA,USA,20070116,8.59016393442623,69.04918032786885,-29.37704918032787,41.4,61,61,61,60
USA,USA,20070117,4.262295081967213,50.60655737704918,-27.65573770491803,35.65,61,61,61,60
USA,USA,20070118,8.98360655737705,83.44262295081967,-8.704918032786885,34.28333333333333,61,61,61,60
USA,USA,20070119,17.016393442622952,86.90163934426229,12.19672131147541,39.9,61,61,61,60
USA,USA,20070120,24.295081967213115,71.77049180327869,-5.639344262295082,38.1,61,61,61,60
USA,USA,20070121,35.540983606557376,82.04918032786885,-1.098360655737705,35.1,61,61,61,60
USA,USA,20070122,8.360655737704919,79.90163934426229,7.032786885245901,32.95,61,61,61,60
USA,USA,20070123,9.885245901639344,86.44262295081967,0.3442622950819672,31.366666666666667,61,61,61,60
USA,USA,20070124,16.24590163934426,98.40983606557377,3.0163934426229506,28.083333333333332,61,61,61,60
USA,USA,20070125,7.721311475409836,92.52459016393442,-16.639344262295083,32.983333333333334,61,61,61,60
USA,USA,20070126,2.8360655737704916,99.0327868852459,-25.016393442622952,-131.6,61,61,61,60
USA,USA,20070127,20.295081967213115,112.11475409836065,1.1639344262295082,36.916666666666664,61,61,61,60
USA,USA,20070128,5.508196721311475,86.27868852459017,-16.278688524590162,38.31666666666667,61,61,61,60
USA,USA,20070129,1.8524590163934427,73.73770491803279,-30.229508196721312,34.15,61,61,61,60
USA,USA,20070130,5.770491803278689,66.04918032786885,-24.360655737704917,36.88333333333333,61,61,61,60
USA,USA,20070131,5.344262295081967,61.459016393442624,-22.983606557377048,36.583333333333336,61,61,61,60
USA,USA,20070201,25.311475409836067,72.78688524590164,-3.6721311475409837,32.483333333333334,61,61,61,60
USA,USA,20070202,14.59016393442623,70.45901639344262,-16.934426229508198,35.3,61,61,61,60
USA,USA,20070203,2.9836065573770494,75.50819672131148,-37.40983606557377,36.78333333333333,61,61,61,60
USA,USA,20070204,8.114754098360656,88.47540983606558,-34.65573770491803,34.733333333333334,61,61,61,60
USA,USA,20070205,1.2295081967213115,84.0,-30.16393442622951,35.85,61,61,61,60
USA,USA,20070206,3.639344262295082,112.77049180327869,-20.78688524590164,-300.65,61,61,61,60
USA,USA,20070207,3.901639344262295,102.59016393442623,-5.754098360655738,36.0,61,61,61,60
USA,USA,20070208,2.0491803278688523,90.47540983606558,-6.344262295081967,35.21666666666667,61,61,61,60
USA,USA,20070209,7.459016393442623,82.67213114754098,-3.9508196721311477,35.166666666666664,61,61,61,60
USA,USA,20070210,17.21311475409836,85.80327868852459,-6.868852459016393,32.85,61,61,61,60
USA,USA,20070211,13.180327868852459,102.72131147540983,0.36065573770491804,35.2,61,61,61,60
USA,USA,20070212,27.688524590163933,123.26229508196721,28.934426229508198,34.38333333333333,61,61,61,60
USA,USA,20070213,50.704918032786885,94.06557377049181,6.737704918032787,50.766666666666666,61,61,61,60
USA,USA,20070214,40.22950819672131,60.98360655737705,-20.950819672131146,-117.58333333333333,61,61,61,60
USA,USA,20070215,3.8852459016393444,47.47540983606557,-40.557377049180324,41.36666666666667,61,61,61,60
USA,USA,20070216,3.278688524590164,-80.32786885245902,-207.60655737704917,-124.13333333333334,61,61,61,60
USA,USA,20070217,4.180327868852459,115.75409836065573,-12.852459016393443,41.81666666666667,61,61,61,60
USA,USA,20070218,3.442622950819672,104.73770491803279,-9.295081967213115,44.96666666666667,61,61,61,60
USA,USA,20070219,12.508196721311476,126.14754098360656,-7.049180327868853,49.75,61,61,61,60
USA,USA,20070220,8.163934426229508,-14.491803278688524,-122.93442622950819,-127.85,61,61,61,60
USA,USA,20070221,5.377049180327869,166.24590163934425,37.22950819672131,28.383333333333333,61,61,61,60
USA,USA,20070222,17.868852459016395,159.68852459016392,37.81967213114754,40.35,61,61,61,60
USA,USA,20070223,1.9180327868852458,131.08196721311475,31.639344262295083,53.96666666666667,61,61,61,60
USA,USA,20070224,36.85245901639344,125.27868852459017,17.704918032786885,55.28333333333333,61,61,61,60
USA,USA,20070225,36.31147540983606,131.2295081967213,26.65573770491803,-123.26666666666667,61,61,61,60
USA,USA,20070226,14.39344262295082,140.72131147540983,42.83606557377049,-131.31666666666666,61,61,61,60
USA,USA,20070227,8.885245901639344,149.11475409836066,35.9344262295082,35.85,61,61,61,60
USA,USA,20070228,5.409836065573771,147.9344262295082,45.459016393442624,45.46666666666667,61,61,61,60
USA,USA,20070301,40.50819672131148,143.2295081967213,34.31147540983606,47.7,61,61,61,60
USA,USA,20070302,60.34426229508197,147.37704918032787,31.508196721311474,50.733333333333334,61,61,61,60
USA,USA,20070303,7.508196721311475,129.50819672131146,17.42622950819672,45.21666666666667,61,61,61,60
USA,USA,20070304,0.5573770491803278,126.1639344262295,4.655737704918033,42.46666666666667,61,61,61,60
USA,USA,20070305,0.7213114754098361,155.18032786885246,5.786885245901639,40.25,61,61,61,60
USA,USA,20070306,0.47540983606557374,144.9016393442623,5.19672131147541,37.833333333333336,61,61,61,60
USA,USA,20070307,5.754098360655738,149.27868852459017,23.75409836065574,31.7,61,61,61,60
USA,USA,20070308,1.0491803278688525,158.24590163934425,21.147540983606557,32.266666666666666,61,61,61,60
USA,USA,20070309,4.655737704918033,181.62295081967213,44.16393442622951,31.666666666666668,61,61,61,60
USA,USA,20070310,7.180327868852459,204.0983606557377,66.19672131147541,33.583333333333336,61,61,61,60
USA,USA,20070311,29.901639344262296,198.78688524590163,74.0,36.45,61,61,61,60
USA,USA,20070312,37.42622950819672,212.47540983606558,71.68852459016394,31.3,61,61,61,60
USA,USA,20070313,22.62295081967213,231.40983606557376,93.8688524590164,-130.88333333333333,61,61,61,60
USA,USA,20070314,37.442622950819676,225.9344262295082,103.57377049180327,39.45,61,61,61,60
USA,USA,20070315,40.9344262295082,204.18032786885246,77.68852459016394,38.35,61,61,61,60
USA,USA,20070316,57.98360655737705,166.81967213114754,56.16393442622951,45.68333333333333,61,61,61,60
USA,USA,20070317,11.754098360655737,159.36065573770492,44.885245901639344,40.46666666666667,61,61,61,60
USA,USA,20070318,0.08196721311475409,169.49180327868854,50.85245901639344,42.25,61,61,61,60
USA,USA,20070319,17.065573770491802,187.0983606557377,71.31147540983606,45.88333333333333,61,61,61,60
USA,USA,20070320,5.737704918032787,182.24590163934425,83.9672131147541,47.233333333333334,61,61,61,60
USA,USA,20070321,8.245901639344263,197.54098360655738,86.26229508196721,49.15,61,61,61,60
USA,USA,20070322,33.704918032786885,214.8360655737705,105.54098360655738,-119.18333333333334,61,61,61,60
USA,USA,20070323,32.52459016393443,212.9016393442623,115.90163934426229,39.21666666666667,61,61,61,60
USA,USA,20070324,33.950819672131146,212.327868852459,113.88524590163935,37.53333333333333,61,61,61,60
USA,USA,20070325,11.442622950819672,220.39344262295083,107.9672131147541,37.15,61,61,61,60
USA,USA,20070326,25.639344262295083,221.14754098360655,110.90163934426229,40.11666666666667,61,61,61,60
USA,USA,20070327,11.934426229508198,228.9344262295082,116.88524590163935,44.11666666666667,61,61,61,60
USA,USA,20070328,17.229508196721312,40.31147540983606,-61.885245901639344,46.983333333333334,61,61,61,60
USA,USA,20070329,19.639344262295083,32.78688524590164,-79.09836065573771,40.63333333333333,61,61,61,60
USA,USA,20070330,45.704918032786885,207.9344262295082,87.70491803278688,36.38333333333333,61,61,61,60
USA,USA,20070331,33.704918032786885,205.60655737704917,88.52459016393442,38.166666666666664,61,61,61,60
USA,USA,20070401,22.37704918032787,219.34426229508196,95.37704918032787,36.9,61,61,61,60
USA,USA,20070402,3.9672131147540983,234.11475409836066,107.77049180327869,38.13333333333333,61,61,61,60
USA,USA,20070403,22.311475409836067,234.7704918032787,100.1311475409836,38.166666666666664,61,61,61,60
USA,USA,20070404,38.39344262295082,191.01639344262296,77.31147540983606,46.516666666666666,61,61,61,60
USA,USA,20070405,3.622950819672131,161.18032786885246,63.540983606557376,44.233333333333334,61,61,61,60
USA,USA,20070406,1.901639344262295,140.81967213114754,47.59016393442623,47.416666666666664,61,61,61,60
USA,USA,20070407,17.131147540983605,111.8688524590164,29.16393442622951,46.61666666666667,61,61,61,60
USA,USA,20070408,8.327868852459016,125.55737704918033,29.37704918032787,36.68333333333333,61,61,61,60
USA,USA,20070409,4.295081967213115,147.47540983606558,54.50819672131148,37.4,61,61,61,60
USA,USA,20070410,29.59016393442623,172.0655737704918,67.78688524590164,41.63333333333333,61,61,61,60
USA,USA,20070411,47.31147540983606,185.54098360655738,69.78688524590164,45.78333333333333,61,61,61,60
USA,USA,20070412,43.83606557377049,176.54098360655738,70.95081967213115,50.5,61,61,61,60
USA,USA,20070413,22.770491803278688,176.81967213114754,67.1639344262295,46.35,61,61,61,60
USA,USA,20070414,29.081967213114755,171.2295081967213,65.39344262295081,44.36666666666667,61,61,61,60
USA,USA,20070415,103.44262295081967,176.95081967213116,56.114754098360656,52.45,61,61,61,60
USA,USA,20070416,22.557377049180328,183.18032786885246,58.75409836065574,53.03333333333333,61,61,61,60
USA,USA,20070417,18.295081967213115,192.1639344262295,77.0327868852459,43.28333333333333,61,61,61,60
USA,USA,20070418,4.983606557377049,192.88524590163934,82.37704918032787,41.0,61,61,61,60
USA,USA,20070419,2.721311475409836,199.04918032786884,81.01639344262296,36.81666666666667,61,61,61,60
USA,USA,20070420,8.524590163934427,220.327868852459,84.08196721311475,36.25,61,61,61,60
USA,USA,20070421,5.311475409836065,227.2295081967213,88.63934426229508,39.516666666666666,61,61,61,60
USA,USA,20070422,8.934426229508198,236.72131147540983,104.26229508196721,40.833333333333336,61,61,61,60
USA,USA,20070423,5.737704918032787,248.88524590163934,123.47540983606558,47.35,61,61,61,60
USA,USA,20070424,35.57377049180328,236.672131147541,128.04918032786884,44.85,61,61,61,60
USA,USA,20070425,52.60655737704918,224.65573770491804,119.8688524590164,42.21666666666667,61,61,61,60
USA,USA,20070426,31.508196721311474,223.86885245901638,108.11475409836065,37.483333333333334,61,61,61,60
USA,USA,20070427,31.737704918032787,232.24590163934425,116.78688524590164,34.266666666666666,61,61,61,60
USA,USA,20070428,4.639344262295082,252.52459016393442,126.45901639344262,33.7,61,61,61,60
USA,USA,20070429,7.950819672131147,254.327868852459,125.47540983606558,33.9,61,61,61,60
USA,USA,20070430,11.721311475409836,268.44262295081967,130.86885245901638,36.86666666666667,61,61,61,60
USA,USA,20070501,17.295081967213115,258.44262295081967,140.78688524590163,35.78333333333333,61,61,61,60
USA,USA,20070502,53.01639344262295,238.70491803278688,135.44262295081967,37.93333333333333,61,61,61,60
USA,USA,20070503,29.098360655737704,232.50819672131146,126.59016393442623,38.233333333333334,61,61,61,60
USA,USA,20070504,41.131147540983605,239.8360655737705,131.327868852459,-126.21666666666667,61,61,61,60
USA,USA,20070505,26.901639344262296,242.24590163934425,139.0327868852459,45.7,61,61,61,60
USA,USA,20070506,28.262295081967213,244.01639344262296,133.4262295081967,46.766666666666666,61,61,61,60
USA,USA,20070507,32.704918032786885,254.70491803278688,118.63934426229508,40.53333333333333,61,61,61,60
USA,USA,20070508,30.360655737704917,268.655737704918,127.77049180327869,34.166666666666664,61,61,61,60
USA,USA,20070509,29.39344262295082,269.57377049180326,143.45901639344262,29.983333333333334,61,61,61,60
USA,USA,20070510,17.9672131147541,277.2950819672131,152.54098360655738,28.5,61,61,61,60
USA,USA,20070511,15.049180327868852,278.21311475409834,151.5737704918033,29.266666666666666,61,61,61,60
USA,USA,20070512,8.508196721311476,270.9344262295082,144.95081967213116,32.666666666666664,61,61,61,60
USA,USA,20070513,3.0,257.78688524590166,132.72131147540983,34.06666666666667,61,61,61,60
USA,USA,20070514,5.80327868852459,269.88524590163934,127.49180327868852,35.833333333333336,61,61,61,60
USA,USA,20070515,24.918032786885245,275.8360655737705,149.72131147540983,46.516666666666666,61,61,61,60
USA,USA,20070516,51.91803278688525,250.4262295081967,137.59016393442624,40.166666666666664,61,61,61,60
USA,USA,20070517,6.836065573770492,231.2622950819672,125.42622950819673,35.333333333333336,61,61,61,60
USA,USA,20070518,22.672131147540984,227.98360655737704,119.01639344262296,35.766666666666666,61,61,61,60
USA,USA,20070519,5.049180327868853,238.78688524590163,123.93442622950819,36.88333333333333,61,61,61,60
USA,USA,20070520,9.442622950819672,253.52459016393442,131.9344262295082,38.18333333333333,61,61,61,60
USA,USA,20070521,10.01639344262295,249.9344262295082,133.34426229508196,38.78333333333333,61,61,61,60
USA,USA,20070522,6.721311475409836,266.3114754098361,139.19672131147541,39.9,61,61,61,60
USA,USA,20070523,11.836065573770492,274.1639344262295,153.65573770491804,-125.38333333333334,61,61,61,60
USA,USA,20070524,41.75409836065574,276.40983606557376,151.9672131147541,41.833333333333336,61,61,61,60
USA,USA,20070525,42.75409836065574,273.62295081967216,158.39344262295083,34.21666666666667,61,61,61,60
USA,USA,20070526,29.9672131147541,273.91803278688525,162.60655737704917,31.55,61,61,61,60
USA,USA,20070527,28.78688524590164,272.27868852459017,161.45901639344262,34.75,61,61,61,60
USA,USA,20070528,23.721311475409838,276.5409836065574,160.52459016393442,34.483333333333334,61,61,61,60
USA,USA,20070529,5.967213114754099,283.3606557377049,161.40983606557376,35.35,61,61,61,60
USA,USA,20070530,14.131147540983607,287.1311475409836,166.8360655737705,33.78333333333333,61,61,61,60
USA,USA,20070531,11.885245901639344,290.59016393442624,172.7704918032787,33.25,61,61,61,60
USA,USA,20070601,55.14754098360656,291.95081967213116,174.9016393442623,35.31666666666667,61,61,61,60
USA,USA,20070602,68.75409836065573,294.1311475409836,180.86885245901638,32.25,61,61,61,60
USA,USA,20070603,60.75409836065574,283.0163934426229,175.49180327868854,36.4,61,61,61,60
USA,USA,20070604,44.08196721311475,280.9344262295082,174.672131147541,36.266666666666666,61,61,61,60
USA,USA,20070605,27.40983606557377,274.4754098360656,160.672131147541,38.05,61,61,61,60
USA,USA,20070606,13.508196721311476,266.42622950819674,154.47540983606558,48.916666666666664,61,61,61,60
USA,USA,20070607,2.7540983606557377,287.672131147541,164.24590163934425,46.9,61,61,61,60
USA,USA,20070608,18.885245901639344,290.39344262295083,170.327868852459,38.2,61,61,61,60
USA,USA,20070609,14.360655737704919,283.8196721311475,170.14754098360655,32.0,61,61,61,60
USA,USA,20070610,16.770491803278688,285.0,170.54098360655738,31.1,61,61,61,60
USA,USA,20070611,9.295081967213115,290.78688524590166,177.7377049180328,33.36666666666667,61,61,61,60
USA,USA,20070612,16.229508196721312,297.1803278688525,177.45901639344262,-135.13333333333333,61,61,61,60
USA,USA,20070613,18.147540983606557,294.9836065573771,177.08196721311475,-135.03333333333333,61,61,61,60
USA,USA,20070614,12.131147540983607,289.8360655737705,176.327868852459,31.716666666666665,61,61,61,60
USA,USA,20070615,9.852459016393443,294.327868852459,178.9672131147541,28.85,61,61,61,60
USA,USA,20070616,16.24590163934426,296.0655737704918,178.52459016393442,29.983333333333334,61,61,61,60
USA,USA,20070617,31.737704918032787,305.8688524590164,184.68852459016392,32.65,61,61,61,60
USA,USA,20070618,12.573770491803279,313.40983606557376,191.5737704918033,35.266666666666666,61,61,61,60
USA,USA,20070619,46.16393442622951,313.26229508196724,192.327868852459,33.416666666666664,61,61,61,60
USA,USA,20070620,34.278688524590166,300.59016393442624,184.19672131147541,33.86666666666667,61,61,61,60
USA,USA,20070621,11.295081967213115,310.11475409836066,181.44262295081967,33.03333333333333,61,61,61,60
USA,USA,20070622,23.83606557377049,299.5081967213115,182.34426229508196,34.11666666666667,61,61,61,60
USA,USA,20070623,21.37704918032787,289.9016393442623,176.0,31.35,61,61,61,60
USA,USA,20070624,20.18032786885246,295.55737704918033,177.85245901639345,30.283333333333335,61,61,61,60
USA,USA,20070625,29.852459016393443,310.7049180327869,192.36065573770492,32.233333333333334,61,61,61,60
USA,USA,20070626,34.78688524590164,321.4590163934426,200.85245901639345,-132.98333333333332,61,61,61,60
USA,USA,20070627,46.08196721311475,316.4590163934426,204.5737704918033,34.18333333333333,61,61,61,60
USA,USA,20070628,-118.42622950819673,303.75409836065575,201.27868852459017,34.983333333333334,61,61,61,60
USA,USA,20070629,-99.62295081967213,291.91803278688525,190.27868852459017,31.25,61,61,61,60
USA,USA,20070630,6.868852459016393,300.37704918032784,185.98360655737704,28.283333333333335,61,61,61,60
USA,USA,20070701,21.065573770491802,300.72131147540983,186.01639344262296,31.983333333333334,61,61,61,60
USA,USA,20070702,12.131147540983607,300.62295081967216,183.4262295081967,30.816666666666666,61,61,61,60
USA,USA,20070703,28.78688524590164,308.75409836065575,186.75409836065575,27.916666666666668,61,61,61,60
USA,USA,20070704,57.295081967213115,309.40983606557376,197.34426229508196,32.166666666666664,61,61,61,60
USA,USA,20070705,52.704918032786885,313.7704918032787,205.19672131147541,31.466666666666665,61,61,61,60
USA,USA,20070706,19.21311475409836,314.9836065573771,205.2295081967213,28.583333333333332,61,61,61,60
USA,USA,20070707,8.885245901639344,315.8360655737705,201.65573770491804,28.866666666666667,61,61,61,60
USA,USA,20070708,1.9180327868852458,325.8524590163934,205.0983606557377,35.1,61,61,61,60
USA,USA,20070709,18.065573770491802,327.55737704918033,214.62295081967213,-132.36666666666667,61,61,61,60
USA,USA,20070710,36.868852459016395,325.60655737704917,215.1639344262295,35.016666666666666,61,61,61,60
USA,USA,20070711,23.081967213114755,314.37704918032784,208.27868852459017,36.733333333333334,61,61,61,60
USA,USA,20070712,22.295081967213115,310.327868852459,197.95081967213116,32.63333333333333,61,61,61,60
USA,USA,20070713,21.0327868852459,305.5409836065574,195.95081967213116,29.033333333333335,61,61,61,60
USA,USA,20070714,23.016393442622952,313.27868852459017,194.11475409836066,30.266666666666666,61,61,61,60
USA,USA,20070715,38.83606557377049,317.44262295081967,204.75409836065575,30.35,61,61,61,60
USA,USA,20070716,10.475409836065573,318.9344262295082,200.68852459016392,26.966666666666665,61,61,61,60
USA,USA,20070717,39.540983606557376,315.59016393442624,207.78688524590163,-138.33333333333334,61,61,61,60
USA,USA,20070718,42.83606557377049,312.0327868852459,214.0983606557377,33.983333333333334,61,61,61,60
USA,USA,20070719,71.95081967213115,309.37704918032784,204.55737704918033,35.81666666666667,61,61,61,60
USA,USA,20070720,22.16393442622951,295.39344262295083,194.62295081967213,35.0,61,61,61,60
USA,USA,20070721,37.26229508196721,296.95081967213116,189.18032786885246,32.21666666666667,61,61,61,60
USA,USA,20070722,12.704918032786885,302.24590163934425,190.0327868852459,29.483333333333334,61,61,61,60
USA,USA,20070723,19.0,298.8360655737705,191.50819672131146,28.216666666666665,61,61,61,60
USA,USA,20070724,22.491803278688526,298.1803278688525,192.2295081967213,27.916666666666668,61,61,61,60
USA,USA,20070725,20.9672131147541,303.8196721311475,195.63934426229508,26.016666666666666,61,61,61,60
USA,USA,20070726,24.688524590163933,311.8196721311475,199.50819672131146,27.266666666666666,61,61,61,60
USA,USA,20070727,45.36065573770492,314.0163934426229,209.63934426229508,28.333333333333332,61,61,61,60
USA,USA,20070728,41.0,309.59016393442624,205.91803278688525,27.166666666666668,61,61,61,60
USA,USA,20070729,28.672131147540984,307.0327868852459,207.62295081967213,25.666666666666668,61,61,61,60
USA,USA,20070730,20.62295081967213,311.1639344262295,206.0655737704918,28.85,61,61,61,60
USA,USA,20070731,44.01639344262295,315.78688524590166,204.80327868852459,28.633333333333333,61,61,61,60
USA,USA,20070801,34.34426229508197,323.7049180327869,206.80327868852459,24.883333333333333,61,61,61,60
USA,USA,20070802,41.14754098360656,320.8032786885246,213.0983606557377,-309.4166666666667,61,61,61,60
USA,USA,20070803,7.114754098360656,323.9344262295082,214.78688524590163,28.733333333333334,61,61,61,60
USA,USA,20070804,13.557377049180328,323.672131147541,213.91803278688525,30.583333333333332,61,61,61,60
USA,USA,20070805,25.327868852459016,313.4590163934426,211.4262295081967,33.81666666666667,61,61,61,60
USA,USA,20070806,18.18032786885246,315.8032786885246,218.01639344262296,34.25,61,61,61,60
USA,USA,20070807,34.78688524590164,322.9836065573771,219.54098360655738,33.666666666666664,61,61,61,60
USA,USA,20070808,19.147540983606557,334.72131147540983,221.52459016393442,34.1,61,61,61,60
USA,USA,20070809,17.983606557377048,329.08196721311475,217.86885245901638,30.333333333333332,61,61,61,60
USA,USA,20070810,10.770491803278688,320.24590163934425,207.70491803278688,30.4,61,61,61,60
USA,USA,20070811,3.098360655737705,326.7704918032787,199.21311475409837,28.25,61,61,61,60
USA,USA,20070812,9.081967213114755,335.5081967213115,205.78688524590163,25.183333333333334,61,61,61,60
USA,USA,20070813,7.868852459016393,336.3114754098361,208.1639344262295,-139.15,61,61,61,60
USA,USA,20070814,33.75409836065574,332.2295081967213,199.45901639344262,25.416666666666668,61,61,61,60
USA,USA,20070815,8.131147540983607,334.7049180327869,208.88524590163934,-139.96666666666667,61,61,61,60
USA,USA,20070816,50.16393442622951,328.04918032786884,219.4262295081967,32.43333333333333,61,61,61,60
USA,USA,20070817,14.62295081967213,317.6393442622951,207.81967213114754,32.483333333333334,61,61,61,60
USA,USA,20070818,22.65573770491803,305.8360655737705,194.45901639344262,34.56666666666667,61,61,61,60
USA,USA,20070819,53.540983606557376,303.1475409836066,200.327868852459,34.983333333333334,61,61,61,60
USA,USA,20070820,68.81967213114754,306.3606557377049,205.9672131147541,38.666666666666664,61,61,61,60
USA,USA,20070821,31.42622950819672,308.6885245901639,208.1639344262295,34.81666666666667,61,61,61,60
USA,USA,20070822,17.21311475409836,313.57377049180326,207.29508196721312,34.0,61,61,61,60
USA,USA,20070823,27.081967213114755,319.62295081967216,213.44262295081967,-131.6,61,61,61,60
USA,USA,20070824,49.83606557377049,325.0983606557377,212.55737704918033,32.38333333333333,61,61,61,60
USA,USA,20070825,28.83606557377049,312.1475409836066,208.75409836065575,30.016666666666666,61,61,61,60
USA,USA,20070826,9.262295081967213,309.62295081967216,203.2622950819672,29.0,61,61,61,60
USA,USA,20070827,18.983606557377048,315.0655737704918,199.72131147540983,28.0,61,61,61,60
USA,USA,20070828,6.950819672131147,325.24590163934425,199.95081967213116,25.0,61,61,61,60
USA,USA,20070829,18.852459016393443,328.3606557377049,207.11475409836066,25.666666666666668,61,61,61,60
USA,USA,20070830,14.295081967213115,315.0163934426229,206.85245901639345,28.966666666666665,61,61,61,60
USA,USA,20070831,17.0327868852459,310.8360655737705,198.13114754098362,28.983333333333334,61,61,61,60
USA,USA,20070901,9.524590163934427,310.0,189.1639344262295,28.283333333333335,61,61,61,60
USA,USA,20070902,11.344262295081966,313.0163934426229,182.0327868852459,22.783333333333335,61,61,61,60
USA,USA,20070903,12.032786885245901,319.655737704918,189.5737704918033,24.866666666666667,61,61,61,60
USA,USA,20070904,11.262295081967213,140.40983606557376,29.442622950819672,26.433333333333334,61,61,61,60
USA,USA,20070905,25.78688524590164,139.29508196721312,25.78688524590164,30.0,61,61,61,60
USA,USA,20070906,7.344262295081967,306.08196721311475,200.672131147541,37.2,61,61,61,60
USA,USA,20070907,29.557377049180328,306.26229508196724,204.39344262295083,38.05,61,61,61,60
USA,USA,20070908,43.34426229508197,305.78688524590166,200.0,28.533333333333335,61,61,61,60
USA,USA,20070909,30.75409836065574,292.1639344262295,193.0327868852459,29.05,61,61,61,60
USA,USA,20070910,66.0327868852459,291.60655737704917,186.0,25.733333333333334,61,61,61,60
USA,USA,20070911,42.39344262295082,279.3114754098361,177.24590163934425,34.233333333333334,61,61,61,60
USA,USA,20070912,22.24590163934426,277.4590163934426,162.45901639344262,28.35,61,61,61,60
USA,USA,20070913,41.98360655737705,285.7049180327869,161.59016393442624,24.283333333333335,61,61,61,60
USA,USA,20070914,17.34426229508197,282.55737704918033,167.54098360655738,30.95,61,61,61,60
USA,USA,20070915,7.852459016393443,257.4754098360656,151.31147540983608,32.25,61,61,61,60
USA,USA,20070916,5.360655737704918,261.4590163934426,146.39344262295083,30.05,61,61,61,60
USA,USA,20070917,6.327868852459017,267.8524590163934,155.78688524590163,36.1,61,61,61,60
USA,USA,20070918,23.704918032786885,274.6885245901639,157.19672131147541,34.55,61,61,61,60
USA,USA,20070919,9.180327868852459,277.0655737704918,161.0327868852459,33.6,61,61,61,60
USA,USA,20070920,12.901639344262295,276.6393442622951,164.2295081967213,28.8,61,61,61,60
USA,USA,20070921,22.131147540983605,292.62295081967216,166.36065573770492,28.65,61,61,61,60
USA,USA,20070922,9.754098360655737,281.8688524590164,177.39344262295083,30.5,61,61,61,60
USA,USA,20070923,28.081967213114755,277.8032786885246,166.04918032786884,30.366666666666667,61,61,61,60
USA,USA,20070924,11.78688524590164,285.655737704918,160.91803278688525,29.1,61,61,61,60
USA,USA,20070925,20.672131147540984,286.73770491803276,163.14754098360655,29.166666666666668,61,61,61,60
USA,USA,20070926,29.114754098360656,284.26229508196724,168.9344262295082,24.566666666666666,61,61,61,60
USA,USA,20070927,21.81967213114754,282.72131147540983,166.49180327868854,23.233333333333334,61,61,61,60
USA,USA,20070928,21.80327868852459,271.8196721311475,158.24590163934425,35.05,61,61,61,60
USA,USA,20070929,5.754098360655738,264.27868852459017,148.0327868852459,38.96666666666667,61,61,61,60
USA,USA,20070930,19.360655737704917,272.26229508196724,145.44262295081967,38.166666666666664,61,61,61,60
USA,USA,20071001,26.0,262.9344262295082,152.29508196721312,35.05,61,61,61,60
USA,USA,20071002,38.57377049180328,272.6885245901639,160.0655737704918,34.2,61,61,61,60
USA,USA,20071003,15.295081967213115,273.4590163934426,161.2622950819672,28.066666666666666,61,61,61,60
USA,USA,20071004,8.967213114754099,281.8360655737705,168.62295081967213,30.85,61,61,61,60
USA,USA,20071005,14.639344262295081,276.327868852459,175.29508196721312,36.06666666666667,61,61,61,60
USA,USA,20071006,12.278688524590164,276.7704918032787,172.91803278688525,36.083333333333336,61,61,61,60
USA,USA,20071007,12.0,281.08196721311475,165.24590163934425,29.0,61,61,61,60
USA,USA,20071008,17.60655737704918,285.04918032786884,158.75409836065575,28.416666666666668,61,61,61,60
USA,USA,20071009,14.360655737704919,273.7704918032787,150.50819672131146,33.21666666666667,61,61,61,60
USA,USA,20071010,13.934426229508198,242.65573770491804,135.19672131147541,32.233333333333334,61,61,61,60
USA,USA,20071011,12.475409836065573,227.36065573770492,122.90163934426229,31.166666666666668,61,61,61,60
USA,USA,20071012,14.836065573770492,223.91803278688525,114.78688524590164,33.96666666666667,61,61,61,60
USA,USA,20071013,25.114754098360656,227.95081967213116,110.70491803278688,32.55,61,61,61,60
USA,USA,20071014,22.278688524590162,231.60655737704917,117.01639344262296,31.883333333333333,61,61,61,60
USA,USA,20071015,16.770491803278688,235.54098360655738,123.0,29.9,61,61,61,60
USA,USA,20071016,36.59016393442623,232.29508196721312,131.27868852459017,33.86666666666667,61,61,61,60
USA,USA,20071017,34.377049180327866,244.70491803278688,138.672131147541,37.71666666666667,61,61,61,60
USA,USA,20071018,27.524590163934427,252.88524590163934,138.9016393442623,40.083333333333336,61,61,61,60
USA,USA,20071019,34.31147540983606,251.59016393442624,135.2622950819672,40.18333333333333,61,61,61,60
USA,USA,20071020,16.491803278688526,251.04918032786884,117.49180327868852,39.983333333333334,61,61,61,60
USA,USA,20071021,9.540983606557377,254.13114754098362,117.40983606557377,45.63333333333333,61,61,61,60
USA,USA,20071022,87.78688524590164,234.47540983606558,116.68852459016394,40.666666666666664,61,61,61,60
USA,USA,20071023,56.59016393442623,238.13114754098362,113.98360655737704,38.233333333333334,61,61,61,60
USA,USA,20071024,46.90163934426229,223.85245901639345,113.54098360655738,-129.33333333333334,61,61,61,60
USA,USA,20071025,12.098360655737705,200.9016393442623,95.90163934426229,33.71666666666667,61,61,61,60
USA,USA,20071026,61.442622950819676,203.49180327868854,97.18032786885246,26.8,61,61,61,60
USA,USA,20071027,32.65573770491803,212.2295081967213,101.54098360655738,32.7,61,61,61,60
USA,USA,20071028,1.5901639344262295,209.50819672131146,82.72131147540983,32.233333333333334,61,61,61,60
USA,USA,20071029,8.967213114754099,203.55737704918033,80.24590163934427,31.366666666666667,61,61,61,60
USA,USA,20071030,2.5081967213114753,215.86885245901638,83.32786885245902,33.18333333333333,61,61,61,60
USA,USA,20071031,2.6885245901639343,215.9016393442623,85.52459016393442,-131.35,61,61,61,60
USA,USA,20071101,2.6721311475409837,205.62295081967213,84.55737704918033,-136.48333333333332,61,61,61,60
USA,USA,20071102,0.5245901639344263,198.08196721311475,71.1311475409836,28.316666666666666,61,61,61,60
USA,USA,20071103,7.278688524590164,199.88524590163934,68.59016393442623,29.566666666666666,61,61,61,60
USA,USA,20071104,0.29508196721311475,208.27868852459017,70.29508196721312,25.7,61,61,61,60
USA,USA,20071105,11.688524590163935,208.65573770491804,69.73770491803279,34.86666666666667,61,61,61,60
USA,USA,20071106,17.114754098360656,163.75409836065575,64.54098360655738,37.36666666666667,61,61,61,60
USA,USA,20071107,1.2295081967213115,162.0655737704918,49.01639344262295,29.416666666666668,61,61,61,60
USA,USA,20071108,0.26229508196721313,176.2295081967213,53.80327868852459,24.483333333333334,61,61,61,60
USA,USA,20071109,6.147540983606557,184.40983606557376,69.8360655737705,25.666666666666668,61,61,61,60
USA,USA,20071110,6.885245901639344,182.9672131147541,71.75409836065573,31.783333333333335,61,61,61,60
USA,USA,20071111,11.62295081967213,186.70491803278688,75.90163934426229,34.016666666666666,61,61,61,60
USA,USA,20071112,15.475409836065573,203.40983606557376,91.0327868852459,32.2,61,61,61,60
USA,USA,20071113,17.098360655737704,218.40983606557376,92.0327868852459,27.516666666666666,61,61,61,60
USA,USA,20071114,19.704918032786885,212.63934426229508,85.81967213114754,38.65,61,61,61,60
USA,USA,20071115,25.311475409836067,175.75409836065575,58.32786885245902,43.21666666666667,61,61,61,60
USA,USA,20071116,5.573770491803279,152.80327868852459,46.18032786885246,36.46666666666667,61,61,61,60
USA,USA,20071117,9.0,175.63934426229508,56.885245901639344,24.383333333333333,61,61,61,60
USA,USA,20071118,18.950819672131146,172.29508196721312,71.68852459016394,25.8,61,61,61,60
USA,USA,20071119,6.491803278688525,190.9672131147541,80.21311475409836,32.13333333333333,61,61,61,60
USA,USA,20071120,5.672131147540983,193.55737704918033,90.91803278688525,34.0,61,61,61,60
USA,USA,20071121,35.01639344262295,178.327868852459,70.11475409836065,40.333333333333336,61,61,61,60
USA,USA,20071122,13.672131147540984,140.5737704918033,37.75409836065574,42.86666666666667,61,61,61,60
USA,USA,20071123,1.8688524590163935,95.24590163934427,11.704918032786885,35.0,61,61,61,60
USA,USA,20071124,15.360655737704919,100.88524590163935,10.59016393442623,29.216666666666665,61,61,61,60
USA,USA,20071125,36.50819672131148,120.65573770491804,29.983606557377048,26.833333333333332,61,61,61,60
USA,USA,20071126,44.721311475409834,148.27868852459017,45.885245901639344,28.4,61,61,61,60
USA,USA,20071127,4.459016393442623,154.54098360655738,33.91803278688525,36.46666666666667,61,61,61,60
USA,USA,20071128,6.967213114754099,150.78688524590163,30.704918032786885,33.61666666666667,61,61,61,60
USA,USA,20071129,9.098360655737705,146.78688524590163,33.83606557377049,31.483333333333334,61,61,61,60
USA,USA,20071130,33.34426229508197,124.04918032786885,37.967213114754095,30.966666666666665,61,61,61,60
USA,USA,20071201,14.80327868852459,133.95081967213116,39.73770491803279,47.53333333333333,61,61,61,60
USA,USA,20071202,56.19672131147541,156.31147540983608,41.24590163934426,41.86666666666667,61,61,61,60
USA,USA,20071203,39.85245901639344,146.9344262295082,20.62295081967213,46.61666666666667,61,61,61,60
USA,USA,20071204,3.901639344262295,137.98360655737704,20.081967213114755,32.733333333333334,61,61,61,60
USA,USA,20071205,9.934426229508198,131.52459016393442,12.491803278688524,31.166666666666668,61,61,61,60
USA,USA,20071206,7.475409836065574,108.72131147540983,10.491803278688524,32.46666666666667,61,61,61,60
USA,USA,20071207,20.311475409836067,125.93442622950819,38.50819672131148,35.18333333333333,61,61,61,60
USA,USA,20071208,14.98360655737705,126.01639344262296,45.868852459016395,33.333333333333336,61,61,61,60
USA,USA,20071209,28.049180327868854,110.29508196721312,39.14754098360656,30.183333333333334,61,61,61,60
USA,USA,20071210,24.37704918032787,110.72131147540983,41.39344262295082,25.533333333333335,61,61,61,60
USA,USA,20071211,48.47540983606557,135.47540983606558,48.14754098360656,33.766666666666666,61,61,61,60
USA,USA,20071212,17.524590163934427,129.60655737704917,39.78688524590164,31.966666666666665,61,61,61,60
USA,USA,20071213,39.01639344262295,109.24590163934427,25.81967213114754,28.316666666666666,61,61,61,60
USA,USA,20071214,10.081967213114755,101.59016393442623,23.868852459016395,30.066666666666666,61,61,61,60
USA,USA,20071215,45.68852459016394,94.24590163934427,9.39344262295082,42.68333333333333,61,61,61,60
USA,USA,20071216,59.60655737704918,95.49180327868852,-12.721311475409836,45.233333333333334,61,61,61,60
USA,USA,20071217,3.5245901639344264,88.49180327868852,-15.573770491803279,38.78333333333333,61,61,61,60
USA,USA,20071218,15.065573770491802,119.18032786885246,2.8688524590163933,31.333333333333332,61,61,61,60
USA,USA,20071219,14.475409836065573,129.5737704918033,22.983606557377048,28.983333333333334,61,61,61,60
USA,USA,20071220,39.540983606557376,129.04918032786884,29.19672131147541,30.766666666666666,61,61,61,60
USA,USA,20071221,5.327868852459017,131.13114754098362,30.934426229508198,36.85,61,61,61,60
USA,USA,20071222,14.754098360655737,120.47540983606558,20.65573770491803,42.583333333333336,61,61,61,60
USA,USA,20071223,34.59016393442623,137.27868852459017,6.065573770491803,42.2,61,61,61,60
USA,USA,20071224,2.098360655737705,117.98360655737704,5.327868852459017,33.56666666666667,61,61,61,60
USA,USA,20071225,6.967213114754099,116.93442622950819,7.573770491803279,33.21666666666667,61,61,61,60
USA,USA,20071226,23.9672131147541,96.0327868852459,1.1147540983606556,30.633333333333333,61,61,61,60
USA,USA,20071227,11.081967213114755,90.36065573770492,14.163934426229508,31.533333333333335,61,61,61,60
USA,USA,20071228,24.049180327868854,106.18032786885246,17.80327868852459,33.083333333333336,61,61,61,60
USA,USA,20071229,17.016393442622952,114.91803278688525,19.918032786885245,30.033333333333335,61,61,61,60
USA,USA,20071230,22.80327868852459,113.22950819672131,11.21311475409836,27.033333333333335,61,61,61,60
USA,USA,20071231,9.21311475409836,125.37704918032787,9.672131147540984,33.25,61,61,61,60
USA,USA,20080101,14.737704918032787,95.26229508196721,-13.78688524590164,48.3,61,61,61,60
USA,USA,20080102,13.262295081967213,54.131147540983605,-42.19672131147541,46.35,61,61,61,60
USA,USA,20080103,5.540983606557377,62.09836065573771,-40.295081967213115,44.9,61,61,61,60
USA,USA,20080104,38.557377049180324,110.36065573770492,-9.180327868852459,47.03333333333333,61,61,61,60
USA,USA,20080105,23.721311475409838,141.39344262295083,42.049180327868854,45.28333333333333,61,61,61,60
USA,USA,20080106,16.918032786885245,162.0655737704918,72.24590163934427,42.63333333333333,61,61,61,60
USA,USA,20080107,9.21311475409836,176.86885245901638,86.36065573770492,44.13333333333333,61,61,61,60
USA,USA,20080108,52.91803278688525,167.8360655737705,62.65573770491803,42.75,61,61,61,60
USA,USA,20080109,7.918032786885246,152.8360655737705,38.98360655737705,38.71666666666667,61,61,61,60
USA,USA,20080110,38.131147540983605,140.4262295081967,39.49180327868852,34.0,61,61,61,60
USA,USA,20080111,22.688524590163933,146.70491803278688,34.77049180327869,32.833333333333336,61,61,61,60
USA,USA,20080112,4.590163934426229,135.52459016393442,27.852459016393443,26.0,61,61,61,60
USA,USA,20080113,10.62295081967213,123.93442622950819,17.557377049180328,29.783333333333335,61,61,61,60
USA,USA,20080114,10.262295081967213,106.14754098360656,4.0,35.65,61,61,61,60
USA,USA,20080115,8.721311475409836,91.93442622950819,-8.262295081967213,32.43333333333333,61,61,61,60
USA,USA,20080116,19.18032786885246,85.06557377049181,-8.114754098360656,39.7,61,61,61,60
USA,USA,20080117,26.75409836065574,79.67213114754098,-4.19672131147541,34.63333333333333,61,61,61,60
USA,USA,20080118,16.475409836065573,88.11475409836065,-9.934426229508198,33.95,61,61,61,60
USA,USA,20080119,24.360655737704917,69.8688524590164,-32.09836065573771,33.88333333333333,61,61,61,60
USA,USA,20080120,3.622950819672131,58.704918032786885,-53.295081967213115,45.1,61,61,61,60
USA,USA,20080121,14.049180327868852,68.01639344262296,-30.721311475409838,40.55,61,61,61,60
USA,USA,20080122,21.65573770491803,86.09836065573771,-16.770491803278688,35.88333333333333,61,61,61,60
USA,USA,20080123,37.377049180327866,77.19672131147541,-10.655737704918034,30.716666666666665,61,61,61,60
USA,USA,20080124,13.180327868852459,55.114754098360656,-27.59016393442623,38.28333333333333,61,61,61,60
USA,USA,20080125,26.098360655737704,62.114754098360656,-28.40983606557377,37.75,61,61,61,60
USA,USA,20080126,20.950819672131146,101.27868852459017,-3.7540983606557377,-140.18333333333334,61,61,61,60
USA,USA,20080127,23.19672131147541,115.34426229508196,10.557377049180328,-129.4,61,61,61,60
USA,USA,20080128,9.491803278688524,130.44262295081967,17.491803278688526,48.53333333333333,61,61,61,60
USA,USA,20080129,18.459016393442624,137.04918032786884,7.688524590163935,48.833333333333336,61,61,61,60
USA,USA,20080130,6.245901639344262,107.21311475409836,-12.180327868852459,50.86666666666667,61,61,61,60
USA,USA,20080131,32.40983606557377,90.73770491803279,-8.688524590163935,42.81666666666667,61,61,61,60
USA,USA,20080201,70.24590163934427,113.09836065573771,-2.5081967213114753,41.833333333333336,61,61,61,60
USA,USA,20080202,5.081967213114754,126.49180327868852,10.114754098360656,34.05,61,61,61,60
USA,USA,20080203,17.229508196721312,139.80327868852459,33.21311475409836,35.25,61,61,61,60
USA,USA,20080204,8.59016393442623,158.21311475409837,58.01639344262295,39.95,61,61,61,60
USA,USA,20080205,62.377049180327866,155.0983606557377,47.295081967213115,43.483333333333334,61,61,61,60
USA,USA,20080206,51.67213114754098,-31.557377049180328,-138.0,45.63333333333333,61,61,61,60
USA,USA,20080207,9.262295081967213,129.21311475409837,19.950819672131146,37.766666666666666,61,61,61,60
USA,USA,20080208,5.704918032786885,141.327868852459,26.065573770491802,31.583333333333332,61,61,61,60
USA,USA,20080209,6.377049180327869,163.36065573770492,29.098360655737704,30.4,61,61,61,60
USA,USA,20080210,3.721311475409836,142.0655737704918,-3.557377049180328,46.06666666666667,61,61,61,60
USA,USA,20080211,4.360655737704918,106.08196721311475,-10.80327868852459,38.06666666666667,61,61,61,60
USA,USA,20080212,58.295081967213115,117.49180327868852,4.098360655737705,36.56666666666667,61,61,61,60
USA,USA,20080213,87.11475409836065,119.26229508196721,-2.0491803278688523,41.916666666666664,61,61,61,60
USA,USA,20080214,2.0,122.78688524590164,-1.3442622950819672,46.766666666666666,61,61,61,60
USA,USA,20080215,13.147540983606557,119.18032786885246,12.229508196721312,36.916666666666664,61,61,61,60
USA,USA,20080216,42.967213114754095,112.47540983606558,11.59016393442623,31.216666666666665,61,61,61,60
USA,USA,20080217,42.32786885245902,152.19672131147541,29.081967213114755,44.016666666666666,61,61,61,60
USA,USA,20080218,22.639344262295083,145.24590163934425,23.688524590163933,-122.76666666666667,61,61,61,60
USA,USA,20080219,7.557377049180328,117.52459016393442,3.9672131147540983,38.9,61,61,61,60
USA,USA,20080220,14.131147540983607,109.49180327868852,8.180327868852459,36.2,61,61,61,60
USA,USA,20080221,44.67213114754098,97.57377049180327,8.78688524590164,34.666666666666664,61,61,61,60
USA,USA,20080222,44.78688524590164,106.8688524590164,26.737704918032787,33.0,61,61,61,60
USA,USA,20080223,12.262295081967213,120.90163934426229,25.9672131147541,33.733333333333334,61,61,61,60
USA,USA,20080224,12.40983606557377,140.19672131147541,28.852459016393443,30.716666666666665,61,61,61,60
USA,USA,20080225,5.016393442622951,157.50819672131146,41.868852459016395,35.11666666666667,61,61,61,60
USA,USA,20080226,48.52459016393443,139.49180327868854,26.42622950819672,43.81666666666667,61,61,61,60
USA,USA,20080227,6.721311475409836,124.27868852459017,-0.45901639344262296,38.25,61,61,61,60
USA,USA,20080228,0.26229508196721313,126.47540983606558,-4.311475409836065,-130.5,61,61,61,60
USA,USA,20080229,9.278688524590164,152.8360655737705,23.83606557377049,37.2,61,61,61,60
USA,USA,20080301,9.524590163934427,165.98360655737704,46.32786885245902,42.15,61,61,61,60
USA,USA,20080302,11.78688524590164,174.62295081967213,42.032786885245905,52.25,61,61,61,60
USA,USA,20080303,51.131147540983605,169.672131147541,34.032786885245905,55.35,61,61,61,60
USA,USA,20080304,59.442622950819676,153.7704918032787,34.09836065573771,46.18333333333333,61,61,61,60
USA,USA,20080305,29.049180327868854,145.34426229508196,28.327868852459016,40.833333333333336,61,61,61,60
USA,USA,20080306,46.77049180327869,134.37704918032787,19.442622950819672,-134.85,61,61,61,60
USA,USA,20080307,61.557377049180324,127.34426229508196,15.37704918032787,44.46666666666667,61,61,61,60
USA,USA,20080308,56.73770491803279,129.75409836065575,2.6721311475409837,44.416666666666664,61,61,61,60
USA,USA,20080309,2.622950819672131,141.8360655737705,6.426229508196721,36.05,61,61,61,60
USA,USA,20080310,21.278688524590162,157.39344262295083,31.24590163934426,28.583333333333332,61,61,61,60
USA,USA,20080311,7.524590163934426,166.8360655737705,39.540983606557376,31.25,61,61,61,60
USA,USA,20080312,2.6721311475409837,185.2622950819672,49.9344262295082,34.61666666666667,61,61,61,60
USA,USA,20080313,11.508196721311476,185.80327868852459,60.540983606557376,38.4,61,61,61,60
USA,USA,20080314,16.459016393442624,191.18032786885246,73.0327868852459,38.21666666666667,61,61,61,60
USA,USA,20080315,27.19672131147541,167.9672131147541,57.68852459016394,42.71666666666667,61,61,61,60
USA,USA,20080316,6.19672131147541,154.8360655737705,54.36065573770492,48.18333333333333,61,61,61,60
USA,USA,20080317,15.032786885245901,157.2622950819672,60.721311475409834,47.666666666666664,61,61,61,60
USA,USA,20080318,87.72131147540983,167.24590163934425,66.27868852459017,45.65,61,61,61,60
USA,USA,20080319,64.0,178.44262295081967,61.278688524590166,46.0,61,61,61,60
USA,USA,20080320,15.39344262295082,183.24590163934425,50.91803278688525,47.43333333333333,61,61,61,60
USA,USA,20080321,5.426229508196721,180.2622950819672,49.377049180327866,41.78333333333333,61,61,61,60
USA,USA,20080322,18.672131147540984,174.98360655737704,48.26229508196721,36.7,61,61,61,60
USA,USA,20080323,13.639344262295081,150.13114754098362,38.32786885245902,36.166666666666664,61,61,61,60
USA,USA,20080324,0.18032786885245902,160.0327868852459,34.49180327868852,38.18333333333333,61,61,61,60
USA,USA,20080325,2.8688524590163933,180.49180327868854,42.39344262295082,46.9,61,61,61,60
USA,USA,20080326,11.672131147540984,201.91803278688525,79.40983606557377,45.416666666666664,61,61,61,60
USA,USA,20080327,21.491803278688526,191.01639344262296,77.9672131147541,43.1,61,61,61,60
USA,USA,20080328,19.540983606557376,171.8360655737705,70.80327868852459,41.55,61,61,61,60
USA,USA,20080329,13.508196721311476,164.19672131147541,59.52459016393443,40.28333333333333,61,61,61,60
USA,USA,20080330,10.78688524590164,175.70491803278688,76.27868852459017,43.56666666666667,61,61,61,60
USA,USA,20080331,44.60655737704918,190.2295081967213,89.59016393442623,45.65,61,61,61,60
USA,USA,20080401,-134.36065573770492,29.75409836065574,84.32786885245902,-1122.2666666666667,61,61,61,60
USA,USA,20080402,7.524590163934426,180.0,72.36065573770492,-1131.9833333333333,61,61,61,60
USA,USA,20080403,43.22950819672131,194.13114754098362,80.8688524590164,-1131.7833333333333,61,61,61,60
USA,USA,20080404,59.721311475409834,187.62295081967213,82.42622950819673,-1130.7666666666667,61,61,61,60
USA,USA,20080405,30.262295081967213,192.59016393442624,79.8360655737705,-1132.2333333333333,61,61,61,60
USA,USA,20080406,49.98360655737705,196.9344262295082,84.91803278688525,-1131.3666666666666,61,61,61,60
USA,USA,20080407,-318.59016393442624,205.08196721311475,89.62295081967213,-1296.6,61,61,61,60
USA,USA,20080408,19.918032786885245,199.9672131147541,92.45901639344262,-1130.6833333333334,61,61,61,60
USA,USA,20080409,48.78688524590164,191.24590163934425,94.73770491803279,-1127.45,61,61,61,60
USA,USA,20080410,41.032786885245905,217.1639344262295,98.59016393442623,-1124.4666666666667,61,61,61,60
USA,USA,20080411,39.21311475409836,221.49180327868854,92.78688524590164,-1126.9666666666667,61,61,61,60
USA,USA,20080412,10.098360655737705,215.11475409836066,88.31147540983606,-1126.7333333333333,61,61,61,60
USA,USA,20080413,5.114754098360656,191.0327868852459,71.22950819672131,-1130.2833333333333,61,61,61,60
USA,USA,20080414,3.262295081967213,186.44262295081967,57.0,-1132.0833333333333,61,61,61,60
USA,USA,20080415,0.5081967213114754,-137.65573770491804,55.721311475409834,-1122.8666666666666,61,61,61,60
USA,USA,20080416,0.16393442622950818,216.88524590163934,71.29508196721312,-1123.5333333333333,61,61,61,60
USA,USA,20080417,19.34426229508197,230.19672131147541,-252.0327868852459,-1130.5166666666667,61,61,61,60
USA,USA,20080418,25.83606557377049,236.7377049180328,84.91803278688525,-966.4666666666667,61,61,61,60
USA,USA,20080419,6.114754098360656,232.37704918032787,93.80327868852459,-965.4166666666666,61,61,61,60
USA,USA,20080420,20.524590163934427,223.55737704918033,103.09836065573771,-963.9,61,61,61,60
USA,USA,20080421,19.491803278688526,230.27868852459017,105.37704918032787,-967.3,61,61,61,60
USA,USA,20080422,12.819672131147541,246.63934426229508,112.8360655737705,-969.7166666666667,61,61,61,60
USA,USA,20080423,22.983606557377048,250.0,126.04918032786885,-963.5666666666667,61,61,61,60
USA,USA,20080424,-156.0327868852459,84.27868852459017,-35.75409836065574,-959.3666666666667,61,61,61,60
USA,USA,20080425,-318.5081967213115,78.63934426229508,-48.77049180327869,-963.35,61,61,61,60
USA,USA,20080426,-143.1639344262295,75.77049180327869,-60.49180327868852,-465.48333333333335,61,61,61,60
USA,USA,20080427,-143.55737704918033,52.85245901639344,-60.39344262295082,-130.43333333333334,61,61,61,60
USA,USA,20080428,-109.39344262295081,53.114754098360656,-69.31147540983606,-128.68333333333334,61,61,61,60
USA,USA,20080429,10.262295081967213,209.52459016393442,88.95081967213115,-123.98333333333333,61,61,61,60
USA,USA,20080430,2.7868852459016393,221.11475409836066,92.0,-119.73333333333333,61,61,61,60
USA,USA,20080501,4.114754098360656,234.63934426229508,109.42622950819673,48.8,61,61,61,60
USA,USA,20080502,29.24590163934426,233.95081967213116,116.72131147540983,44.166666666666664,61,61,61,60
USA,USA,20080503,35.08196721311475,225.0983606557377,110.52459016393442,41.43333333333333,61,61,61,60
USA,USA,20080504,2.2295081967213113,231.65573770491804,103.93442622950819,33.233333333333334,61,61,61,60
USA,USA,20080505,3.9508196721311477,245.21311475409837,115.26229508196721,31.95,61,61,61,60
USA,USA,20080506,17.704918032786885,252.31147540983608,125.32786885245902,34.3,61,61,61,60
USA,USA,20080507,51.90163934426229,247.65573770491804,134.04918032786884,45.43333333333333,61,61,61,60
USA,USA,20080508,32.721311475409834,240.63934426229508,134.9344262295082,40.35,61,61,61,60
USA,USA,20080509,32.278688524590166,241.7377049180328,131.5737704918033,39.53333333333333,61,61,61,60
USA,USA,20080510,22.081967213114755,248.55737704918033,128.9016393442623,40.63333333333333,61,61,61,60
USA,USA,20080511,56.295081967213115,230.59016393442624,113.81967213114754,49.483333333333334,61,61,61,60
USA,USA,20080512,21.311475409836067,227.327868852459,110.36065573770492,48.2,61,61,61,60
USA,USA,20080513,6.80327868852459,245.75409836065575,118.91803278688525,42.016666666666666,61,61,61,60
USA,USA,20080514,39.21311475409836,242.01639344262296,128.44262295081967,36.083333333333336,61,61,61,60
USA,USA,20080515,39.09836065573771,243.2295081967213,136.37704918032787,36.45,61,61,61,60
USA,USA,20080516,29.59016393442623,249.1639344262295,133.2295081967213,37.983333333333334,61,61,61,60
USA,USA,20080517,5.80327868852459,271.4754098360656,133.95081967213116,36.56666666666667,61,61,61,60
USA,USA,20080518,12.721311475409836,267.0327868852459,138.62295081967213,37.18333333333333,61,61,61,60
USA,USA,20080519,4.737704918032787,272.39344262295083,138.50819672131146,39.55,61,61,61,60
USA,USA,20080520,21.311475409836067,260.1803278688525,141.9672131147541,41.65,61,61,61,60
USA,USA,20080521,3.8852459016393444,251.65573770491804,133.80327868852459,48.93333333333333,61,61,61,60
USA,USA,20080522,34.31147540983606,240.40983606557376,134.39344262295083,50.35,61,61,61,60
USA,USA,20080523,24.0327868852459,241.4262295081967,137.24590163934425,43.35,61,61,61,60
USA,USA,20080524,26.475409836065573,253.8360655737705,140.0,36.5,61,61,61,60
USA,USA,20080525,12.327868852459016,270.75409836065575,142.36065573770492,36.46666666666667,61,61,61,60
USA,USA,20080526,36.0655737704918,273.75409836065575,158.0983606557377,43.06666666666667,61,61,61,60
USA,USA,20080527,49.65573770491803,267.6393442622951,153.0,39.43333333333333,61,61,61,60
USA,USA,20080528,12.311475409836065,250.14754098360655,140.49180327868854,37.15,61,61,61,60
USA,USA,20080529,0.8852459016393442,272.04918032786884,143.81967213114754,35.6,61,61,61,60
USA,USA,20080530,29.21311475409836,287.57377049180326,157.2295081967213,37.1,61,61,61,60
USA,USA,20080531,22.721311475409838,292.672131147541,176.72131147540983,39.7,61,61,61,60
USA,USA,20080601,18.16393442622951,291.73770491803276,173.9016393442623,35.9,61,61,61,60
USA,USA,20080602,2.6557377049180326,292.9016393442623,171.18032786885246,37.56666666666667,61,61,61,60
USA,USA,20080603,41.704918032786885,296.11475409836066,180.63934426229508,42.1,61,61,61,60
USA,USA,20080604,56.52459016393443,290.655737704918,184.81967213114754,49.5,61,61,61,60
USA,USA,20080605,19.131147540983605,287.91803278688525,185.8360655737705,53.11666666666667,61,61,61,60
USA,USA,20080606,11.459016393442623,295.95081967213116,184.63934426229508,44.266666666666666,61,61,61,60
USA,USA,20080607,19.16393442622951,309.57377049180326,195.80327868852459,45.833333333333336,61,61,61,60
USA,USA,20080608,29.360655737704917,314.1639344262295,197.63934426229508,43.083333333333336,61,61,61,60
USA,USA,20080609,47.26229508196721,310.7704918032787,188.2295081967213,36.56666666666667,61,61,61,60
USA,USA,20080610,27.459016393442624,306.59016393442624,181.44262295081967,38.7,61,61,61,60
USA,USA,20080611,25.75409836065574,300.655737704918,185.47540983606558,41.36666666666667,61,61,61,60
USA,USA,20080612,17.852459016393443,307.5245901639344,186.24590163934425,36.21666666666667,61,61,61,60
USA,USA,20080613,38.31147540983606,305.8688524590164,183.37704918032787,35.5,61,61,61,60
USA,USA,20080614,32.0655737704918,306.27868852459017,182.86885245901638,31.95,61,61,61,60
USA,USA,20080615,16.24590163934426,313.672131147541,188.1639344262295,32.516666666666666,61,61,61,60
USA,USA,20080616,35.85245901639344,308.5245901639344,186.13114754098362,35.35,61,61,61,60
USA,USA,20080617,14.508196721311476,298.4918032786885,178.36065573770492,35.03333333333333,61,61,61,60
USA,USA,20080618,15.78688524590164,296.5409836065574,171.19672131147541,30.416666666666668,61,61,61,60
USA,USA,20080619,39.77049180327869,304.1475409836066,168.86885245901638,29.7,61,61,61,60
USA,USA,20080620,10.967213114754099,143.0327868852459,12.360655737704919,26.816666666666666,61,61,61,60
USA,USA,20080621,49.0655737704918,314.72131147540983,187.36065573770492,29.966666666666665,61,61,61,60
USA,USA,20080622,42.52459016393443,304.57377049180326,185.2622950819672,30.816666666666666,61,61,61,60
USA,USA,20080623,23.475409836065573,302.55737704918033,183.65573770491804,30.916666666666668,61,61,61,60
USA,USA,20080624,33.36065573770492,302.0163934426229,182.36065573770492,32.78333333333333,61,61,61,60
USA,USA,20080625,37.31147540983606,311.62295081967216,188.327868852459,35.85,61,61,61,60
USA,USA,20080626,41.9344262295082,144.0,31.59016393442623,38.61666666666667,61,61,61,60
USA,USA,20080627,19.24590163934426,149.19672131147541,33.59016393442623,36.4,61,61,61,60
USA,USA,20080628,28.75409836065574,318.8524590163934,203.40983606557376,38.916666666666664,61,61,61,60
USA,USA,20080629,23.39344262295082,309.5245901639344,199.81967213114754,37.68333333333333,61,61,61,60
USA,USA,20080630,29.131147540983605,301.0163934426229,191.24590163934425,32.13333333333333,61,61,61,60
USA,USA,20080701,7.688524590163935,303.5081967213115,184.47540983606558,30.716666666666665,61,61,61,60
USA,USA,20080702,41.295081967213115,313.4590163934426,187.13114754098362,34.016666666666666,61,61,61,60
USA,USA,20080703,23.75409836065574,309.42622950819674,194.39344262295083,33.3,61,61,61,60
USA,USA,20080704,34.21311475409836,298.5245901639344,192.21311475409837,29.033333333333335,61,61,61,60
USA,USA,20080705,26.81967213114754,304.0163934426229,196.98360655737704,30.85,61,61,61,60
USA,USA,20080706,21.721311475409838,308.344262295082,198.7377049180328,31.066666666666666,61,61,61,60
USA,USA,20080707,30.508196721311474,314.4754098360656,201.70491803278688,33.11666666666667,61,61,61,60
USA,USA,20080708,52.57377049180328,321.04918032786884,205.91803278688525,36.733333333333334,61,61,61,60
USA,USA,20080709,48.85245901639344,307.8032786885246,207.36065573770492,35.93333333333333,61,61,61,60
USA,USA,20080710,30.42622950819672,137.44262295081967,31.83606557377049,-133.1,61,61,61,60
USA,USA,20080711,29.672131147540984,145.13114754098362,31.557377049180328,-132.93333333333334,61,61,61,60
USA,USA,20080712,35.98360655737705,146.01639344262296,34.0655737704918,34.15,61,61,61,60
USA,USA,20080713,36.24590163934426,136.4262295081967,31.19672131147541,-133.65,61,61,61,60
USA,USA,20080714,26.39344262295082,137.0983606557377,28.24590163934426,30.366666666666667,61,61,61,60
USA,USA,20080715,26.540983606557376,144.21311475409837,27.19672131147541,30.05,61,61,61,60
USA,USA,20080716,14.885245901639344,315.9016393442623,200.40983606557376,29.816666666666666,61,61,61,60
USA,USA,20080717,11.491803278688524,320.55737704918033,203.44262295081967,28.833333333333332,61,61,61,60
USA,USA,20080718,12.098360655737705,318.672131147541,207.24590163934425,30.483333333333334,61,61,61,60
USA,USA,20080719,20.83606557377049,320.75409836065575,205.81967213114754,31.683333333333334,61,61,61,60
USA,USA,20080720,22.18032786885246,322.04918032786884,211.1639344262295,32.25,61,61,61,60
USA,USA,20080721,7.426229508196721,326.5081967213115,213.19672131147541,29.866666666666667,61,61,61,60
USA,USA,20080722,29.65573770491803,315.24590163934425,206.7704918032787,30.85,61,61,61,60
USA,USA,20080723,95.09836065573771,305.08196721311475,200.91803278688525,32.63333333333333,61,61,61,60
USA,USA,20080724,31.721311475409838,303.0655737704918,195.88524590163934,31.133333333333333,61,61,61,60
USA,USA,20080725,14.967213114754099,312.9344262295082,198.65573770491804,30.133333333333333,61,61,61,60
USA,USA,20080726,15.229508196721312,315.7704918032787,204.34426229508196,32.0,61,61,61,60
USA,USA,20080727,36.09836065573771,316.0327868852459,204.4262295081967,32.9,61,61,61,60
USA,USA,20080728,23.311475409836067,319.75409836065575,201.91803278688525,31.833333333333332,61,61,61,60
USA,USA,20080729,21.491803278688526,319.0,208.80327868852459,30.283333333333335,61,61,61,60
USA,USA,20080730,31.19672131147541,317.21311475409834,212.60655737704917,31.45,61,61,61,60
USA,USA,20080731,19.65573770491803,324.672131147541,211.21311475409837,30.566666666666666,61,61,61,60
USA,USA,20080801,30.229508196721312,326.9836065573771,212.27868852459017,28.45,61,61,61,60
USA,USA,20080802,37.50819672131148,323.08196721311475,212.65573770491804,31.833333333333332,61,61,61,60
USA,USA,20080803,12.147540983606557,149.31147540983608,34.885245901639344,32.1,61,61,61,60
USA,USA,20080804,3.2131147540983607,153.36065573770492,33.0,29.283333333333335,61,61,61,60
USA,USA,20080805,37.59016393442623,152.14754098360655,42.868852459016395,-138.16666666666666,61,61,61,60
USA,USA,20080806,25.918032786885245,319.9016393442623,210.1639344262295,29.8,61,61,61,60
USA,USA,20080807,24.42622950819672,309.73770491803276,203.11475409836066,30.716666666666665,61,61,61,60
USA,USA,20080808,12.475409836065573,300.72131147540983,195.21311475409837,32.21666666666667,61,61,61,60
USA,USA,20080809,20.24590163934426,301.37704918032784,189.327868852459,31.35,61,61,61,60
USA,USA,20080810,26.9672131147541,298.1803278688525,191.0327868852459,31.45,61,61,61,60
USA,USA,20080811,50.032786885245905,294.78688524590166,188.13114754098362,30.6,61,61,61,60
USA,USA,20080812,28.60655737704918,300.40983606557376,188.68852459016392,27.35,61,61,61,60
USA,USA,20080813,19.75409836065574,306.9344262295082,191.70491803278688,28.116666666666667,61,61,61,60
USA,USA,20080814,46.47540983606557,308.6393442622951,190.44262295081967,27.366666666666667,61,61,61,60
USA,USA,20080815,25.049180327868854,299.8688524590164,191.60655737704917,28.05,61,61,61,60
USA,USA,20080816,-120.19672131147541,292.24590163934425,188.70491803278688,27.383333333333333,61,61,61,60
USA,USA,20080817,15.180327868852459,297.9344262295082,188.40983606557376,27.8,61,61,61,60
USA,USA,20080818,46.91803278688525,296.72131147540983,191.04918032786884,29.55,61,61,61,60
USA,USA,20080819,69.36065573770492,292.1803278688525,191.68852459016392,35.583333333333336,61,61,61,60
USA,USA,20080820,38.65573770491803,291.88524590163934,186.72131147540983,32.3,61,61,61,60
USA,USA,20080821,38.442622950819676,301.11475409836066,192.45901639344262,34.61666666666667,61,61,61,60
USA,USA,20080822,63.09836065573771,309.655737704918,196.9016393442623,34.65,61,61,61,60
USA,USA,20080823,17.131147540983605,309.1803278688525,198.50819672131146,28.266666666666666,61,61,61,60
USA,USA,20080824,38.77049180327869,308.4590163934426,198.45901639344262,31.466666666666665,61,61,61,60
USA,USA,20080825,27.098360655737704,295.57377049180326,192.72131147540983,33.083333333333336,61,61,61,60
USA,USA,20080826,20.65573770491803,287.75409836065575,182.9016393442623,31.633333333333333,61,61,61,60
USA,USA,20080827,28.934426229508198,296.9836065573771,189.52459016393442,31.4,61,61,61,60
USA,USA,20080828,15.459016393442623,303.1803278688525,192.4262295081967,28.45,61,61,61,60
USA,USA,20080829,22.327868852459016,311.672131147541,197.63934426229508,27.983333333333334,61,61,61,60
USA,USA,20080830,24.442622950819672,299.2950819672131,197.0,31.85,61,61,61,60
USA,USA,20080831,23.016393442622952,296.9344262295082,187.70491803278688,35.7,61,61,61,60
USA,USA,20080901,14.557377049180328,301.73770491803276,184.04918032786884,34.46666666666667,61,61,61,60
USA,USA,20080902,60.26229508196721,303.95081967213116,186.2622950819672,34.666666666666664,61,61,61,60
USA,USA,20080903,38.98360655737705,292.0655737704918,182.88524590163934,35.71666666666667,61,61,61,60
USA,USA,20080904,33.24590163934426,297.11475409836066,181.50819672131146,-133.73333333333332,61,61,61,60
USA,USA,20080905,41.22950819672131,283.5409836065574,179.27868852459017,32.31666666666667,61,61,61,60
USA,USA,20080906,112.9672131147541,283.78688524590166,175.65573770491804,30.183333333333334,61,61,61,60
USA,USA,20080907,11.78688524590164,286.9672131147541,172.49180327868854,28.983333333333334,61,61,61,60
USA,USA,20080908,26.131147540983605,281.73770491803276,174.34426229508196,30.15,61,61,61,60
USA,USA,20080909,44.24590163934426,268.9836065573771,173.8360655737705,32.9,61,61,61,60
USA,USA,20080910,26.42622950819672,267.72131147540983,171.60655737704917,33.56666666666667,61,61,61,60
USA,USA,20080911,76.59016393442623,273.1475409836066,177.672131147541,31.533333333333335,61,61,61,60
USA,USA,20080912,72.34426229508196,275.1639344262295,188.80327868852459,33.68333333333333,61,61,61,60
USA,USA,20080913,91.78688524590164,289.8196721311475,192.80327868852459,34.71666666666667,61,61,61,60
USA,USA,20080914,51.19672131147541,284.88524590163934,179.0,42.96666666666667,61,61,61,60
USA,USA,20080915,7.377049180327869,262.78688524590166,161.44262295081967,34.96666666666667,61,61,61,60
USA,USA,20080916,7.80327868852459,262.1967213114754,149.34426229508196,26.816666666666666,61,61,61,60
USA,USA,20080917,11.459016393442623,271.1639344262295,149.1639344262295,23.75,61,61,61,60
USA,USA,20080918,1.721311475409836,269.62295081967216,153.14754098360655,28.05,61,61,61,60
USA,USA,20080919,5.114754098360656,270.0983606557377,152.11475409836066,28.95,61,61,61,60
USA,USA,20080920,32.19672131147541,268.0,156.31147540983608,25.783333333333335,61,61,61,60
USA,USA,20080921,13.819672131147541,272.3114754098361,156.9672131147541,26.25,61,61,61,60
USA,USA,20080922,8.508196721311476,272.59016393442624,160.11475409836066,32.96666666666667,61,61,61,60
USA,USA,20080923,3.7540983606557377,277.8360655737705,155.45901639344262,30.1,61,61,61,60
USA,USA,20080924,11.59016393442623,279.78688524590166,156.672131147541,31.183333333333334,61,61,61,60
USA,USA,20080925,18.65573770491803,271.327868852459,156.18032786885246,33.833333333333336,61,61,61,60
USA,USA,20080926,38.65573770491803,271.42622950819674,153.81967213114754,29.183333333333334,61,61,61,60
USA,USA,20080927,32.377049180327866,275.5081967213115,158.31147540983608,23.283333333333335,61,61,61,60
USA,USA,20080928,27.42622950819672,276.4754098360656,156.68852459016392,24.866666666666667,61,61,61,60
USA,USA,20080929,15.37704918032787,269.8524590163934,153.63934426229508,27.983333333333334,61,61,61,60
USA,USA,20080930,-132.70491803278688,263.39344262295083,146.55737704918033,26.216666666666665,61,61,61,60
USA,USA,20081001,9.19672131147541,261.1803278688525,135.78688524590163,25.6,61,61,61,60
USA,USA,20081002,13.491803278688524,244.88524590163934,125.22950819672131,28.466666666666665,61,61,61,60
USA,USA,20081003,10.049180327868852,248.31147540983608,127.72131147540983,30.25,61,61,61,60
USA,USA,20081004,34.16393442622951,244.37704918032787,129.4262295081967,35.9,61,61,61,60
USA,USA,20081005,23.39344262295082,240.5737704918033,129.95081967213116,31.233333333333334,61,61,61,60
USA,USA,20081006,29.131147540983605,243.4262295081967,137.47540983606558,31.933333333333334,61,61,61,60
USA,USA,20081007,35.950819672131146,245.80327868852459,122.73770491803279,34.4,61,61,61,60
USA,USA,20081008,30.21311475409836,248.63934426229508,121.29508196721312,31.6,61,61,61,60
USA,USA,20081009,11.688524590163935,250.7704918032787,129.8360655737705,32.55,61,61,61,60
USA,USA,20081010,3.9836065573770494,245.36065573770492,126.68852459016394,34.083333333333336,61,61,61,60
USA,USA,20081011,3.5081967213114753,243.45901639344262,130.44262295081967,37.266666666666666,61,61,61,60
USA,USA,20081012,11.475409836065573,242.4262295081967,129.31147540983608,34.983333333333334,61,61,61,60
USA,USA,20081013,17.065573770491802,245.37704918032787,125.81967213114754,32.45,61,61,61,60
USA,USA,20081014,25.39344262295082,233.327868852459,123.21311475409836,30.2,61,61,61,60
USA,USA,20081015,18.491803278688526,240.52459016393442,120.50819672131148,-138.2,61,61,61,60
USA,USA,20081016,19.983606557377048,235.0,116.47540983606558,29.4,61,61,61,60
USA,USA,20081017,6.131147540983607,227.2295081967213,102.39344262295081,29.366666666666667,61,61,61,60
USA,USA,20081018,3.6721311475409837,215.2295081967213,98.31147540983606,32.28333333333333,61,61,61,60
USA,USA,20081019,2.5737704918032787,214.85245901639345,87.1311475409836,31.6,61,61,61,60
USA,USA,20081020,6.590163934426229,226.19672131147541,91.59016393442623,27.716666666666665,61,61,61,60
USA,USA,20081021,9.885245901639344,220.0327868852459,92.60655737704919,34.25,61,61,61,60
USA,USA,20081022,33.78688524590164,203.9344262295082,82.22950819672131,43.35,61,61,61,60
USA,USA,20081023,13.819672131147541,197.27868852459017,72.29508196721312,35.083333333333336,61,61,61,60
USA,USA,20081024,33.622950819672134,203.0,73.81967213114754,28.483333333333334,61,61,61,60
USA,USA,20081025,34.868852459016395,221.0327868852459,84.34426229508196,31.816666666666666,61,61,61,60
USA,USA,20081026,3.557377049180328,224.11475409836066,82.06557377049181,37.733333333333334,61,61,61,60
USA,USA,20081027,7.918032786885246,188.31147540983608,66.34426229508196,39.78333333333333,61,61,61,60
USA,USA,20081028,15.524590163934427,173.86885245901638,58.16393442622951,38.7,61,61,61,60
USA,USA,20081029,1.3442622950819672,190.55737704918033,55.459016393442624,30.616666666666667,61,61,61,60
USA,USA,20081030,1.5573770491803278,205.91803278688525,63.721311475409834,29.066666666666666,61,61,61,60
USA,USA,20081031,8.459016393442623,228.327868852459,89.40983606557377,29.866666666666667,61,61,61,60
USA,USA,20081101,12.360655737704919,231.80327868852459,95.1311475409836,26.166666666666668,61,61,61,60
USA,USA,20081102,10.37704918032787,215.01639344262296,94.75409836065573,31.916666666666668,61,61,61,60
USA,USA,20081103,10.311475409836065,217.18032786885246,102.47540983606558,32.56666666666667,61,61,61,60
USA,USA,20081104,14.852459016393443,209.01639344262296,103.40983606557377,38.11666666666667,61,61,61,60
USA,USA,20081105,15.98360655737705,205.65573770491804,95.26229508196721,38.9,61,61,61,60
USA,USA,20081106,21.42622950819672,198.52459016393442,82.21311475409836,32.53333333333333,61,61,61,60
USA,USA,20081107,18.18032786885246,194.86885245901638,72.55737704918033,28.683333333333334,61,61,61,60
USA,USA,20081108,8.491803278688524,180.78688524590163,68.1639344262295,31.133333333333333,61,61,61,60
USA,USA,20081109,9.147540983606557,162.39344262295083,55.36065573770492,36.68333333333333,61,61,61,60
USA,USA,20081110,28.016393442622952,155.0655737704918,64.65573770491804,36.11666666666667,61,61,61,60
USA,USA,20081111,22.065573770491802,162.4262295081967,64.81967213114754,32.083333333333336,61,61,61,60
USA,USA,20081112,30.672131147540984,176.18032786885246,77.52459016393442,28.916666666666668,61,61,61,60
USA,USA,20081113,26.131147540983605,194.68852459016392,84.52459016393442,32.05,61,61,61,60
USA,USA,20081114,17.737704918032787,194.60655737704917,94.93442622950819,35.46666666666667,61,61,61,60
USA,USA,20081115,47.63934426229508,176.91803278688525,62.14754098360656,43.05,61,61,61,60
USA,USA,20081116,3.6065573770491803,162.40983606557376,38.442622950819676,36.233333333333334,61,61,61,60
USA,USA,20081117,2.081967213114754,160.47540983606558,31.901639344262296,27.616666666666667,61,61,61,60
USA,USA,20081118,1.0163934426229508,138.39344262295083,23.327868852459016,34.75,61,61,61,60
USA,USA,20081119,0.09836065573770492,151.52459016393442,19.19672131147541,32.71666666666667,61,61,61,60
USA,USA,20081120,5.426229508196721,140.24590163934425,30.081967213114755,40.916666666666664,61,61,61,60
USA,USA,20081121,17.688524590163933,105.37704918032787,8.885245901639344,39.666666666666664,61,61,61,60
USA,USA,20081122,2.0491803278688523,114.37704918032787,7.557377049180328,31.183333333333334,61,61,61,60
USA,USA,20081123,2.0655737704918034,146.0983606557377,21.131147540983605,26.766666666666666,61,61,61,60
USA,USA,20081124,30.295081967213115,152.39344262295083,29.360655737704917,31.4,61,61,61,60
USA,USA,20081125,27.60655737704918,149.95081967213116,35.57377049180328,30.15,61,61,61,60
USA,USA,20081126,17.114754098360656,146.49180327868854,34.47540983606557,26.233333333333334,61,61,61,60
USA,USA,20081127,13.688524590163935,142.18032786885246,32.59016393442623,23.533333333333335,61,61,61,60
USA,USA,20081128,13.442622950819672,141.45901639344262,42.80327868852459,25.283333333333335,61,61,61,60
USA,USA,20081129,11.901639344262295,138.18032786885246,39.73770491803279,26.716666666666665,61,61,61,60
USA,USA,20081130,51.721311475409834,130.88524590163934,41.65573770491803,39.55,61,61,61,60
USA,USA,20081201,8.967213114754099,127.75409836065573,35.21311475409836,41.13333333333333,61,61,61,60
USA,USA,20081202,4.426229508196721,133.0327868852459,16.852459016393443,-130.1,61,61,61,60
USA,USA,20081203,5.770491803278689,133.78688524590163,11.868852459016393,38.0,61,61,61,60
USA,USA,20081204,12.950819672131148,117.1311475409836,7.590163934426229,36.93333333333333,61,61,61,60
USA,USA,20081205,4.540983606557377,102.85245901639344,-6.049180327868853,29.583333333333332,61,61,61,60
USA,USA,20081206,10.704918032786885,124.49180327868852,-0.16393442622950818,27.4,61,61,61,60
USA,USA,20081207,6.508196721311475,111.54098360655738,-4.262295081967213,35.3,61,61,61,60
USA,USA,20081208,8.557377049180328,119.78688524590164,11.524590163934427,38.28333333333333,61,61,61,60
USA,USA,20081209,53.885245901639344,-19.868852459016395,-138.59016393442624,45.583333333333336,61,61,61,60
USA,USA,20081210,50.83606557377049,132.24590163934425,27.42622950819672,38.833333333333336,61,61,61,60
USA,USA,20081211,103.98360655737704,123.34426229508196,20.278688524590162,33.666666666666664,61,61,61,60
USA,USA,20081212,41.868852459016395,116.22950819672131,8.704918032786885,37.93333333333333,61,61,61,60
USA,USA,20081213,9.573770491803279,114.32786885245902,10.229508196721312,51.5,61,61,61,60
USA,USA,20081214,11.37704918032787,136.47540983606558,12.21311475409836,51.15,61,61,61,60
USA,USA,20081215,34.18032786885246,106.37704918032787,3.0163934426229506,46.65,61,61,61,60
USA,USA,20081216,18.83606557377049,78.0327868852459,-10.081967213114755,29.866666666666667,61,61,61,60
USA,USA,20081217,27.75409836065574,90.65573770491804,12.311475409836065,29.9,61,61,61,60
USA,USA,20081218,12.245901639344263,107.08196721311475,20.557377049180328,29.15,61,61,61,60
USA,USA,20081219,,,,,61,61,61,60
USA,USA,20081220,,,,,61,61,61,60
USA,USA,20081221,,,,,61,61,61,60
USA,USA,20081222,,,,,61,61,61,60
USA,USA,20081223,,,,,61,61,61,60
USA,USA,20081224,,,,,61,61,61,60
USA,USA,20081225,,,,,61,61,61,60
USA,USA,20081226,,,,,61,61,61,60
USA,USA,20081227,,,,,61,61,61,60
USA,USA,20081228,,,,,61,61,61,60
USA,USA,20081229,,,,,61,61,61,60
USA,USA,20081230,,,,,61,61,61,60
USA,USA,20081231,,,,,61,61,61,60
