STATION,STATION_NAME,DATE,MDPR,DAPR,PRCP,SNWD,SNOW,TMAX,TOBS
GHCND:USC00210643,BEMIDJI MN US,20070326,-9999,-9999,0,-9999,-9999,-9999,-9999
GHCND:USC00210643,BEMIDJI MN US,20070327,-9999,-9999,0,-9999,-9999,-9999,-9999
GHCND:USC00210643,BEMIDJI MN US,20070328,-9999,-9999,0,-9999,-9999,-9999,-9999
GHCND:USC00210643,BEMIDJI MN US,20070329,-9999,-9999,10,-9999,-9999,-9999,-9999
GHCND:USC00210643,BEMIDJI MN US,20070330,-9999,-9999,135,-9999,-9999,-9999,-9999
GHCND:USC00210643,BEMIDJI MN US,20070331,-9999,-9999,15,-9999,-9999,-9999,-9999
GHCND:USC00210643,BEMIDJI MN US,20070401,-9999,-9999,135,-9999,-9999,-9999,-9999
GHCND:USC00210643,BEMIDJI MN US,20070402,-9999,-9999,0,-9999,-9999,-9999,-9999
GHCND:USC00210643,BEMIDJI MN US,20070403,-9999,-9999,0,-9999,-9999,-9999,-9999
GHCND:USC00210643,BEMIDJI MN US,20070404,-9999,-9999,0,-9999,-9999,-9999,-9999
GHCND:USC00210643,BEMIDJI MN US,20070405,-9999,-9999,0,-9999,-9999,-9999,-9999
GHCND:USC00210643,BEMIDJI MN US,20070407,-9999,-9999,0,-9999,-9999,-9999,-9999
GHCND:USC00210643,BEMIDJI MN US,20070408,-9999,-9999,0,-9999,-9999,-9999,-9999
GHCND:USC00210643,BEMIDJI MN US,20070409,-9999,-9999,0,-9999,-9999,-9999,-9999
GHCND:USC00210643,BEMIDJI MN US,20070410,-9999,-9999,0,-9999,-9999,-9999,-9999
GHCND:USC00210643,BEMIDJI MN US,20070415,-9999,-9999,0,-9999,-9999,-9999,-9999
GHCND:USC00210643,BEMIDJI MN US,20070416,-9999,-9999,30,-9999,-9999,-9999,-9999
GHCND:USC00210643,BEMIDJI MN US,20070417,-9999,-9999,3,-9999,-9999,-9999,-9999
GHCND:USC00210643,BEMIDJI MN US,20070418,-9999,-9999,0,-9999,-9999,-9999,-9999
GHCND:USC00210643,BEMIDJI MN US,20070419,-9999,-9999,0,-9999,-9999,-9999,-9999
GHCND:USC00210643,BEMIDJI MN US,20070420,-9999,-9999,0,-9999,-9999,-9999,-9999
GHCND:USC00210643,BEMIDJI MN US,20070421,-9999,-9999,130,-9999,-9999,-9999,-9999
GHCND:USC00210643,BEMIDJI MN US,20070422,-9999,-9999,165,-9999,-9999,-9999,-9999
GHCND:USC00210643,BEMIDJI MN US,20070423,-9999,-9999,0,-9999,-9999,-9999,-9999
GHCND:USC00210643,BEMIDJI MN US,20070424,-9999,-9999,0,-9999,-9999,-9999,-9999
GHCND:USC00210643,BEMIDJI MN US,20070425,-9999,-9999,0,-9999,-9999,-9999,-9999
GHCND:USC00210643,BEMIDJI MN US,20070426,-9999,-9999,0,-9999,-9999,-9999,-9999
GHCND:USC00210643,BEMIDJI MN US,20070427,-9999,-9999,0,-9999,-9999,-9999,-9999
GHCND:USC00210643,BEMIDJI MN US,20070428,-9999,-9999,0,-9999,-9999,-9999,-9999
GHCND:USC00210643,BEMIDJI MN US,20070429,-9999,-9999,0,-9999,-9999,-9999,-9999
GHCND:USC00210643,BEMIDJI MN US,20070430,-9999,-9999,0,-9999,-9999,-9999,-9999
GHCND:USC00210643,BEMIDJI MN US,20070501,-9999,-9999,0,-9999,-9999,-9999,-9999
GHCND:USC00210643,BEMIDJI MN US,20070502,-9999,-9999,0,-9999,-9999,-9999,-9999
GHCND:USC00210643,BEMIDJI MN US,20070503,-9999,-9999,0,-9999,-9999,-9999,-9999
GHCND:USC00210643,BEMIDJI MN US,20070504,-9999,-9999,0,-9999,-9999,-9999,-9999
GHCND:USC00210643,BEMIDJI MN US,20070505,-9999,-9999,20,-9999,-9999,-9999,-9999
GHCND:USC00210643,BEMIDJI MN US,20070506,-9999,-9999,53,-9999,-9999,-9999,-9999
GHCND:USC00210643,BEMIDJI MN US,20070507,-9999,-9999,0,-9999,-9999,-9999,-9999
GHCND:USC00210643,BEMIDJI MN US,20070508,-9999,-9999,0,-9999,-9999,-9999,-9999
GHCND:USC00210643,BEMIDJI MN US,20070509,-9999,-9999,0,-9999,-9999,-9999,-9999
GHCND:USC00210643,BEMIDJI MN US,20070510,-9999,-9999,0,-9999,-9999,-9999,-9999
GHCND:USC00210643,BEMIDJI MN US,20070511,-9999,-9999,0,-9999,-9999,-9999,-9999
GHCND:USC00210643,BEMIDJI MN US,20070512,-9999,-9999,0,-9999,-9999,-9999,-9999
GHCND:USC00210643,BEMIDJI MN US,20070513,-9999,-9999,0,-9999,-9999,-9999,-9999
GHCND:USC00210643,BEMIDJI MN US,20070514,-9999,-9999,0,-9999,-9999,-9999,-9999
GHCND:USC00210643,BEMIDJI MN US,20070515,-9999,-9999,0,-9999,-9999,-9999,-9999
GHCND:USC00210643,BEMIDJI MN US,20070516,-9999,-9999,3,-9999,-9999,-9999,-9999
GHCND:USC00210643,BEMIDJI MN US,20070517,-9999,-9999,0,-9999,-9999,-9999,-9999
GHCND:USC00210643,BEMIDJI MN US,20070518,-9999,-9999,0,-9999,-9999,-9999,-9999
GHCND:USC00210643,BEMIDJI MN US,20070519,-9999,-9999,5,-9999,-9999,-9999,-9999
GHCND:USC00210643,BEMIDJI MN US,20070520,-9999,-9999,0,-9999,-9999,-9999,-9999
GHCND:USC00210643,BEMIDJI MN US,20070521,-9999,-9999,10,-9999,-9999,-9999,-9999
GHCND:USC00210643,BEMIDJI MN US,20070522,-9999,-9999,107,-9999,-9999,-9999,-9999
GHCND:USC00210643,BEMIDJI MN US,20070523,-9999,-9999,152,-9999,-9999,-9999,-9999
GHCND:USC00210643,BEMIDJI MN US,20070524,-9999,-9999,0,-9999,-9999,-9999,-9999
GHCND:USC00210643,BEMIDJI MN US,20070525,-9999,-9999,0,-9999,-9999,-9999,-9999
GHCND:USC00210643,BEMIDJI MN US,20070526,-9999,-9999,0,-9999,-9999,-9999,-9999
GHCND:USC00210643,BEMIDJI MN US,20070527,-9999,-9999,84,-9999,-9999,-9999,-9999
GHCND:USC00210643,BEMIDJI MN US,20070528,-9999,-9999,0,-9999,-9999,-9999,-9999
GHCND:USC00210643,BEMIDJI MN US,20070529,-9999,-9999,0,-9999,-9999,-9999,-9999
GHCND:USC00210643,BEMIDJI MN US,20070530,-9999,-9999,13,-9999,-9999,-9999,-9999
GHCND:USC00210643,BEMIDJI MN US,20070531,-9999,-9999,43,-9999,-9999,-9999,-9999
GHCND:USC00210643,BEMIDJI MN US,20070601,-9999,-9999,0,-9999,-9999,-9999,-9999
GHCND:USC00210643,BEMIDJI MN US,20070602,-9999,-9999,8,-9999,-9999,-9999,-9999
GHCND:USC00210643,BEMIDJI MN US,20070603,-9999,-9999,264,-9999,-9999,-9999,-9999
GHCND:USC00210643,BEMIDJI MN US,20070604,-9999,-9999,0,-9999,-9999,-9999,-9999
GHCND:USC00210643,BEMIDJI MN US,20070605,-9999,-9999,0,-9999,-9999,-9999,-9999
GHCND:USC00210643,BEMIDJI MN US,20070606,-9999,-9999,0,-9999,-9999,-9999,-9999
GHCND:USC00210643,BEMIDJI MN US,20070607,-9999,-9999,76,-9999,-9999,-9999,-9999
GHCND:USC00210643,BEMIDJI MN US,20070608,-9999,-9999,269,-9999,-9999,-9999,-9999
GHCND:USC00210643,BEMIDJI MN US,20070609,-9999,-9999,0,-9999,-9999,-9999,-9999
GHCND:USC00210643,BEMIDJI MN US,20070610,-9999,-9999,150,-9999,-9999,-9999,-9999
GHCND:USC00210643,BEMIDJI MN US,20070611,-9999,-9999,0,-9999,-9999,-9999,-9999
GHCND:USC00210643,BEMIDJI MN US,20070612,-9999,-9999,0,-9999,-9999,-9999,-9999
GHCND:USC00210643,BEMIDJI MN US,20070613,-9999,-9999,0,-9999,-9999,-9999,-9999
GHCND:USC00210643,BEMIDJI MN US,20070614,-9999,-9999,18,-9999,-9999,-9999,-9999
GHCND:USC00210643,BEMIDJI MN US,20070615,-9999,-9999,13,-9999,-9999,-9999,-9999
GHCND:USC00210643,BEMIDJI MN US,20070616,-9999,-9999,0,-9999,-9999,-9999,-9999
GHCND:USC00210643,BEMIDJI MN US,20070617,-9999,-9999,43,-9999,-9999,-9999,-9999
GHCND:USC00210643,BEMIDJI MN US,20070618,-9999,-9999,155,-9999,-9999,-9999,-9999
GHCND:USC00210643,BEMIDJI MN US,20070619,-9999,-9999,3,-9999,-9999,-9999,-9999
GHCND:USC00210643,BEMIDJI MN US,20070620,-9999,-9999,0,-9999,-9999,-9999,-9999
GHCND:USC00210643,BEMIDJI MN US,20070621,-9999,-9999,0,-9999,-9999,-9999,-9999
GHCND:USC00210643,BEMIDJI MN US,20070622,-9999,-9999,0,-9999,-9999,-9999,-9999
GHCND:USC00210643,BEMIDJI MN US,20070623,-9999,-9999,41,-9999,-9999,-9999,-9999
GHCND:USC00210643,BEMIDJI MN US,20070624,-9999,-9999,0,-9999,-9999,-9999,-9999
GHCND:USC00210643,BEMIDJI MN US,20070625,-9999,-9999,0,-9999,-9999,-9999,-9999
GHCND:USC00210643,BEMIDJI MN US,20070626,-9999,-9999,0,-9999,-9999,-9999,-9999
GHCND:USC00210643,BEMIDJI MN US,20070627,-9999,-9999,0,-9999,-9999,-9999,-9999
GHCND:USC00210643,BEMIDJI MN US,20070628,-9999,-9999,0,-9999,-9999,-9999,-9999
GHCND:USC00210643,BEMIDJI MN US,20070629,-9999,-9999,0,-9999,-9999,-9999,-9999
GHCND:USC00210643,BEMIDJI MN US,20070630,-9999,-9999,0,-9999,-9999,-9999,-9999
GHCND:USC00210643,BEMIDJI MN US,20070701,-9999,-9999,0,-9999,-9999,-9999,-9999
GHCND:USC00210643,BEMIDJI MN US,20070702,-9999,-9999,3,-9999,-9999,-9999,-9999
GHCND:USC00210643,BEMIDJI MN US,20070703,-9999,-9999,3,-9999,-9999,-9999,-9999
GHCND:USC00210643,BEMIDJI MN US,20070704,-9999,-9999,0,-9999,-9999,-9999,-9999
GHCND:USC00210643,BEMIDJI MN US,20070705,-9999,-9999,0,-9999,-9999,-9999,-9999
GHCND:USC00210643,BEMIDJI MN US,20070706,-9999,-9999,0,-9999,-9999,-9999,-9999
GHCND:USC00210643,BEMIDJI MN US,20070707,-9999,-9999,0,-9999,-9999,-9999,-9999
GHCND:USC00210643,BEMIDJI MN US,20070708,-9999,-9999,0,-9999,-9999,-9999,-9999
GHCND:USC00210643,BEMIDJI MN US,20070709,-9999,-9999,0,-9999,-9999,-9999,-9999
GHCND:USC00210643,BEMIDJI MN US,20070710,-9999,-9999,251,-9999,-9999,-9999,-9999
GHCND:USC00210643,BEMIDJI MN US,20070711,-9999,-9999,3,-9999,-9999,-9999,-9999
GHCND:USC00210643,BEMIDJI MN US,20070712,-9999,-9999,23,-9999,-9999,-9999,-9999
GHCND:USC00210643,BEMIDJI MN US,20070713,-9999,-9999,0,-9999,-9999,-9999,-9999
GHCND:USC00210643,BEMIDJI MN US,20070714,-9999,-9999,277,-9999,-9999,-9999,-9999
GHCND:USC00210643,BEMIDJI MN US,20070715,-9999,-9999,0,-9999,-9999,-9999,-9999
GHCND:USC00210643,BEMIDJI MN US,20070716,-9999,-9999,0,-9999,-9999,-9999,-9999
GHCND:USC00210643,BEMIDJI MN US,20070717,-9999,-9999,0,-9999,-9999,-9999,-9999
GHCND:USC00210643,BEMIDJI MN US,20070718,-9999,-9999,0,-9999,-9999,-9999,-9999
GHCND:USC00210643,BEMIDJI MN US,20070719,-9999,-9999,0,-9999,-9999,-9999,-9999
GHCND:USC00210643,BEMIDJI MN US,20070720,-9999,-9999,0,-9999,-9999,-9999,-9999
GHCND:USC00210643,BEMIDJI MN US,20070721,-9999,-9999,0,-9999,-9999,-9999,-9999
GHCND:USC00210643,BEMIDJI MN US,20070722,-9999,-9999,3,-9999,-9999,-9999,-9999
GHCND:USC00210643,BEMIDJI MN US,20070723,-9999,-9999,0,-9999,-9999,-9999,-9999
GHCND:USC00210643,BEMIDJI MN US,20070724,-9999,-9999,0,-9999,-9999,-9999,-9999
GHCND:USC00210643,BEMIDJI MN US,20070725,-9999,-9999,0,-9999,-9999,-9999,-9999
GHCND:USC00210643,BEMIDJI MN US,20070726,-9999,-9999,0,-9999,-9999,-9999,-9999
GHCND:USC00210643,BEMIDJI MN US,20070727,-9999,-9999,150,-9999,-9999,-9999,-9999
GHCND:USC00210643,BEMIDJI MN US,20070728,-9999,-9999,0,-9999,-9999,-9999,-9999
GHCND:USC00210643,BEMIDJI MN US,20070729,-9999,-9999,0,-9999,-9999,-9999,-9999
GHCND:USC00210643,BEMIDJI MN US,20070730,-9999,-9999,0,-9999,-9999,-9999,-9999
GHCND:USC00210643,BEMIDJI MN US,20070731,-9999,-9999,0,-9999,-9999,-9999,-9999
GHCND:USC00210643,BEMIDJI MN US,20070801,-9999,-9999,0,-9999,-9999,-9999,-9999
GHCND:USC00210643,BEMIDJI MN US,20070802,-9999,-9999,10,-9999,-9999,-9999,-9999
GHCND:USC00210643,BEMIDJI MN US,20070803,-9999,-9999,0,-9999,-9999,-9999,-9999
GHCND:USC00210643,BEMIDJI MN US,20070804,-9999,-9999,0,-9999,-9999,-9999,-9999
GHCND:USC00210643,BEMIDJI MN US,20070805,-9999,-9999,0,-9999,-9999,-9999,-9999
GHCND:USC00210643,BEMIDJI MN US,20070806,-9999,-9999,0,-9999,-9999,-9999,-9999
GHCND:USC00210643,BEMIDJI MN US,20070807,-9999,-9999,0,-9999,-9999,-9999,-9999
GHCND:USC00210643,BEMIDJI MN US,20070808,-9999,-9999,0,-9999,-9999,-9999,-9999
GHCND:USC00210643,BEMIDJI MN US,20070809,-9999,-9999,0,-9999,-9999,-9999,-9999
GHCND:USC00210643,BEMIDJI MN US,20070810,-9999,-9999,0,-9999,-9999,-9999,-9999
GHCND:USC00210643,BEMIDJI MN US,20070811,-9999,-9999,0,-9999,-9999,-9999,-9999
GHCND:USC00210643,BEMIDJI MN US,20070812,-9999,-9999,0,-9999,-9999,-9999,-9999
GHCND:USC00210643,BEMIDJI MN US,20070813,-9999,-9999,0,-9999,-9999,-9999,-9999
GHCND:USC00210643,BEMIDJI MN US,20070814,-9999,-9999,0,-9999,-9999,-9999,-9999
GHCND:USC00210643,BEMIDJI MN US,20070815,-9999,-9999,0,-9999,-9999,-9999,-9999
GHCND:USC00210643,BEMIDJI MN US,20070816,-9999,-9999,0,-9999,-9999,-9999,-9999
GHCND:USC00210643,BEMIDJI MN US,20070817,-9999,-9999,0,-9999,-9999,-9999,-9999
GHCND:USC00210643,BEMIDJI MN US,20070818,-9999,-9999,0,-9999,-9999,-9999,-9999
GHCND:USC00210643,BEMIDJI MN US,20070819,-9999,-9999,0,-9999,-9999,-9999,-9999
GHCND:USC00210643,BEMIDJI MN US,20070820,-9999,-9999,0,-9999,-9999,-9999,-9999
GHCND:USC00210643,BEMIDJI MN US,20070821,-9999,-9999,0,-9999,-9999,-9999,-9999
GHCND:USC00210643,BEMIDJI MN US,20070822,-9999,-9999,0,-9999,-9999,-9999,-9999
GHCND:USC00210643,BEMIDJI MN US,20070823,-9999,-9999,0,-9999,-9999,-9999,-9999
GHCND:USC00210643,BEMIDJI MN US,20070824,-9999,-9999,0,-9999,-9999,-9999,-9999
GHCND:USC00210643,BEMIDJI MN US,20070825,-9999,-9999,0,-9999,-9999,-9999,-9999
GHCND:USC00210643,BEMIDJI MN US,20070826,-9999,-9999,0,-9999,-9999,-9999,-9999
GHCND:USC00210643,BEMIDJI MN US,20070827,-9999,-9999,0,-9999,-9999,-9999,-9999
GHCND:USC00210643,BEMIDJI MN US,20070828,-9999,-9999,0,-9999,-9999,-9999,-9999
GHCND:USC00210643,BEMIDJI MN US,20070829,-9999,-9999,0,-9999,-9999,-9999,-9999
GHCND:USC00210643,BEMIDJI MN US,20070830,-9999,-9999,0,-9999,-9999,-9999,-9999
GHCND:USC00210643,BEMIDJI MN US,20070831,-9999,-9999,0,-9999,-9999,-9999,-9999
GHCND:USC00210643,BEMIDJI MN US,20070901,-9999,-9999,0,-9999,-9999,-9999,-9999
GHCND:USC00210643,BEMIDJI MN US,20070902,-9999,-9999,0,-9999,-9999,-9999,-9999
GHCND:USC00210643,BEMIDJI MN US,20070903,-9999,-9999,0,-9999,-9999,-9999,-9999
GHCND:USC00210643,BEMIDJI MN US,20070904,-9999,-9999,0,-9999,-9999,-9999,-9999
GHCND:USC00210643,BEMIDJI MN US,20070905,-9999,-9999,0,-9999,-9999,-9999,-9999
GHCND:USC00210643,BEMIDJI MN US,20070910,-9999,-9999,0,-9999,-9999,-9999,-9999
GHCND:USC00210643,BEMIDJI MN US,20070911,-9999,-9999,3,-9999,-9999,-9999,-9999
GHCND:USC00210643,BEMIDJI MN US,20070912,-9999,-9999,0,-9999,-9999,-9999,-9999
GHCND:USC00210643,BEMIDJI MN US,20070914,-9999,-9999,0,-9999,-9999,-9999,-9999
GHCND:USC00210643,BEMIDJI MN US,20070915,-9999,-9999,0,-9999,-9999,-9999,-9999
GHCND:USC00210643,BEMIDJI MN US,20070916,-9999,-9999,0,-9999,-9999,-9999,-9999
GHCND:USC00210643,BEMIDJI MN US,20070917,-9999,-9999,0,-9999,-9999,-9999,-9999
GHCND:USC00210643,BEMIDJI MN US,20070923,-9999,-9999,0,-9999,-9999,-9999,-9999
GHCND:USC00210643,BEMIDJI MN US,20070924,-9999,-9999,0,-9999,-9999,-9999,-9999
GHCND:USC00210643,BEMIDJI MN US,20070928,-9999,-9999,0,-9999,0,-9999,-9999
GHCND:USC00210643,BEMIDJI MN US,20071002,-9999,-9999,0,-9999,0,-9999,-9999
GHCND:USC00210643,BEMIDJI MN US,20071004,-9999,-9999,0,-9999,0,-9999,-9999
GHCND:USC00210643,BEMIDJI MN US,20071009,-9999,-9999,-9999,-9999,13,-9999,-9999
GHCND:USC00210643,BEMIDJI MN US,20071012,-9999,-9999,-9999,-9999,0,-9999,-9999
GHCND:USC00210643,BEMIDJI MN US,20071014,-9999,-9999,0,-9999,0,-9999,-9999
GHCND:USC00210643,BEMIDJI MN US,20071015,-9999,-9999,0,-9999,0,-9999,-9999
GHCND:USC00210643,BEMIDJI MN US,20071016,-9999,-9999,-9999,-9999,0,-9999,-9999
GHCND:USC00210643,BEMIDJI MN US,20071021,-9999,-9999,0,-9999,0,-9999,-9999
GHCND:USC00210643,BEMIDJI MN US,20071022,-9999,-9999,0,-9999,-9999,-9999,-9999
GHCND:USC00210643,BEMIDJI MN US,20071023,-9999,-9999,0,-9999,-9999,-9999,-9999
GHCND:USC00210643,BEMIDJI MN US,20071024,-9999,-9999,0,-9999,-9999,-9999,-9999
GHCND:USC00210643,BEMIDJI MN US,20071025,-9999,-9999,0,-9999,-9999,-9999,-9999
GHCND:USC00210643,BEMIDJI MN US,20071026,-9999,-9999,0,-9999,0,-9999,-9999
GHCND:USC00210643,BEMIDJI MN US,20071027,-9999,-9999,0,-9999,0,-9999,-9999
GHCND:USC00210643,BEMIDJI MN US,20071028,-9999,-9999,0,-9999,-9999,-9999,-9999
GHCND:USC00210643,BEMIDJI MN US,20071029,-9999,-9999,0,-9999,0,-9999,-9999
GHCND:USC00210643,BEMIDJI MN US,20071030,-9999,-9999,0,-9999,0,-9999,-9999
GHCND:USC00210643,BEMIDJI MN US,20071101,-9999,-9999,0,-9999,-9999,-9999,-9999
GHCND:USC00210643,BEMIDJI MN US,20071102,-9999,-9999,0,-9999,-9999,-9999,-9999
GHCND:USC00210643,BEMIDJI MN US,20071103,-9999,-9999,0,-9999,0,-9999,-9999
GHCND:USC00210643,BEMIDJI MN US,20071104,-9999,-9999,0,-9999,-9999,-9999,-9999
GHCND:USC00210643,BEMIDJI MN US,20071105,-9999,-9999,-9999,-9999,0,-9999,-9999
GHCND:USC00210643,BEMIDJI MN US,20071107,-9999,-9999,0,-9999,0,-9999,-9999
GHCND:USC00210643,BEMIDJI MN US,20071108,-9999,-9999,0,-9999,-9999,-9999,-9999
GHCND:USC00210643,BEMIDJI MN US,20071109,-9999,-9999,0,-9999,-9999,-9999,-9999
GHCND:USC00210643,BEMIDJI MN US,20071110,-9999,-9999,0,-9999,-9999,-9999,-9999
GHCND:USC00210643,BEMIDJI MN US,20071111,-9999,-9999,0,-9999,-9999,-9999,-9999
GHCND:USC00210643,BEMIDJI MN US,20071112,-9999,-9999,0,-9999,-9999,-9999,-9999
GHCND:USC00210643,BEMIDJI MN US,20071113,-9999,-9999,0,-9999,0,-9999,-9999
GHCND:USC00210643,BEMIDJI MN US,20071114,-9999,-9999,0,-9999,-9999,-9999,-9999
GHCND:USC00210643,BEMIDJI MN US,20071116,-9999,-9999,0,-9999,0,-9999,-9999
GHCND:USC00210643,BEMIDJI MN US,20071117,-9999,-9999,0,-9999,0,-9999,-9999
GHCND:USC00210643,BEMIDJI MN US,20071118,-9999,-9999,0,0,0,-9999,-9999
GHCND:USC00210643,BEMIDJI MN US,20071119,-9999,-9999,-9999,-9999,0,-9999,-9999
GHCND:USC00210643,BEMIDJI MN US,20071120,-9999,-9999,0,-9999,0,-9999,-9999
GHCND:USC00210643,BEMIDJI MN US,20071121,-9999,-9999,0,0,0,-9999,-9999
GHCND:USC00210643,BEMIDJI MN US,20071122,-9999,-9999,0,-9999,-9999,-9999,-9999
GHCND:USC00210643,BEMIDJI MN US,20071124,-9999,-9999,3,-9999,0,-9999,-9999
GHCND:USC00210643,BEMIDJI MN US,20071125,-9999,-9999,0,-9999,0,-9999,-9999
GHCND:USC00210643,BEMIDJI MN US,20071126,-9999,-9999,0,-9999,-9999,-9999,-9999
GHCND:USC00210643,BEMIDJI MN US,20071127,-9999,-9999,5,25,18,-9999,-9999
GHCND:USC00210643,BEMIDJI MN US,20071128,-9999,-9999,0,-9999,-9999,-9999,-9999
GHCND:USC00210643,BEMIDJI MN US,20071129,-9999,-9999,0,-9999,-9999,-9999,-9999
GHCND:USC00210643,BEMIDJI MN US,20071130,-9999,-9999,-9999,25,0,-9999,-9999
GHCND:USC00210643,BEMIDJI MN US,20071201,-9999,-9999,0,-9999,0,-9999,-9999
GHCND:USC00210643,BEMIDJI MN US,20071203,-9999,-9999,-9999,203,-9999,-9999,-9999
GHCND:USC00210643,BEMIDJI MN US,20071204,-9999,-9999,25,203,25,-9999,-9999
GHCND:USC00210643,BEMIDJI MN US,20071205,-9999,-9999,38,305,102,-9999,-9999
GHCND:USC00210643,BEMIDJI MN US,20071206,-9999,-9999,5,305,8,-9999,-9999
GHCND:USC00210643,BEMIDJI MN US,20071207,-9999,-9999,0,305,3,-9999,-9999
GHCND:USC00210643,BEMIDJI MN US,20071208,-9999,-9999,0,-9999,0,-9999,-9999
GHCND:USC00210643,BEMIDJI MN US,20071209,-9999,-9999,0,-9999,-9999,-9999,-9999
GHCND:USC00210643,BEMIDJI MN US,20071210,-9999,-9999,0,-9999,-9999,-9999,-9999
GHCND:USC00210643,BEMIDJI MN US,20071211,-9999,-9999,0,-9999,-9999,-9999,-9999
GHCND:USC00210643,BEMIDJI MN US,20071212,-9999,-9999,0,-9999,-9999,-9999,-9999
GHCND:USC00210643,BEMIDJI MN US,20071213,-9999,-9999,0,-9999,-9999,-9999,-9999
GHCND:USC00210643,BEMIDJI MN US,20071214,-9999,-9999,0,229,-9999,-9999,-9999
GHCND:USC00210643,BEMIDJI MN US,20071215,-9999,-9999,0,-9999,0,-9999,-9999
GHCND:USC00210643,BEMIDJI MN US,20071216,-9999,-9999,0,-9999,0,-9999,-9999
GHCND:USC00210643,BEMIDJI MN US,20071217,-9999,-9999,0,203,-9999,-9999,-9999
GHCND:USC00210643,BEMIDJI MN US,20071218,-9999,-9999,0,203,0,-9999,-9999
GHCND:USC00210643,BEMIDJI MN US,20071219,-9999,-9999,0,203,0,-9999,-9999
GHCND:USC00210643,BEMIDJI MN US,20071220,-9999,-9999,0,-9999,0,-9999,-9999
GHCND:USC00210643,BEMIDJI MN US,20071221,-9999,-9999,0,-9999,-9999,-9999,-9999
GHCND:USC00210643,BEMIDJI MN US,20071222,-9999,-9999,43,229,51,-9999,-9999
GHCND:USC00210643,BEMIDJI MN US,20071223,-9999,-9999,5,229,5,-9999,-9999
GHCND:USC00210643,BEMIDJI MN US,20071224,-9999,-9999,0,229,0,-9999,-9999
GHCND:USC00210643,BEMIDJI MN US,20071226,-9999,-9999,0,229,0,-9999,-9999
GHCND:USC00210643,BEMIDJI MN US,20071227,-9999,-9999,5,229,5,-9999,-9999
GHCND:USC00210643,BEMIDJI MN US,20071228,-9999,-9999,0,229,0,-9999,-9999
GHCND:USC00210643,BEMIDJI MN US,20071229,-9999,-9999,-9999,229,0,-9999,-9999
GHCND:USC00210643,BEMIDJI MN US,20071230,-9999,-9999,5,229,-9999,-9999,-9999
GHCND:USC00210643,BEMIDJI MN US,20071231,-9999,-9999,0,229,0,-9999,-9999
GHCND:USC00210643,BEMIDJI MN US,20080101,-9999,-9999,3,229,-9999,-9999,-9999
GHCND:USC00210643,BEMIDJI MN US,20080102,-9999,-9999,0,229,0,-9999,-9999
GHCND:USC00210643,BEMIDJI MN US,20080103,-9999,-9999,0,229,0,-9999,-9999
GHCND:USC00210643,BEMIDJI MN US,20080104,-9999,-9999,0,229,0,-9999,-9999
GHCND:USC00210643,BEMIDJI MN US,20080105,-9999,-9999,0,-9999,0,-9999,-9999
GHCND:USC00210643,BEMIDJI MN US,20080106,-9999,-9999,0,-9999,0,-9999,-9999
GHCND:USC00210643,BEMIDJI MN US,20080107,-9999,-9999,0,254,-9999,-9999,-9999
GHCND:USC00210643,BEMIDJI MN US,20080108,-9999,-9999,0,229,0,-9999,-9999
GHCND:USC00210643,BEMIDJI MN US,20080109,-9999,-9999,0,229,0,-9999,-9999
GHCND:USC00210643,BEMIDJI MN US,20080110,-9999,-9999,0,229,0,-9999,-9999
GHCND:USC00210643,BEMIDJI MN US,20080111,-9999,-9999,0,229,-9999,-9999,-9999
GHCND:USC00210643,BEMIDJI MN US,20080112,-9999,-9999,3,-9999,0,-9999,-9999
GHCND:USC00210643,BEMIDJI MN US,20080113,-9999,-9999,0,-9999,0,-9999,-9999
GHCND:USC00210643,BEMIDJI MN US,20080114,-9999,-9999,0,229,-9999,-9999,-9999
GHCND:USC00210643,BEMIDJI MN US,20080115,-9999,-9999,0,229,0,-9999,-9999
GHCND:USC00210643,BEMIDJI MN US,20080116,-9999,-9999,3,229,0,-9999,-9999
GHCND:USC00210643,BEMIDJI MN US,20080117,-9999,-9999,0,229,0,-9999,-9999
GHCND:USC00210643,BEMIDJI MN US,20080118,-9999,-9999,0,-9999,0,-9999,-9999
GHCND:USC00210643,BEMIDJI MN US,20080119,-9999,-9999,0,229,0,-9999,-9999
GHCND:USC00210643,BEMIDJI MN US,20080120,-9999,-9999,0,229,0,-9999,-9999
GHCND:USC00210643,BEMIDJI MN US,20080121,-9999,-9999,-9999,-9999,0,-9999,-9999
GHCND:USC00210643,BEMIDJI MN US,20080122,-9999,-9999,-9999,-9999,0,-9999,-9999
GHCND:USC00210643,BEMIDJI MN US,20080123,-9999,-9999,0,229,0,-9999,-9999
GHCND:USC00210643,BEMIDJI MN US,20080124,-9999,-9999,0,229,0,-9999,-9999
GHCND:USC00210643,BEMIDJI MN US,20080125,-9999,-9999,0,-9999,0,-9999,-9999
GHCND:USC00210643,BEMIDJI MN US,20080126,-9999,-9999,0,-9999,-9999,-9999,-9999
GHCND:USC00210643,BEMIDJI MN US,20080127,-9999,-9999,0,-9999,-9999,-9999,-9999
GHCND:USC00210643,BEMIDJI MN US,20080131,-9999,-9999,0,-9999,0,-9999,-9999
GHCND:USC00210643,BEMIDJI MN US,20080201,-9999,-9999,0,-9999,0,-9999,-9999
GHCND:USC00210643,BEMIDJI MN US,20080202,-9999,-9999,0,229,0,-9999,-9999
GHCND:USC00210643,BEMIDJI MN US,20080203,-9999,-9999,0,229,0,-9999,-9999
GHCND:USC00210643,BEMIDJI MN US,20080204,-9999,-9999,0,254,-9999,-9999,-9999
GHCND:USC00210643,BEMIDJI MN US,20080205,-9999,-9999,13,254,13,-9999,-9999
GHCND:USC00210643,BEMIDJI MN US,20080207,-9999,-9999,-9999,-9999,0,-9999,-9999
GHCND:USC00210643,BEMIDJI MN US,20080208,-9999,-9999,-9999,-9999,0,-9999,-9999
GHCND:USC00210643,BEMIDJI MN US,20080209,-9999,-9999,10,279,25,-9999,-9999
GHCND:USC00210643,BEMIDJI MN US,20080211,-9999,-9999,0,279,0,-9999,-9999
GHCND:USC00210643,BEMIDJI MN US,20080212,-9999,-9999,0,279,0,-9999,-9999
GHCND:USC00210643,BEMIDJI MN US,20080213,-9999,-9999,-9999,279,0,-9999,-9999
GHCND:USC00210643,BEMIDJI MN US,20080214,-9999,-9999,33,330,64,-9999,-9999
GHCND:USC00210643,BEMIDJI MN US,20080215,-9999,-9999,0,-9999,-9999,-9999,-9999
GHCND:USC00210643,BEMIDJI MN US,20080217,-9999,-9999,-9999,330,0,-9999,-9999
GHCND:USC00210643,BEMIDJI MN US,20080219,-9999,-9999,0,330,0,-9999,-9999
GHCND:USC00210643,BEMIDJI MN US,20080220,-9999,-9999,0,330,0,-9999,-9999
GHCND:USC00210643,BEMIDJI MN US,20080221,-9999,-9999,0,330,0,-9999,-9999
GHCND:USC00210643,BEMIDJI MN US,20080222,-9999,-9999,0,-9999,-9999,-9999,-9999
GHCND:USC00210643,BEMIDJI MN US,20080223,-9999,-9999,-9999,-9999,0,-9999,-9999
GHCND:USC00210643,BEMIDJI MN US,20080224,-9999,-9999,-9999,-9999,0,-9999,-9999
GHCND:USC00210643,BEMIDJI MN US,20080225,-9999,-9999,0,-9999,0,-9999,-9999
GHCND:USC00210643,BEMIDJI MN US,20080226,-9999,-9999,0,330,0,-9999,-9999
GHCND:USC00210643,BEMIDJI MN US,20080227,-9999,-9999,0,330,0,-9999,-9999
GHCND:USC00210643,BEMIDJI MN US,20080228,-9999,-9999,0,330,0,-9999,-9999
GHCND:USC00210643,BEMIDJI MN US,20080229,-9999,-9999,18,356,25,-9999,-9999
GHCND:USC00210643,BEMIDJI MN US,20080301,-9999,-9999,0,279,0,-9999,-9999
GHCND:USC00210643,BEMIDJI MN US,20080302,-9999,-9999,0,279,0,-9999,-9999
GHCND:USC00210643,BEMIDJI MN US,20080303,-9999,-9999,-9999,-9999,20,-9999,-9999
GHCND:USC00210643,BEMIDJI MN US,20080304,-9999,-9999,-9999,-9999,0,-9999,-9999
GHCND:USC00210643,BEMIDJI MN US,20080305,-9999,-9999,-9999,330,0,-9999,-9999
GHCND:USC00210643,BEMIDJI MN US,20080306,-9999,-9999,0,330,0,-9999,-9999
GHCND:USC00210643,BEMIDJI MN US,20080307,-9999,-9999,-9999,-9999,0,-9999,-9999
GHCND:USC00210643,BEMIDJI MN US,20080308,-9999,-9999,-9999,-9999,0,-9999,-9999
GHCND:USC00210643,BEMIDJI MN US,20080309,-9999,-9999,0,-9999,-9999,-9999,-9999
GHCND:USC00210643,BEMIDJI MN US,20080311,-9999,-9999,0,-9999,0,-9999,-9999
GHCND:USC00210643,BEMIDJI MN US,20080312,-9999,-9999,0,-9999,0,-9999,-9999
GHCND:USC00210643,BEMIDJI MN US,20080313,-9999,-9999,10,-9999,-9999,-9999,-9999
GHCND:USC00210643,BEMIDJI MN US,20080314,-9999,-9999,0,-9999,0,-9999,-9999
GHCND:USC00210643,BEMIDJI MN US,20080315,-9999,-9999,0,-9999,0,-9999,-9999
GHCND:USC00210643,BEMIDJI MN US,20080316,-9999,-9999,0,-9999,0,-9999,-9999
GHCND:USC00210643,BEMIDJI MN US,20080318,-9999,-9999,8,203,0,-9999,-9999
GHCND:USC00210643,BEMIDJI MN US,20080319,-9999,-9999,0,203,0,-9999,-9999
GHCND:USC00210643,BEMIDJI MN US,20080320,-9999,-9999,0,-9999,0,-9999,-9999
GHCND:USC00210643,BEMIDJI MN US,20080321,-9999,-9999,0,-9999,0,-9999,-9999
GHCND:USC00210643,BEMIDJI MN US,20080322,-9999,-9999,13,-9999,13,-9999,-9999
GHCND:USC00210643,BEMIDJI MN US,20080323,-9999,-9999,0,-9999,0,-9999,-9999
GHCND:USC00210643,BEMIDJI MN US,20080324,-9999,-9999,0,127,0,-9999,-9999
GHCND:USC00210643,BEMIDJI MN US,20080325,-9999,-9999,13,152,13,-9999,-9999
GHCND:USC00210643,BEMIDJI MN US,20080326,-9999,-9999,0,-9999,0,-9999,-9999
GHCND:USC00210643,BEMIDJI MN US,20080327,-9999,-9999,0,152,0,-9999,-9999
GHCND:USC00210643,BEMIDJI MN US,20080329,-9999,-9999,0,-9999,-9999,-9999,-9999
GHCND:USC00210643,BEMIDJI MN US,20080330,-9999,-9999,0,-9999,-9999,-9999,-9999
GHCND:USC00210643,BEMIDJI MN US,20080331,-9999,-9999,0,-9999,0,-9999,-9999
GHCND:USC00210643,BEMIDJI MN US,20080401,-9999,-9999,0,-9999,0,-9999,-9999
GHCND:USC00210643,BEMIDJI MN US,20080402,-9999,-9999,0,-9999,0,-9999,-9999
GHCND:USC00210643,BEMIDJI MN US,20080403,-9999,-9999,0,-9999,0,-9999,-9999
GHCND:USC00210643,BEMIDJI MN US,20080405,-9999,-9999,0,-9999,-9999,-9999,-9999
GHCND:USC00210643,BEMIDJI MN US,20080406,-9999,-9999,61,-9999,114,-9999,-9999
GHCND:USC00210643,BEMIDJI MN US,20080407,-9999,-9999,173,356,356,-9999,-9999
GHCND:USC00210643,BEMIDJI MN US,20080408,-9999,-9999,-9999,254,-9999,-9999,-9999
GHCND:USC00210643,BEMIDJI MN US,20080409,-9999,-9999,0,152,0,-9999,-9999
GHCND:USC00210643,BEMIDJI MN US,20080410,-9999,-9999,0,-9999,0,-9999,-9999
GHCND:USC00210643,BEMIDJI MN US,20080411,-9999,-9999,99,-9999,203,-9999,-9999
GHCND:USC00210643,BEMIDJI MN US,20080412,-9999,-9999,0,-9999,0,-9999,-9999
GHCND:USC00210643,BEMIDJI MN US,20080413,-9999,-9999,0,-9999,0,-9999,-9999
GHCND:USC00210643,BEMIDJI MN US,20080414,-9999,-9999,0,178,0,-9999,-9999
GHCND:USC00210643,BEMIDJI MN US,20080415,-9999,-9999,0,-9999,-9999,-9999,-9999
GHCND:USC00210643,BEMIDJI MN US,20080416,-9999,-9999,0,25,0,-9999,-9999
GHCND:USC00210643,BEMIDJI MN US,20080417,-9999,-9999,0,0,0,-9999,-9999
GHCND:USC00210643,BEMIDJI MN US,20080418,-9999,-9999,0,0,0,-9999,-9999
GHCND:USC00210643,BEMIDJI MN US,20080419,-9999,-9999,0,-9999,0,-9999,-9999
GHCND:USC00210643,BEMIDJI MN US,20080420,-9999,-9999,0,-9999,-9999,-9999,-9999
GHCND:USC00210643,BEMIDJI MN US,20080421,-9999,-9999,0,0,0,-9999,-9999
GHCND:USC00210643,BEMIDJI MN US,20080422,-9999,-9999,5,-9999,-9999,-9999,-9999
GHCND:USC00210643,BEMIDJI MN US,20080423,-9999,-9999,0,-9999,-9999,-9999,-9999
GHCND:USC00210643,BEMIDJI MN US,20080424,-9999,-9999,191,-9999,-9999,-9999,-9999
GHCND:USC00210643,BEMIDJI MN US,20080425,-9999,-9999,30,-9999,-9999,-9999,-9999
GHCND:USC00210643,BEMIDJI MN US,20080426,-9999,-9999,-9999,203,203,-9999,-9999
GHCND:USC00210643,BEMIDJI MN US,20080427,-9999,-9999,249,254,102,-9999,-9999
GHCND:USC00210643,BEMIDJI MN US,20080428,-9999,-9999,0,-9999,0,-9999,-9999
GHCND:USC00210643,BEMIDJI MN US,20080502,-9999,-9999,0,0,-9999,-9999,-9999
GHCND:USC00210643,BEMIDJI MN US,20080503,-9999,-9999,3,-9999,-9999,-9999,-9999
GHCND:USC00210643,BEMIDJI MN US,20080504,-9999,-9999,0,-9999,-9999,-9999,-9999
GHCND:USC00210643,BEMIDJI MN US,20080505,-9999,-9999,0,0,0,-9999,-9999
GHCND:USC00210643,BEMIDJI MN US,20080506,-9999,-9999,0,-9999,0,-9999,-9999
GHCND:USC00210643,BEMIDJI MN US,20080507,-9999,-9999,81,-9999,-9999,-9999,-9999
GHCND:USC00210643,BEMIDJI MN US,20080508,-9999,-9999,0,-9999,-9999,-9999,-9999
GHCND:USC00210643,BEMIDJI MN US,20080509,-9999,-9999,0,-9999,-9999,-9999,-9999
GHCND:USC00210643,BEMIDJI MN US,20080512,-9999,-9999,0,-9999,-9999,-9999,-9999
GHCND:USC00210643,BEMIDJI MN US,20080513,-9999,-9999,0,-9999,-9999,-9999,-9999
GHCND:USC00210643,BEMIDJI MN US,20080514,-9999,-9999,0,-9999,-9999,-9999,-9999
GHCND:USC00210643,BEMIDJI MN US,20080516,-9999,-9999,0,-9999,-9999,-9999,-9999
GHCND:USC00210643,BEMIDJI MN US,20080517,-9999,-9999,0,-9999,-9999,-9999,-9999
GHCND:USC00210643,BEMIDJI MN US,20080518,-9999,-9999,0,-9999,-9999,-9999,-9999
GHCND:USC00210643,BEMIDJI MN US,20080519,-9999,-9999,0,-9999,-9999,-9999,-9999
GHCND:USC00210643,BEMIDJI MN US,20080521,-9999,-9999,0,-9999,-9999,-9999,-9999
GHCND:USC00210643,BEMIDJI MN US,20080522,-9999,-9999,0,-9999,-9999,-9999,-9999
GHCND:USC00210643,BEMIDJI MN US,20080523,-9999,-9999,0,-9999,-9999,-9999,-9999
GHCND:USC00210643,BEMIDJI MN US,20080524,-9999,-9999,0,-9999,-9999,-9999,-9999
GHCND:USC00210643,BEMIDJI MN US,20080525,-9999,-9999,0,-9999,-9999,-9999,-9999
GHCND:USC00210643,BEMIDJI MN US,20080526,-9999,-9999,5,-9999,-9999,-9999,-9999
GHCND:USC00210643,BEMIDJI MN US,20080527,-9999,-9999,0,-9999,-9999,-9999,-9999
GHCND:USC00210643,BEMIDJI MN US,20080528,-9999,-9999,0,-9999,-9999,-9999,-9999
GHCND:USC00210643,BEMIDJI MN US,20080529,-9999,-9999,0,-9999,-9999,-9999,-9999
GHCND:USC00210643,BEMIDJI MN US,20080601,-9999,-9999,-9999,0,0,-9999,-9999
GHCND:USC00210643,BEMIDJI MN US,20080602,-9999,-9999,0,-9999,-9999,-9999,-9999
GHCND:USC00210643,BEMIDJI MN US,20080603,-9999,-9999,0,-9999,-9999,-9999,-9999
GHCND:USC00210643,BEMIDJI MN US,20080608,-9999,-9999,0,-9999,-9999,-9999,-9999
GHCND:USC00210643,BEMIDJI MN US,20080611,-9999,-9999,0,-9999,-9999,-9999,-9999
GHCND:USC00210643,BEMIDJI MN US,20080616,-9999,-9999,0,-9999,-9999,-9999,-9999
GHCND:USC00210643,BEMIDJI MN US,20080617,-9999,-9999,0,-9999,-9999,-9999,-9999
GHCND:USC00210643,BEMIDJI MN US,20080618,-9999,-9999,0,-9999,-9999,-9999,-9999
GHCND:USC00210643,BEMIDJI MN US,20080620,-9999,-9999,0,-9999,-9999,-9999,-9999
GHCND:USC00210643,BEMIDJI MN US,20080621,-9999,-9999,0,-9999,-9999,-9999,-9999
GHCND:USC00210643,BEMIDJI MN US,20080622,-9999,-9999,0,-9999,-9999,-9999,-9999
GHCND:USC00210643,BEMIDJI MN US,20080623,-9999,-9999,0,-9999,-9999,-9999,-9999
GHCND:USC00210643,BEMIDJI MN US,20080624,-9999,-9999,0,-9999,-9999,-9999,-9999
GHCND:USC00210643,BEMIDJI MN US,20080625,-9999,-9999,0,-9999,-9999,-9999,-9999
GHCND:USC00210643,BEMIDJI MN US,20080626,-9999,-9999,0,-9999,-9999,-9999,-9999
GHCND:USC00210643,BEMIDJI MN US,20080628,-9999,-9999,25,-9999,-9999,-9999,-9999
GHCND:USC00210643,BEMIDJI MN US,20080630,-9999,-9999,0,-9999,-9999,-9999,-9999
GHCND:USC00210643,BEMIDJI MN US,20080701,-9999,-9999,0,-9999,-9999,-9999,-9999
GHCND:USC00210643,BEMIDJI MN US,20080703,-9999,-9999,0,-9999,-9999,-9999,-9999
GHCND:USC00210643,BEMIDJI MN US,20080704,-9999,-9999,0,-9999,-9999,-9999,-9999
GHCND:USC00210643,BEMIDJI MN US,20080705,-9999,-9999,0,-9999,-9999,-9999,-9999
GHCND:USC00210643,BEMIDJI MN US,20080706,-9999,-9999,0,-9999,-9999,-9999,-9999
GHCND:USC00210643,BEMIDJI MN US,20080707,-9999,-9999,0,-9999,-9999,-9999,-9999
GHCND:USC00210643,BEMIDJI MN US,20080708,-9999,-9999,86,-9999,-9999,-9999,-9999
GHCND:USC00210643,BEMIDJI MN US,20080709,-9999,-9999,0,-9999,-9999,-9999,-9999
GHCND:USC00210643,BEMIDJI MN US,20080714,-9999,-9999,0,-9999,-9999,-9999,-9999
GHCND:USC00210643,BEMIDJI MN US,20080715,-9999,-9999,0,-9999,-9999,-9999,-9999
GHCND:USC00210643,BEMIDJI MN US,20080716,-9999,-9999,0,-9999,-9999,-9999,-9999
GHCND:USC00210643,BEMIDJI MN US,20080718,-9999,-9999,0,-9999,-9999,-9999,-9999
GHCND:USC00210643,BEMIDJI MN US,20080719,-9999,-9999,0,-9999,-9999,-9999,-9999
GHCND:USC00210643,BEMIDJI MN US,20080722,-9999,-9999,0,-9999,-9999,-9999,-9999
GHCND:USC00210643,BEMIDJI MN US,20080723,-9999,-9999,0,-9999,-9999,-9999,-9999
GHCND:USC00210643,BEMIDJI MN US,20080724,-9999,-9999,8,-9999,-9999,-9999,-9999
GHCND:USC00210643,BEMIDJI MN US,20080725,-9999,-9999,0,-9999,-9999,-9999,-9999
GHCND:USC00210643,BEMIDJI MN US,20080726,-9999,-9999,0,-9999,-9999,-9999,-9999
GHCND:USC00210643,BEMIDJI MN US,20080727,-9999,-9999,0,-9999,-9999,-9999,-9999
GHCND:USC00210643,BEMIDJI MN US,20080728,-9999,-9999,0,-9999,-9999,-9999,-9999
GHCND:USC00210643,BEMIDJI MN US,20080730,-9999,-9999,0,-9999,-9999,-9999,-9999
GHCND:USC00210643,BEMIDJI MN US,20080731,-9999,-9999,0,-9999,-9999,-9999,-9999
GHCND:USC00210643,BEMIDJI MN US,20080801,-9999,-9999,0,-9999,-9999,-9999,-9999
GHCND:USC00210643,BEMIDJI MN US,20080802,-9999,-9999,0,-9999,-9999,-9999,-9999
GHCND:USC00210643,BEMIDJI MN US,20080803,-9999,-9999,0,-9999,-9999,-9999,-9999
GHCND:USC00210643,BEMIDJI MN US,20080805,-9999,-9999,0,-9999,-9999,-9999,-9999
GHCND:USC00210643,BEMIDJI MN US,20080806,-9999,-9999,0,-9999,-9999,-9999,-9999
GHCND:USC00210643,BEMIDJI MN US,20080808,-9999,-9999,0,-9999,-9999,-9999,-9999
GHCND:USC00210643,BEMIDJI MN US,20080809,-9999,-9999,0,-9999,-9999,-9999,-9999
GHCND:USC00210643,BEMIDJI MN US,20080810,-9999,-9999,0,-9999,-9999,-9999,-9999
GHCND:USC00210643,BEMIDJI MN US,20080811,-9999,-9999,0,-9999,-9999,-9999,-9999
GHCND:USC00210643,BEMIDJI MN US,20080815,-9999,-9999,0,-9999,-9999,-9999,-9999
GHCND:USC00210643,BEMIDJI MN US,20080816,-9999,-9999,0,-9999,-9999,-9999,-9999
GHCND:USC00210643,BEMIDJI MN US,20080817,-9999,-9999,0,-9999,-9999,-9999,-9999
GHCND:USC00210643,BEMIDJI MN US,20080818,-9999,-9999,0,-9999,-9999,-9999,-9999
GHCND:USC00210643,BEMIDJI MN US,20080819,-9999,-9999,0,-9999,-9999,-9999,-9999
GHCND:USC00210643,BEMIDJI MN US,20080820,-9999,-9999,0,-9999,-9999,-9999,-9999
GHCND:USC00210643,BEMIDJI MN US,20080821,-9999,-9999,0,-9999,-9999,-9999,-9999
GHCND:USC00210643,BEMIDJI MN US,20080822,-9999,-9999,0,-9999,-9999,-9999,-9999
GHCND:USC00210643,BEMIDJI MN US,20080823,-9999,-9999,15,-9999,-9999,-9999,-9999
GHCND:USC00210643,BEMIDJI MN US,20080825,-9999,-9999,0,-9999,-9999,-9999,-9999
GHCND:USC00210643,BEMIDJI MN US,20080826,-9999,-9999,0,-9999,-9999,-9999,-9999
GHCND:USC00210643,BEMIDJI MN US,20080827,-9999,-9999,147,-9999,-9999,-9999,-9999
GHCND:USC00210643,BEMIDJI MN US,20080828,-9999,-9999,5,-9999,-9999,-9999,-9999
GHCND:USC00210643,BEMIDJI MN US,20080830,-9999,-9999,0,-9999,-9999,-9999,-9999
GHCND:USC00210643,BEMIDJI MN US,20080831,-9999,-9999,0,-9999,-9999,-9999,-9999
GHCND:USC00210643,BEMIDJI MN US,20080901,-9999,-9999,0,-9999,-9999,-9999,-9999
GHCND:USC00210643,BEMIDJI MN US,20080905,-9999,-9999,185,-9999,-9999,-9999,-9999
GHCND:USC00210643,BEMIDJI MN US,20080909,-9999,-9999,0,-9999,-9999,-9999,-9999
GHCND:USC00210643,BEMIDJI MN US,20080911,-9999,-9999,483,-9999,-9999,-9999,-9999
GHCND:USC00210643,BEMIDJI MN US,20080913,-9999,-9999,0,-9999,-9999,-9999,-9999
GHCND:USC00210643,BEMIDJI MN US,20080914,-9999,-9999,94,-9999,-9999,-9999,-9999
GHCND:USC00210643,BEMIDJI MN US,20080915,-9999,-9999,99,-9999,-9999,-9999,-9999
GHCND:USC00210643,BEMIDJI MN US,20080916,-9999,-9999,0,-9999,-9999,-9999,-9999
GHCND:USC00210643,BEMIDJI MN US,20080917,-9999,-9999,0,-9999,-9999,-9999,-9999
GHCND:USC00210643,BEMIDJI MN US,20080918,-9999,-9999,0,-9999,-9999,-9999,-9999
GHCND:USC00210643,BEMIDJI MN US,20080919,-9999,-9999,0,-9999,-9999,-9999,-9999
GHCND:USC00210643,BEMIDJI MN US,20080920,-9999,-9999,0,-9999,-9999,-9999,-9999
GHCND:USC00210643,BEMIDJI MN US,20080921,-9999,-9999,0,-9999,-9999,-9999,-9999
GHCND:USC00210643,BEMIDJI MN US,20080922,-9999,-9999,0,-9999,-9999,-9999,-9999
GHCND:USC00210643,BEMIDJI MN US,20080923,-9999,-9999,15,-9999,-9999,-9999,-9999
GHCND:USC00210643,BEMIDJI MN US,20080925,-9999,-9999,0,-9999,-9999,-9999,-9999
GHCND:USC00210643,BEMIDJI MN US,20080928,-9999,-9999,0,-9999,-9999,-9999,-9999
GHCND:USC00210643,BEMIDJI MN US,20080930,-9999,-9999,0,-9999,-9999,-9999,-9999
GHCND:USC00210643,BEMIDJI MN US,20081001,-9999,-9999,0,-9999,-9999,-9999,-9999
GHCND:USC00210643,BEMIDJI MN US,20081002,-9999,-9999,0,-9999,-9999,-9999,-9999
GHCND:USC00210643,BEMIDJI MN US,20081003,-9999,-9999,0,-9999,-9999,-9999,-9999
GHCND:USC00210643,BEMIDJI MN US,20081004,-9999,-9999,0,-9999,-9999,-9999,-9999
GHCND:USC00210643,BEMIDJI MN US,20081005,-9999,-9999,0,-9999,-9999,-9999,-9999
GHCND:USC00210643,BEMIDJI MN US,20081008,-9999,-9999,13,-9999,-9999,-9999,-9999
GHCND:USC00210643,BEMIDJI MN US,20081009,-9999,-9999,0,-9999,-9999,-9999,-9999
GHCND:USC00210643,BEMIDJI MN US,20081010,-9999,-9999,0,-9999,-9999,-9999,-9999
GHCND:USC00210643,BEMIDJI MN US,20081015,-9999,-9999,0,-9999,-9999,-9999,-9999
GHCND:USC00210643,BEMIDJI MN US,20081016,-9999,-9999,0,-9999,-9999,-9999,-9999
GHCND:USC00210643,BEMIDJI MN US,20081018,-9999,-9999,0,-9999,-9999,-9999,-9999
GHCND:USC00210643,BEMIDJI MN US,20081019,-9999,-9999,0,-9999,-9999,-9999,-9999
GHCND:USC00210643,BEMIDJI MN US,20081020,-9999,-9999,0,-9999,-9999,-9999,-9999
GHCND:USC00210643,BEMIDJI MN US,20081021,-9999,-9999,0,-9999,-9999,-9999,-9999
GHCND:USC00210643,BEMIDJI MN US,20081025,-9999,-9999,48,-9999,-9999,-9999,-9999
GHCND:USC00210643,BEMIDJI MN US,20081026,-9999,-9999,-9999,-9999,0,-9999,-9999
GHCND:USC00210643,BEMIDJI MN US,20081027,-9999,-9999,-9999,-9999,0,-9999,-9999
GHCND:USC00210643,BEMIDJI MN US,20081028,-9999,-9999,0,-9999,-9999,-9999,-9999
GHCND:USC00210643,BEMIDJI MN US,20081029,-9999,-9999,0,-9999,-9999,-9999,-9999
GHCND:USC00210643,BEMIDJI MN US,20081030,-9999,-9999,0,-9999,-9999,-9999,-9999
GHCND:USC00210643,BEMIDJI MN US,20081101,-9999,-9999,0,-9999,-9999,-9999,-9999
GHCND:USC00210643,BEMIDJI MN US,20081103,-9999,-9999,0,-9999,-9999,-9999,-9999
GHCND:USC00210643,BEMIDJI MN US,20081104,-9999,-9999,0,-9999,-9999,-9999,-9999
GHCND:USC00210643,BEMIDJI MN US,20081108,-9999,-9999,0,-9999,-9999,-9999,-9999
GHCND:USC00210643,BEMIDJI MN US,20081109,-9999,-9999,0,-9999,-9999,-9999,-9999
GHCND:USC00210643,BEMIDJI MN US,20081110,-9999,-9999,0,-9999,-9999,-9999,-9999
GHCND:USC00210643,BEMIDJI MN US,20081111,-9999,-9999,0,-9999,-9999,-9999,-9999
GHCND:USC00210643,BEMIDJI MN US,20081112,-9999,-9999,0,-9999,-9999,-9999,-9999
GHCND:USC00210643,BEMIDJI MN US,20081113,-9999,-9999,10,-9999,-9999,-9999,-9999
GHCND:USC00210643,BEMIDJI MN US,20081114,-9999,-9999,0,-9999,-9999,-9999,-9999
GHCND:USC00210643,BEMIDJI MN US,20081115,-9999,-9999,13,-9999,5,-9999,-9999
GHCND:USC00210643,BEMIDJI MN US,20081116,-9999,-9999,0,-9999,0,-9999,-9999
GHCND:USC00210643,BEMIDJI MN US,20081117,-9999,-9999,-9999,-9999,0,-9999,-9999
GHCND:USC00210643,BEMIDJI MN US,20081119,-9999,-9999,0,0,0,-9999,-9999
GHCND:USC00210643,BEMIDJI MN US,20081120,-9999,-9999,0,-9999,0,-9999,-9999
GHCND:USC00210643,BEMIDJI MN US,20081121,-9999,-9999,0,0,0,-9999,-9999
GHCND:USC00210643,BEMIDJI MN US,20081122,-9999,-9999,0,-9999,-9999,-9999,-9999
GHCND:USC00210643,BEMIDJI MN US,20081123,-9999,-9999,0,-9999,-9999,-9999,-9999
GHCND:USC00210643,BEMIDJI MN US,20081124,-9999,-9999,0,-9999,0,-9999,-9999
GHCND:USC00210643,BEMIDJI MN US,20081125,-9999,-9999,0,-9999,0,-9999,-9999
GHCND:USC00210643,BEMIDJI MN US,20081129,-9999,-9999,0,-9999,-9999,-9999,-9999
GHCND:USC00210643,BEMIDJI MN US,20081130,-9999,-9999,0,-9999,-9999,-9999,-9999
GHCND:USC00210643,BEMIDJI MN US,20081201,-9999,-9999,0,-9999,0,-9999,-9999
GHCND:USC00210643,BEMIDJI MN US,20081204,-9999,-9999,0,-9999,0,-9999,-9999
GHCND:USC00210643,BEMIDJI MN US,20081205,-9999,-9999,0,-9999,0,-9999,-9999
GHCND:USC00210643,BEMIDJI MN US,20081206,-9999,-9999,18,25,25,-9999,-9999
GHCND:USC00210643,BEMIDJI MN US,20081207,-9999,-9999,0,-9999,0,-9999,-9999
GHCND:USC00210643,BEMIDJI MN US,20081208,-9999,-9999,20,102,64,-9999,-9999
GHCND:USC00210643,BEMIDJI MN US,20081209,-9999,-9999,-9999,102,-9999,-9999,-9999
GHCND:USC00210643,BEMIDJI MN US,20081210,-9999,-9999,5,102,5,-9999,-9999
GHCND:USC00210643,BEMIDJI MN US,20081211,-9999,-9999,20,102,13,-9999,-9999
GHCND:USC00210643,BEMIDJI MN US,20081212,-9999,-9999,5,-9999,0,-9999,-9999
GHCND:USC00210643,BEMIDJI MN US,20081215,-9999,-9999,76,254,152,-9999,-9999
GHCND:USC00210643,BEMIDJI MN US,20081216,-9999,-9999,0,254,0,-9999,-9999
GHCND:USC00210643,BEMIDJI MN US,20081217,-9999,-9999,0,254,0,-9999,-9999
GHCND:USC00210643,BEMIDJI MN US,20081218,-9999,-9999,0,254,0,-9999,-9999
GHCND:USC00210643,BEMIDJI MN US,20081219,-9999,-9999,8,254,5,-9999,-9999
GHCND:USC00210643,BEMIDJI MN US,20081220,-9999,-9999,13,279,25,-9999,-9999
GHCND:USC00210643,BEMIDJI MN US,20081221,-9999,-9999,46,305,76,-9999,-9999
GHCND:USC00210643,BEMIDJI MN US,20081223,-9999,-9999,18,330,25,-9999,-9999
GHCND:USC00210643,BEMIDJI MN US,20081224,-9999,-9999,18,330,30,-9999,-9999
GHCND:USC00210643,BEMIDJI MN US,20081226,-9999,-9999,0,305,0,-9999,-9999
GHCND:USC00210643,BEMIDJI MN US,20081227,-9999,-9999,0,305,0,-9999,-9999
GHCND:USC00210643,BEMIDJI MN US,20081228,-9999,-9999,-9999,305,-9999,-9999,-9999
GHCND:USC00210643,BEMIDJI MN US,20081229,-9999,-9999,-9999,305,13,-9999,-9999
GHCND:USC00210643,BEMIDJI MN US,20081230,-9999,-9999,0,305,0,-9999,-9999
GHCND:USC00210643,BEMIDJI MN US,20081231,-9999,-9999,0,305,0,-9999,-9999
