STATION,STATION_NAME,DATE,MDPR,DAPR,PRCP,SNWD,SNOW,TMAX,TMIN,TOBS
GHCND:USC00481840,CODY WY US,20070101,-9999,-9999,0,0,0,44,-106,-44
GHCND:USC00481840,CODY WY US,20070102,-9999,-9999,0,0,0,106,-56,83
GHCND:USC00481840,CODY WY US,20070103,-9999,-9999,0,0,0,122,-56,61
GHCND:USC00481840,CODY WY US,20070104,-9999,-9999,8,0,25,67,-22,-11
GHCND:USC00481840,CODY WY US,20070105,-9999,-9999,0,0,0,-6,-61,-39
GHCND:USC00481840,CODY WY US,20070106,-9999,-9999,0,0,0,-11,-56,-22
GHCND:USC00481840,CODY WY US,20070107,-9999,-9999,0,0,0,11,-78,6
GHCND:USC00481840,CODY WY US,20070108,-9999,-9999,0,0,0,67,-28,-28
GHCND:USC00481840,CODY WY US,20070109,-9999,-9999,0,0,0,89,-89,72
GHCND:USC00481840,CODY WY US,20070110,-9999,-9999,0,0,0,78,17,33
GHCND:USC00481840,CODY WY US,20070111,-9999,-9999,53,102,102,33,-217,-217
GHCND:USC00481840,CODY WY US,20070112,-9999,-9999,0,102,0,-172,-267,-200
GHCND:USC00481840,CODY WY US,20070113,-9999,-9999,0,102,0,-122,-228,-167
GHCND:USC00481840,CODY WY US,20070114,-9999,-9999,0,102,0,-94,-200,-144
GHCND:USC00481840,CODY WY US,20070115,-9999,-9999,0,102,0,-100,-222,-128
GHCND:USC00481840,CODY WY US,20070116,-9999,-9999,0,102,0,-17,-183,-94
GHCND:USC00481840,CODY WY US,20070117,-9999,-9999,0,0,0,-28,-144,-67
GHCND:USC00481840,CODY WY US,20070118,-9999,-9999,8,25,0,-33,-156,-83
GHCND:USC00481840,CODY WY US,20070119,-9999,-9999,0,0,0,-22,-139,-56
GHCND:USC00481840,CODY WY US,20070120,-9999,-9999,0,0,0,17,-100,-22
GHCND:USC00481840,CODY WY US,20070121,-9999,-9999,0,0,0,-17,-100,-44
GHCND:USC00481840,CODY WY US,20070122,-9999,-9999,0,0,0,0,-128,-56
GHCND:USC00481840,CODY WY US,20070123,-9999,-9999,0,0,0,83,-89,-11
GHCND:USC00481840,CODY WY US,20070124,-9999,-9999,0,0,0,56,-67,6
GHCND:USC00481840,CODY WY US,20070125,-9999,-9999,0,0,0,72,-61,28
GHCND:USC00481840,CODY WY US,20070126,-9999,-9999,0,0,0,100,-22,-6
GHCND:USC00481840,CODY WY US,20070127,-9999,-9999,0,0,0,-6,-133,-56
GHCND:USC00481840,CODY WY US,20070128,-9999,-9999,0,0,0,11,-156,-11
GHCND:USC00481840,CODY WY US,20070129,-9999,-9999,0,0,0,-11,-106,-44
GHCND:USC00481840,CODY WY US,20070130,-9999,-9999,0,0,0,-17,-150,-50
GHCND:USC00481840,CODY WY US,20070131,-9999,-9999,15,51,0,-50,-111,-94
GHCND:USC00481840,CODY WY US,20070201,-9999,-9999,8,25,0,-89,-189,-189
GHCND:USC00481840,CODY WY US,20070202,-9999,-9999,0,0,0,-33,-261,-61
GHCND:USC00481840,CODY WY US,20070203,-9999,-9999,0,0,0,22,-128,-44
GHCND:USC00481840,CODY WY US,20070204,-9999,-9999,0,0,0,94,-117,83
GHCND:USC00481840,CODY WY US,20070205,-9999,-9999,0,0,0,150,44,122
GHCND:USC00481840,CODY WY US,20070206,-9999,-9999,0,0,0,128,61,61
GHCND:USC00481840,CODY WY US,20070207,-9999,-9999,0,0,0,56,-44,-22
GHCND:USC00481840,CODY WY US,20070208,-9999,-9999,0,0,0,-22,-72,-67
GHCND:USC00481840,CODY WY US,20070209,-9999,-9999,0,0,0,-17,-83,-44
GHCND:USC00481840,CODY WY US,20070210,-9999,-9999,0,0,0,44,-83,33
GHCND:USC00481840,CODY WY US,20070211,-9999,-9999,0,0,0,89,-67,33
GHCND:USC00481840,CODY WY US,20070212,-9999,-9999,0,0,0,33,-117,-111
GHCND:USC00481840,CODY WY US,20070213,-9999,-9999,10,0,25,-72,-150,-100
GHCND:USC00481840,CODY WY US,20070214,-9999,-9999,18,25,51,-94,-161,-111
GHCND:USC00481840,CODY WY US,20070215,-9999,-9999,0,0,0,50,-172,33
GHCND:USC00481840,CODY WY US,20070216,-9999,-9999,0,0,0,78,-6,28
GHCND:USC00481840,CODY WY US,20070217,-9999,-9999,0,0,0,100,-61,83
GHCND:USC00481840,CODY WY US,20070218,-9999,-9999,0,0,0,122,-22,78
GHCND:USC00481840,CODY WY US,20070219,-9999,-9999,13,0,25,78,-39,17
GHCND:USC00481840,CODY WY US,20070220,-9999,-9999,0,0,0,72,-6,56
GHCND:USC00481840,CODY WY US,20070221,-9999,-9999,79,76,127,56,-33,-33
GHCND:USC00481840,CODY WY US,20070222,-9999,-9999,0,0,0,89,-94,56
GHCND:USC00481840,CODY WY US,20070223,-9999,-9999,0,0,0,72,-11,11
GHCND:USC00481840,CODY WY US,20070224,-9999,-9999,5,0,0,22,-94,0
GHCND:USC00481840,CODY WY US,20070225,-9999,-9999,0,0,0,56,-33,33
GHCND:USC00481840,CODY WY US,20070226,-9999,-9999,0,0,0,44,-61,11
GHCND:USC00481840,CODY WY US,20070227,-9999,-9999,0,0,0,39,-61,-6
GHCND:USC00481840,CODY WY US,20070228,-9999,-9999,0,0,0,33,-78,11
GHCND:USC00481840,CODY WY US,20070301,-9999,-9999,0,0,0,17,-67,-39
GHCND:USC00481840,CODY WY US,20070302,-9999,-9999,0,0,0,-17,-117,-33
GHCND:USC00481840,CODY WY US,20070303,-9999,-9999,0,0,0,67,-111,56
GHCND:USC00481840,CODY WY US,20070304,-9999,-9999,0,0,0,128,-50,100
GHCND:USC00481840,CODY WY US,20070305,-9999,-9999,0,0,0,133,-11,100
GHCND:USC00481840,CODY WY US,20070306,-9999,-9999,0,0,0,150,33,128
GHCND:USC00481840,CODY WY US,20070307,-9999,-9999,0,0,0,167,17,150
GHCND:USC00481840,CODY WY US,20070308,-9999,-9999,0,0,0,150,44,89
GHCND:USC00481840,CODY WY US,20070309,-9999,-9999,0,0,0,133,39,100
GHCND:USC00481840,CODY WY US,20070310,-9999,-9999,0,0,0,117,39,106
GHCND:USC00481840,CODY WY US,20070311,-9999,-9999,0,0,0,156,50,139
GHCND:USC00481840,CODY WY US,20070312,-9999,-9999,0,0,0,217,117,194
GHCND:USC00481840,CODY WY US,20070313,-9999,-9999,0,0,0,206,117,167
GHCND:USC00481840,CODY WY US,20070314,-9999,-9999,0,0,0,172,-17,117
GHCND:USC00481840,CODY WY US,20070315,-9999,-9999,0,0,0,117,-44,83
GHCND:USC00481840,CODY WY US,20070316,-9999,-9999,0,0,0,183,-11,172
GHCND:USC00481840,CODY WY US,20070317,-9999,-9999,0,0,0,206,78,194
GHCND:USC00481840,CODY WY US,20070318,-9999,-9999,0,0,0,194,67,128
GHCND:USC00481840,CODY WY US,20070319,-9999,-9999,0,0,0,194,-22,183
GHCND:USC00481840,CODY WY US,20070320,-9999,-9999,0,0,0,189,44,156
GHCND:USC00481840,CODY WY US,20070321,-9999,-9999,0,0,0,156,17,106
GHCND:USC00481840,CODY WY US,20070322,-9999,-9999,0,0,0,150,33,144
GHCND:USC00481840,CODY WY US,20070323,-9999,-9999,0,0,0,156,72,133
GHCND:USC00481840,CODY WY US,20070324,-9999,-9999,0,0,0,200,6,189
GHCND:USC00481840,CODY WY US,20070325,-9999,-9999,0,0,0,211,78,183
GHCND:USC00481840,CODY WY US,20070326,-9999,-9999,0,0,0,206,28,172
GHCND:USC00481840,CODY WY US,20070327,-9999,-9999,0,0,0,222,17,150
GHCND:USC00481840,CODY WY US,20070328,-9999,-9999,15,25,25,150,-11,-11
GHCND:USC00481840,CODY WY US,20070329,-9999,-9999,0,0,0,-6,-44,-33
GHCND:USC00481840,CODY WY US,20070330,-9999,-9999,155,254,254,-28,-61,-39
GHCND:USC00481840,CODY WY US,20070331,-9999,-9999,86,178,102,72,-89,61
GHCND:USC00481840,CODY WY US,20070401,-9999,-9999,0,0,0,67,-17,44
GHCND:USC00481840,CODY WY US,20070402,-9999,-9999,15,0,25,50,-17,6
GHCND:USC00481840,CODY WY US,20070403,-9999,-9999,33,-9999,25,28,-44,11
GHCND:USC00481840,CODY WY US,20070404,-9999,-9999,0,0,0,67,-50,61
GHCND:USC00481840,CODY WY US,20070405,-9999,-9999,41,0,76,67,-11,33
GHCND:USC00481840,CODY WY US,20070406,-9999,-9999,0,0,0,33,-33,-22
GHCND:USC00481840,CODY WY US,20070407,-9999,-9999,0,0,0,-6,-61,-11
GHCND:USC00481840,CODY WY US,20070408,-9999,-9999,0,0,0,117,-50,106
GHCND:USC00481840,CODY WY US,20070409,-9999,-9999,0,0,0,156,22,133
GHCND:USC00481840,CODY WY US,20070410,-9999,-9999,0,0,0,139,-11,44
GHCND:USC00481840,CODY WY US,20070411,-9999,-9999,0,0,0,61,-6,33
GHCND:USC00481840,CODY WY US,20070412,-9999,-9999,0,0,0,83,-39,61
GHCND:USC00481840,CODY WY US,20070413,-9999,-9999,0,0,0,128,-50,128
GHCND:USC00481840,CODY WY US,20070414,-9999,-9999,0,0,0,194,28,189
GHCND:USC00481840,CODY WY US,20070415,-9999,-9999,0,0,0,194,89,150
GHCND:USC00481840,CODY WY US,20070416,-9999,-9999,0,0,0,156,33,150
GHCND:USC00481840,CODY WY US,20070417,-9999,-9999,0,0,0,206,11,189
GHCND:USC00481840,CODY WY US,20070418,-9999,-9999,0,0,0,194,50,128
GHCND:USC00481840,CODY WY US,20070419,-9999,-9999,150,0,76,133,6,67
GHCND:USC00481840,CODY WY US,20070420,-9999,-9999,0,0,0,128,-6,89
GHCND:USC00481840,CODY WY US,20070421,-9999,-9999,0,0,0,117,17,117
GHCND:USC00481840,CODY WY US,20070422,-9999,-9999,0,0,0,161,6,133
GHCND:USC00481840,CODY WY US,20070423,-9999,-9999,117,0,0,133,50,94
GHCND:USC00481840,CODY WY US,20070424,-9999,-9999,0,0,0,161,44,150
GHCND:USC00481840,CODY WY US,20070425,-9999,-9999,0,0,0,189,61,183
GHCND:USC00481840,CODY WY US,20070426,-9999,-9999,46,0,0,183,39,122
GHCND:USC00481840,CODY WY US,20070427,-9999,-9999,0,0,0,206,39,189
GHCND:USC00481840,CODY WY US,20070428,-9999,-9999,0,0,0,261,94,256
GHCND:USC00481840,CODY WY US,20070429,-9999,-9999,0,0,0,272,83,239
GHCND:USC00481840,CODY WY US,20070430,-9999,-9999,0,0,0,250,106,183
GHCND:USC00481840,CODY WY US,20070501,-9999,-9999,0,0,0,256,44,239
GHCND:USC00481840,CODY WY US,20070502,-9999,-9999,0,0,0,250,100,167
GHCND:USC00481840,CODY WY US,20070503,-9999,-9999,5,0,0,167,94,128
GHCND:USC00481840,CODY WY US,20070504,-9999,-9999,0,0,0,139,6,106
GHCND:USC00481840,CODY WY US,20070505,-9999,-9999,36,0,0,106,0,33
GHCND:USC00481840,CODY WY US,20070506,-9999,-9999,0,0,0,144,33,139
GHCND:USC00481840,CODY WY US,20070507,-9999,-9999,0,0,0,206,28,200
GHCND:USC00481840,CODY WY US,20070508,-9999,-9999,0,0,0,239,56,233
GHCND:USC00481840,CODY WY US,20070509,-9999,-9999,0,0,0,267,100,228
GHCND:USC00481840,CODY WY US,20070510,-9999,-9999,10,0,0,250,83,211
GHCND:USC00481840,CODY WY US,20070511,-9999,-9999,13,0,0,267,56,250
GHCND:USC00481840,CODY WY US,20070512,-9999,-9999,0,0,0,300,83,289
GHCND:USC00481840,CODY WY US,20070513,-9999,-9999,0,0,0,294,128,256
GHCND:USC00481840,CODY WY US,20070514,-9999,-9999,0,0,0,256,78,133
GHCND:USC00481840,CODY WY US,20070515,-9999,-9999,0,0,0,211,33,206
GHCND:USC00481840,CODY WY US,20070516,-9999,-9999,0,0,0,250,50,244
GHCND:USC00481840,CODY WY US,20070517,-9999,-9999,0,0,0,278,89,239
GHCND:USC00481840,CODY WY US,20070518,-9999,-9999,0,0,0,278,128,222
GHCND:USC00481840,CODY WY US,20070519,-9999,-9999,0,0,0,278,111,233
GHCND:USC00481840,CODY WY US,20070520,-9999,-9999,0,0,0,233,106,200
GHCND:USC00481840,CODY WY US,20070521,-9999,-9999,0,0,0,206,89,167
GHCND:USC00481840,CODY WY US,20070522,-9999,-9999,5,0,0,167,33,67
GHCND:USC00481840,CODY WY US,20070523,-9999,-9999,48,0,0,133,28,128
GHCND:USC00481840,CODY WY US,20070524,-9999,-9999,3,0,0,172,33,156
GHCND:USC00481840,CODY WY US,20070525,-9999,-9999,28,0,0,161,56,128
GHCND:USC00481840,CODY WY US,20070526,-9999,-9999,0,0,0,211,22,211
GHCND:USC00481840,CODY WY US,20070527,-9999,-9999,0,0,0,278,100,267
GHCND:USC00481840,CODY WY US,20070528,-9999,-9999,0,0,0,267,111,156
GHCND:USC00481840,CODY WY US,20070529,-9999,-9999,13,0,0,156,17,106
GHCND:USC00481840,CODY WY US,20070530,-9999,-9999,5,0,0,200,56,156
GHCND:USC00481840,CODY WY US,20070531,-9999,-9999,0,0,0,167,56,122
GHCND:USC00481840,CODY WY US,20070601,-9999,-9999,28,0,0,167,100,167
GHCND:USC00481840,CODY WY US,20070602,-9999,-9999,0,0,0,244,94,233
GHCND:USC00481840,CODY WY US,20070603,-9999,-9999,0,0,0,250,111,217
GHCND:USC00481840,CODY WY US,20070604,-9999,-9999,0,0,0,256,122,244
GHCND:USC00481840,CODY WY US,20070605,-9999,-9999,13,0,0,278,156,217
GHCND:USC00481840,CODY WY US,20070606,-9999,-9999,269,0,0,222,94,111
GHCND:USC00481840,CODY WY US,20070607,-9999,-9999,221,0,0,139,56,117
GHCND:USC00481840,CODY WY US,20070608,-9999,-9999,0,0,0,200,44,189
GHCND:USC00481840,CODY WY US,20070609,-9999,-9999,0,0,0,239,117,228
GHCND:USC00481840,CODY WY US,20070610,-9999,-9999,0,0,0,256,122,256
GHCND:USC00481840,CODY WY US,20070611,-9999,-9999,20,0,0,256,111,189
GHCND:USC00481840,CODY WY US,20070612,-9999,-9999,0,0,0,244,133,233
GHCND:USC00481840,CODY WY US,20070613,-9999,-9999,0,0,0,278,111,267
GHCND:USC00481840,CODY WY US,20070614,-9999,-9999,0,0,0,272,122,194
GHCND:USC00481840,CODY WY US,20070615,-9999,-9999,0,0,0,228,100,211
GHCND:USC00481840,CODY WY US,20070616,-9999,-9999,0,0,0,267,89,244
GHCND:USC00481840,CODY WY US,20070617,-9999,-9999,13,0,0,261,133,167
GHCND:USC00481840,CODY WY US,20070618,-9999,-9999,0,0,0,211,78,200
GHCND:USC00481840,CODY WY US,20070619,-9999,-9999,0,0,0,278,78,267
GHCND:USC00481840,CODY WY US,20070620,-9999,-9999,0,0,0,294,128,294
GHCND:USC00481840,CODY WY US,20070621,-9999,-9999,0,0,0,300,139,289
GHCND:USC00481840,CODY WY US,20070622,-9999,-9999,0,0,0,322,128,317
GHCND:USC00481840,CODY WY US,20070623,-9999,-9999,0,0,0,350,178,328
GHCND:USC00481840,CODY WY US,20070624,-9999,-9999,0,0,0,333,133,311
GHCND:USC00481840,CODY WY US,20070625,-9999,-9999,0,0,0,328,144,283
GHCND:USC00481840,CODY WY US,20070626,-9999,-9999,0,0,0,283,67,228
GHCND:USC00481840,CODY WY US,20070627,-9999,-9999,0,0,0,256,83,239
GHCND:USC00481840,CODY WY US,20070628,-9999,-9999,0,0,0,333,117,322
GHCND:USC00481840,CODY WY US,20070629,-9999,-9999,0,0,0,350,144,322
GHCND:USC00481840,CODY WY US,20070630,-9999,-9999,0,0,0,344,172,306
GHCND:USC00481840,CODY WY US,20070701,-9999,-9999,0,0,0,306,128,289
GHCND:USC00481840,CODY WY US,20070702,-9999,-9999,0,0,0,333,144,322
GHCND:USC00481840,CODY WY US,20070703,-9999,-9999,0,0,0,328,189,294
GHCND:USC00481840,CODY WY US,20070704,-9999,-9999,0,0,0,317,178,289
GHCND:USC00481840,CODY WY US,20070705,-9999,-9999,0,0,0,322,172,317
GHCND:USC00481840,CODY WY US,20070706,-9999,-9999,0,0,0,350,178,306
GHCND:USC00481840,CODY WY US,20070707,-9999,-9999,0,0,0,322,189,267
GHCND:USC00481840,CODY WY US,20070708,-9999,-9999,0,0,0,289,139,256
GHCND:USC00481840,CODY WY US,20070709,-9999,-9999,0,0,0,294,139,294
GHCND:USC00481840,CODY WY US,20070710,-9999,-9999,0,0,0,294,128,239
GHCND:USC00481840,CODY WY US,20070711,-9999,-9999,0,0,0,278,117,267
GHCND:USC00481840,CODY WY US,20070712,-9999,-9999,0,0,0,294,139,278
GHCND:USC00481840,CODY WY US,20070713,-9999,-9999,0,0,0,311,156,267
GHCND:USC00481840,CODY WY US,20070714,-9999,-9999,0,0,0,317,178,289
GHCND:USC00481840,CODY WY US,20070715,-9999,-9999,0,0,0,344,156,322
GHCND:USC00481840,CODY WY US,20070716,-9999,-9999,0,0,0,339,200,267
GHCND:USC00481840,CODY WY US,20070717,-9999,-9999,0,0,0,333,211,267
GHCND:USC00481840,CODY WY US,20070718,-9999,-9999,0,0,0,322,167,317
GHCND:USC00481840,CODY WY US,20070719,-9999,-9999,0,0,0,350,189,322
GHCND:USC00481840,CODY WY US,20070720,-9999,-9999,0,0,0,339,167,322
GHCND:USC00481840,CODY WY US,20070721,-9999,-9999,0,0,0,367,222,367
GHCND:USC00481840,CODY WY US,20070722,-9999,-9999,0,0,0,372,211,339
GHCND:USC00481840,CODY WY US,20070723,-9999,-9999,0,0,0,367,189,356
GHCND:USC00481840,CODY WY US,20070724,-9999,-9999,0,0,0,367,183,283
GHCND:USC00481840,CODY WY US,20070725,-9999,-9999,18,0,0,289,178,222
GHCND:USC00481840,CODY WY US,20070726,-9999,-9999,61,0,0,233,178,200
GHCND:USC00481840,CODY WY US,20070727,-9999,-9999,0,0,0,261,161,233
GHCND:USC00481840,CODY WY US,20070728,-9999,-9999,0,0,0,306,150,294
GHCND:USC00481840,CODY WY US,20070729,-9999,-9999,0,0,0,317,161,311
GHCND:USC00481840,CODY WY US,20070730,-9999,-9999,0,0,0,333,172,333
GHCND:USC00481840,CODY WY US,20070731,-9999,-9999,0,0,0,333,183,289
GHCND:USC00481840,CODY WY US,20070801,-9999,-9999,0,0,0,306,183,244
GHCND:USC00481840,CODY WY US,20070802,-9999,-9999,0,0,0,289,144,267
GHCND:USC00481840,CODY WY US,20070803,-9999,-9999,13,0,0,283,183,272
GHCND:USC00481840,CODY WY US,20070804,-9999,-9999,3,0,0,294,189,267
GHCND:USC00481840,CODY WY US,20070805,-9999,-9999,13,0,0,300,139,172
GHCND:USC00481840,CODY WY US,20070806,-9999,-9999,23,0,0,283,122,272
GHCND:USC00481840,CODY WY US,20070807,-9999,-9999,0,0,0,306,128,283
GHCND:USC00481840,CODY WY US,20070808,-9999,-9999,0,0,0,283,139,283
GHCND:USC00481840,CODY WY US,20070809,-9999,-9999,0,0,0,317,144,278
GHCND:USC00481840,CODY WY US,20070810,-9999,-9999,0,0,0,317,122,289
GHCND:USC00481840,CODY WY US,20070811,-9999,-9999,0,0,0,294,133,239
GHCND:USC00481840,CODY WY US,20070812,-9999,-9999,0,0,0,344,128,339
GHCND:USC00481840,CODY WY US,20070813,-9999,-9999,10,0,0,339,178,289
GHCND:USC00481840,CODY WY US,20070814,-9999,-9999,0,0,0,289,139,267
GHCND:USC00481840,CODY WY US,20070815,-9999,-9999,0,0,0,294,139,272
GHCND:USC00481840,CODY WY US,20070816,-9999,-9999,0,0,0,328,128,278
GHCND:USC00481840,CODY WY US,20070817,-9999,-9999,23,0,0,278,161,256
GHCND:USC00481840,CODY WY US,20070818,-9999,-9999,86,0,0,283,167,178
GHCND:USC00481840,CODY WY US,20070819,-9999,-9999,48,0,0,294,111,250
GHCND:USC00481840,CODY WY US,20070820,-9999,-9999,41,0,0,261,133,256
GHCND:USC00481840,CODY WY US,20070821,-9999,-9999,0,0,0,261,139,250
GHCND:USC00481840,CODY WY US,20070822,-9999,-9999,10,0,0,250,122,139
GHCND:USC00481840,CODY WY US,20070823,-9999,-9999,0,0,0,217,94,189
GHCND:USC00481840,CODY WY US,20070824,-9999,-9999,8,0,0,217,89,217
GHCND:USC00481840,CODY WY US,20070825,-9999,-9999,0,0,0,306,89,300
GHCND:USC00481840,CODY WY US,20070826,-9999,-9999,0,0,0,322,122,311
GHCND:USC00481840,CODY WY US,20070827,-9999,-9999,0,0,0,311,128,250
GHCND:USC00481840,CODY WY US,20070828,-9999,-9999,0,0,0,250,106,200
GHCND:USC00481840,CODY WY US,20070829,-9999,-9999,0,0,0,289,83,289
GHCND:USC00481840,CODY WY US,20070830,-9999,-9999,0,0,0,322,139,289
GHCND:USC00481840,CODY WY US,20070831,-9999,-9999,0,0,0,300,189,278
GHCND:USC00481840,CODY WY US,20070901,-9999,-9999,0,0,0,317,189,306
GHCND:USC00481840,CODY WY US,20070902,-9999,-9999,0,0,0,328,133,300
GHCND:USC00481840,CODY WY US,20070903,-9999,-9999,0,0,0,322,211,311
GHCND:USC00481840,CODY WY US,20070904,-9999,-9999,0,0,0,328,150,306
GHCND:USC00481840,CODY WY US,20070905,-9999,-9999,5,0,0,306,133,211
GHCND:USC00481840,CODY WY US,20070906,-9999,-9999,38,0,0,211,117,200
GHCND:USC00481840,CODY WY US,20070907,-9999,-9999,0,0,0,256,83,250
GHCND:USC00481840,CODY WY US,20070908,-9999,-9999,3,0,0,250,61,89
GHCND:USC00481840,CODY WY US,20070909,-9999,-9999,8,0,0,89,56,83
GHCND:USC00481840,CODY WY US,20070910,-9999,-9999,0,0,0,206,6,200
GHCND:USC00481840,CODY WY US,20070911,-9999,-9999,0,0,0,267,50,261
GHCND:USC00481840,CODY WY US,20070912,-9999,-9999,0,0,0,283,128,278
GHCND:USC00481840,CODY WY US,20070913,-9999,-9999,0,0,0,278,50,144
GHCND:USC00481840,CODY WY US,20070914,-9999,-9999,0,0,0,206,33,206
GHCND:USC00481840,CODY WY US,20070915,-9999,-9999,0,0,0,278,94,239
GHCND:USC00481840,CODY WY US,20070916,-9999,-9999,0,0,0,272,117,256
GHCND:USC00481840,CODY WY US,20070917,-9999,-9999,0,0,0,256,72,200
GHCND:USC00481840,CODY WY US,20070918,-9999,-9999,0,0,0,200,78,156
GHCND:USC00481840,CODY WY US,20070919,-9999,-9999,28,0,0,183,39,161
GHCND:USC00481840,CODY WY US,20070920,-9999,-9999,0,0,0,261,61,250
GHCND:USC00481840,CODY WY US,20070921,-9999,-9999,0,0,0,256,50,206
GHCND:USC00481840,CODY WY US,20070922,-9999,-9999,0,0,0,283,94,250
GHCND:USC00481840,CODY WY US,20070923,-9999,-9999,5,0,0,250,122,133
GHCND:USC00481840,CODY WY US,20070924,-9999,-9999,0,0,0,133,28,83
GHCND:USC00481840,CODY WY US,20070925,-9999,-9999,0,0,0,150,6,133
GHCND:USC00481840,CODY WY US,20070926,-9999,-9999,0,0,0,183,94,178
GHCND:USC00481840,CODY WY US,20070927,-9999,-9999,0,0,0,222,50,217
GHCND:USC00481840,CODY WY US,20070928,-9999,-9999,0,0,0,256,67,239
GHCND:USC00481840,CODY WY US,20070929,-9999,-9999,0,0,0,239,83,89
GHCND:USC00481840,CODY WY US,20070930,-9999,-9999,0,0,0,189,17,178
GHCND:USC00481840,CODY WY US,20071001,-9999,-9999,0,0,0,222,50,139
GHCND:USC00481840,CODY WY US,20071002,-9999,-9999,0,0,0,139,33,122
GHCND:USC00481840,CODY WY US,20071003,-9999,-9999,0,0,0,156,83,139
GHCND:USC00481840,CODY WY US,20071004,-9999,-9999,0,0,0,139,28,89
GHCND:USC00481840,CODY WY US,20071005,-9999,-9999,53,0,0,94,44,56
GHCND:USC00481840,CODY WY US,20071006,-9999,-9999,173,0,0,56,0,33
GHCND:USC00481840,CODY WY US,20071007,-9999,-9999,25,0,0,72,6,61
GHCND:USC00481840,CODY WY US,20071008,-9999,-9999,0,0,0,161,44,156
GHCND:USC00481840,CODY WY US,20071009,-9999,-9999,0,0,0,200,28,189
GHCND:USC00481840,CODY WY US,20071010,-9999,-9999,0,0,0,233,39,228
GHCND:USC00481840,CODY WY US,20071011,-9999,-9999,0,0,0,228,67,161
GHCND:USC00481840,CODY WY US,20071012,-9999,-9999,0,0,0,167,28,139
GHCND:USC00481840,CODY WY US,20071013,-9999,-9999,5,0,0,133,72,100
GHCND:USC00481840,CODY WY US,20071014,-9999,-9999,0,0,0,161,44,150
GHCND:USC00481840,CODY WY US,20071015,-9999,-9999,0,0,0,167,11,156
GHCND:USC00481840,CODY WY US,20071016,-9999,-9999,0,0,0,178,11,156
GHCND:USC00481840,CODY WY US,20071017,-9999,-9999,25,0,0,156,44,61
GHCND:USC00481840,CODY WY US,20071018,-9999,-9999,0,0,0,83,17,72
GHCND:USC00481840,CODY WY US,20071019,-9999,-9999,0,0,0,128,50,106
GHCND:USC00481840,CODY WY US,20071020,-9999,-9999,28,0,0,106,6,6
GHCND:USC00481840,CODY WY US,20071021,-9999,-9999,10,0,0,72,-33,61
GHCND:USC00481840,CODY WY US,20071022,-9999,-9999,0,0,0,122,28,100
GHCND:USC00481840,CODY WY US,20071023,-9999,-9999,0,0,0,194,94,183
GHCND:USC00481840,CODY WY US,20071024,-9999,-9999,0,0,0,239,33,206
GHCND:USC00481840,CODY WY US,20071025,-9999,-9999,0,0,0,211,67,156
GHCND:USC00481840,CODY WY US,20071026,-9999,-9999,0,0,0,156,17,50
GHCND:USC00481840,CODY WY US,20071027,-9999,-9999,0,0,0,122,17,111
GHCND:USC00481840,CODY WY US,20071028,-9999,-9999,0,0,0,206,6,189
GHCND:USC00481840,CODY WY US,20071029,-9999,-9999,0,0,0,206,78,200
GHCND:USC00481840,CODY WY US,20071030,-9999,-9999,53,0,3,200,0,17
GHCND:USC00481840,CODY WY US,20071031,-9999,-9999,0,0,0,100,-33,89
GHCND:USC00481840,CODY WY US,20071101,-9999,-9999,0,0,0,117,28,111
GHCND:USC00481840,CODY WY US,20071102,-9999,-9999,0,0,0,111,-39,67
GHCND:USC00481840,CODY WY US,20071103,-9999,-9999,0,0,0,122,-6,117
GHCND:USC00481840,CODY WY US,20071104,-9999,-9999,0,0,0,178,94,139
GHCND:USC00481840,CODY WY US,20071105,-9999,-9999,0,0,0,139,-28,11
GHCND:USC00481840,CODY WY US,20071106,-9999,-9999,0,0,0,128,-61,94
GHCND:USC00481840,CODY WY US,20071107,-9999,-9999,0,0,0,183,72,156
GHCND:USC00481840,CODY WY US,20071108,-9999,-9999,0,0,0,183,94,117
GHCND:USC00481840,CODY WY US,20071109,-9999,-9999,0,0,0,178,33,111
GHCND:USC00481840,CODY WY US,20071110,-9999,-9999,0,0,0,178,61,139
GHCND:USC00481840,CODY WY US,20071111,-9999,-9999,25,0,0,139,6,33
GHCND:USC00481840,CODY WY US,20071112,-9999,-9999,0,0,0,122,-17,111
GHCND:USC00481840,CODY WY US,20071113,-9999,-9999,5,0,0,128,-6,56
GHCND:USC00481840,CODY WY US,20071114,-9999,-9999,0,0,0,56,-39,0
GHCND:USC00481840,CODY WY US,20071115,-9999,-9999,0,0,0,139,-56,67
GHCND:USC00481840,CODY WY US,20071116,-9999,-9999,0,0,0,139,39,106
GHCND:USC00481840,CODY WY US,20071117,-9999,-9999,0,0,0,133,50,89
GHCND:USC00481840,CODY WY US,20071118,-9999,-9999,0,0,0,144,78,128
GHCND:USC00481840,CODY WY US,20071119,-9999,-9999,0,0,0,156,-6,-6
GHCND:USC00481840,CODY WY US,20071120,-9999,-9999,36,51,51,-6,-67,-67
GHCND:USC00481840,CODY WY US,20071121,-9999,-9999,0,0,0,-56,-128,-94
GHCND:USC00481840,CODY WY US,20071122,-9999,-9999,0,0,0,-17,-156,-72
GHCND:USC00481840,CODY WY US,20071123,-9999,-9999,0,0,0,22,-139,-44
GHCND:USC00481840,CODY WY US,20071124,-9999,-9999,0,0,0,56,-117,17
GHCND:USC00481840,CODY WY US,20071125,-9999,-9999,0,0,0,61,-6,-6
GHCND:USC00481840,CODY WY US,20071126,-9999,-9999,0,0,0,39,-89,0
GHCND:USC00481840,CODY WY US,20071127,-9999,-9999,0,0,0,56,-44,17
GHCND:USC00481840,CODY WY US,20071128,-9999,-9999,0,0,0,11,-83,-33
GHCND:USC00481840,CODY WY US,20071129,-9999,-9999,0,0,0,-22,-78,-78
GHCND:USC00481840,CODY WY US,20071130,-9999,-9999,3,0,0,-56,-111,-72
GHCND:USC00481840,CODY WY US,20071201,-9999,-9999,0,0,0,-72,-144,-144
GHCND:USC00481840,CODY WY US,20071202,-9999,-9999,0,0,0,22,-189,6
GHCND:USC00481840,CODY WY US,20071203,-9999,-9999,0,0,0,100,-6,56
GHCND:USC00481840,CODY WY US,20071204,-9999,-9999,0,0,0,111,56,94
GHCND:USC00481840,CODY WY US,20071205,-9999,-9999,0,0,0,94,-6,28
GHCND:USC00481840,CODY WY US,20071206,-9999,-9999,3,0,0,28,-22,-22
GHCND:USC00481840,CODY WY US,20071207,-9999,-9999,20,0,51,-22,-83,-83
GHCND:USC00481840,CODY WY US,20071208,-9999,-9999,8,0,25,-83,-133,-128
GHCND:USC00481840,CODY WY US,20071209,-9999,-9999,0,0,0,-39,-167,-83
GHCND:USC00481840,CODY WY US,20071210,-9999,-9999,0,0,0,-17,-117,-56
GHCND:USC00481840,CODY WY US,20071211,-9999,-9999,0,0,0,-22,-150,-83
GHCND:USC00481840,CODY WY US,20071212,-9999,-9999,0,0,0,28,-156,0
GHCND:USC00481840,CODY WY US,20071213,-9999,-9999,0,0,0,28,-156,-61
GHCND:USC00481840,CODY WY US,20071214,-9999,-9999,0,0,0,-56,-156,-94
GHCND:USC00481840,CODY WY US,20071215,-9999,-9999,0,0,0,-6,-133,-78
GHCND:USC00481840,CODY WY US,20071216,-9999,-9999,0,0,0,33,-83,17
GHCND:USC00481840,CODY WY US,20071217,-9999,-9999,0,0,0,50,-100,17
GHCND:USC00481840,CODY WY US,20071218,-9999,-9999,0,0,0,67,-17,39
GHCND:USC00481840,CODY WY US,20071219,-9999,-9999,0,0,0,67,-11,44
GHCND:USC00481840,CODY WY US,20071220,-9999,-9999,0,0,0,72,22,22
GHCND:USC00481840,CODY WY US,20071221,-9999,-9999,33,76,76,33,-89,-89
GHCND:USC00481840,CODY WY US,20071222,-9999,-9999,0,0,0,-6,-167,-11
GHCND:USC00481840,CODY WY US,20071223,-9999,-9999,0,0,0,22,-50,11
GHCND:USC00481840,CODY WY US,20071224,-9999,-9999,0,0,0,33,-67,22
GHCND:USC00481840,CODY WY US,20071225,-9999,-9999,0,0,0,39,-78,28
GHCND:USC00481840,CODY WY US,20071226,-9999,-9999,0,0,0,11,-78,-39
GHCND:USC00481840,CODY WY US,20071227,-9999,-9999,0,0,0,-22,-117,-67
GHCND:USC00481840,CODY WY US,20071228,-9999,-9999,0,0,0,-44,-117,-50
GHCND:USC00481840,CODY WY US,20071229,-9999,-9999,0,0,0,-6,-67,-39
GHCND:USC00481840,CODY WY US,20071230,-9999,-9999,0,0,0,-11,-100,-44
GHCND:USC00481840,CODY WY US,20071231,-9999,-9999,0,0,0,-22,-78,-50
GHCND:USC00481840,CODY WY US,20080101,-9999,-9999,0,0,0,-17,-128,-78
GHCND:USC00481840,CODY WY US,20080102,-9999,-9999,0,0,0,6,-139,-22
GHCND:USC00481840,CODY WY US,20080103,-9999,-9999,0,0,0,94,-89,-22
GHCND:USC00481840,CODY WY US,20080104,-9999,-9999,0,0,0,106,-39,78
GHCND:USC00481840,CODY WY US,20080105,-9999,-9999,0,0,0,78,-6,-6
GHCND:USC00481840,CODY WY US,20080106,-9999,-9999,0,0,0,44,-67,-22
GHCND:USC00481840,CODY WY US,20080107,-9999,-9999,0,0,0,6,-83,-22
GHCND:USC00481840,CODY WY US,20080108,-9999,-9999,0,0,0,6,-56,-17
GHCND:USC00481840,CODY WY US,20080109,-9999,-9999,0,0,0,44,-39,-22
GHCND:USC00481840,CODY WY US,20080110,-9999,-9999,0,0,0,33,-67,6
GHCND:USC00481840,CODY WY US,20080111,-9999,-9999,0,0,0,33,-22,17
GHCND:USC00481840,CODY WY US,20080112,-9999,-9999,0,0,0,28,-17,6
GHCND:USC00481840,CODY WY US,20080113,-9999,-9999,0,0,0,50,-44,17
GHCND:USC00481840,CODY WY US,20080114,-9999,-9999,0,0,0,39,-83,6
GHCND:USC00481840,CODY WY US,20080115,-9999,-9999,0,0,0,61,-72,-72
GHCND:USC00481840,CODY WY US,20080116,-9999,-9999,0,0,0,-67,-167,-106
GHCND:USC00481840,CODY WY US,20080117,-9999,-9999,0,0,0,-22,-139,-28
GHCND:USC00481840,CODY WY US,20080118,-9999,-9999,5,25,25,-28,-117,-117
GHCND:USC00481840,CODY WY US,20080119,-9999,-9999,0,0,0,-33,-156,-56
GHCND:USC00481840,CODY WY US,20080120,-9999,-9999,0,0,0,-39,-183,-183
GHCND:USC00481840,CODY WY US,20080121,-9999,-9999,0,0,0,-167,-250,-194
GHCND:USC00481840,CODY WY US,20080122,-9999,-9999,0,0,0,-89,-272,-167
GHCND:USC00481840,CODY WY US,20080123,-9999,-9999,0,0,0,-72,-178,-117
GHCND:USC00481840,CODY WY US,20080124,-9999,-9999,0,0,0,-28,-178,-94
GHCND:USC00481840,CODY WY US,20080125,-9999,-9999,0,0,0,17,-122,-11
GHCND:USC00481840,CODY WY US,20080126,-9999,-9999,0,0,0,72,-33,56
GHCND:USC00481840,CODY WY US,20080127,-9999,-9999,0,0,0,100,-6,56
GHCND:USC00481840,CODY WY US,20080128,-9999,-9999,0,0,0,61,-189,-189
GHCND:USC00481840,CODY WY US,20080129,-9999,-9999,0,0,0,-22,-194,-44
GHCND:USC00481840,CODY WY US,20080130,-9999,-9999,0,0,0,-6,-67,-44
GHCND:USC00481840,CODY WY US,20080131,-9999,-9999,0,0,0,6,-72,-28
GHCND:USC00481840,CODY WY US,20080201,-9999,-9999,0,0,0,6,-83,-28
GHCND:USC00481840,CODY WY US,20080202,-9999,-9999,0,0,0,-11,-67,-28
GHCND:USC00481840,CODY WY US,20080203,-9999,-9999,0,0,0,-6,-122,-39
GHCND:USC00481840,CODY WY US,20080204,-9999,-9999,0,0,0,-33,-89,-61
GHCND:USC00481840,CODY WY US,20080205,-9999,-9999,0,0,0,0,-144,-28
GHCND:USC00481840,CODY WY US,20080206,-9999,-9999,0,0,0,-6,-83,-44
GHCND:USC00481840,CODY WY US,20080207,-9999,-9999,0,0,0,50,-56,11
GHCND:USC00481840,CODY WY US,20080208,-9999,-9999,0,0,0,33,-44,17
GHCND:USC00481840,CODY WY US,20080209,-9999,-9999,0,0,0,17,-133,-117
GHCND:USC00481840,CODY WY US,20080210,-9999,-9999,0,0,0,100,-167,72
GHCND:USC00481840,CODY WY US,20080211,-9999,-9999,0,0,0,78,-28,28
GHCND:USC00481840,CODY WY US,20080212,-9999,-9999,0,0,0,89,-56,72
GHCND:USC00481840,CODY WY US,20080213,-9999,-9999,41,127,127,72,-39,-28
GHCND:USC00481840,CODY WY US,20080214,-9999,-9999,0,76,0,6,-111,-11
GHCND:USC00481840,CODY WY US,20080215,-9999,-9999,0,0,0,67,-122,39
GHCND:USC00481840,CODY WY US,20080216,-9999,-9999,0,0,0,56,-33,28
GHCND:USC00481840,CODY WY US,20080217,-9999,-9999,18,51,51,28,-106,-28
GHCND:USC00481840,CODY WY US,20080218,-9999,-9999,0,0,0,78,-89,61
GHCND:USC00481840,CODY WY US,20080219,-9999,-9999,0,0,0,128,-6,117
GHCND:USC00481840,CODY WY US,20080220,-9999,-9999,0,0,0,122,-44,83
GHCND:USC00481840,CODY WY US,20080221,-9999,-9999,0,0,0,111,-50,78
GHCND:USC00481840,CODY WY US,20080222,-9999,-9999,0,0,0,111,-44,78
GHCND:USC00481840,CODY WY US,20080223,-9999,-9999,0,0,0,100,-28,61
GHCND:USC00481840,CODY WY US,20080224,-9999,-9999,0,0,0,78,-11,56
GHCND:USC00481840,CODY WY US,20080225,-9999,-9999,0,0,0,56,-39,-33
GHCND:USC00481840,CODY WY US,20080226,-9999,-9999,13,0,25,72,-111,67
GHCND:USC00481840,CODY WY US,20080227,-9999,-9999,0,0,0,122,-39,106
GHCND:USC00481840,CODY WY US,20080228,-9999,-9999,0,0,0,106,33,72
GHCND:USC00481840,CODY WY US,20080229,-9999,-9999,0,0,0,117,-44,111
GHCND:USC00481840,CODY WY US,20080301,-9999,-9999,0,0,0,156,33,61
GHCND:USC00481840,CODY WY US,20080302,-9999,-9999,0,0,0,67,-44,0
GHCND:USC00481840,CODY WY US,20080303,-9999,-9999,0,0,0,61,-72,28
GHCND:USC00481840,CODY WY US,20080304,-9999,-9999,0,0,0,28,-39,-39
GHCND:USC00481840,CODY WY US,20080305,-9999,-9999,0,0,0,0,-117,-44
GHCND:USC00481840,CODY WY US,20080306,-9999,-9999,0,0,0,44,-100,17
GHCND:USC00481840,CODY WY US,20080307,-9999,-9999,0,0,0,128,-33,72
GHCND:USC00481840,CODY WY US,20080308,-9999,-9999,0,0,0,89,-22,72
GHCND:USC00481840,CODY WY US,20080309,-9999,-9999,0,0,0,106,-39,83
GHCND:USC00481840,CODY WY US,20080310,-9999,-9999,0,0,0,144,-11,139
GHCND:USC00481840,CODY WY US,20080311,-9999,-9999,0,0,0,156,33,128
GHCND:USC00481840,CODY WY US,20080312,-9999,-9999,0,0,0,133,-33,78
GHCND:USC00481840,CODY WY US,20080313,-9999,-9999,0,0,0,83,-22,56
GHCND:USC00481840,CODY WY US,20080314,-9999,-9999,20,0,51,56,-44,-17
GHCND:USC00481840,CODY WY US,20080315,-9999,-9999,0,0,0,61,-61,28
GHCND:USC00481840,CODY WY US,20080316,-9999,-9999,0,0,0,56,-61,33
GHCND:USC00481840,CODY WY US,20080317,-9999,-9999,0,0,0,67,-39,50
GHCND:USC00481840,CODY WY US,20080318,-9999,-9999,0,0,0,89,-17,72
GHCND:USC00481840,CODY WY US,20080319,-9999,-9999,0,0,0,117,-22,100
GHCND:USC00481840,CODY WY US,20080320,-9999,-9999,0,0,0,106,0,61
GHCND:USC00481840,CODY WY US,20080321,-9999,-9999,0,0,0,67,-33,44
GHCND:USC00481840,CODY WY US,20080322,-9999,-9999,0,0,0,56,-56,22
GHCND:USC00481840,CODY WY US,20080323,-9999,-9999,0,0,0,111,-50,100
GHCND:USC00481840,CODY WY US,20080324,-9999,-9999,0,0,0,122,67,94
GHCND:USC00481840,CODY WY US,20080325,-9999,-9999,0,0,0,94,-44,44
GHCND:USC00481840,CODY WY US,20080326,-9999,-9999,81,102,102,56,-44,-22
GHCND:USC00481840,CODY WY US,20080327,-9999,-9999,13,51,25,22,-94,0
GHCND:USC00481840,CODY WY US,20080328,-9999,-9999,0,0,0,44,-72,44
GHCND:USC00481840,CODY WY US,20080329,-9999,-9999,0,0,0,50,-56,-6
GHCND:USC00481840,CODY WY US,20080330,-9999,-9999,0,0,0,17,-83,6
GHCND:USC00481840,CODY WY US,20080331,-9999,-9999,0,0,0,6,-72,-28
GHCND:USC00481840,CODY WY US,20080401,-9999,-9999,0,0,0,33,-89,28
GHCND:USC00481840,CODY WY US,20080402,-9999,-9999,0,0,0,89,-72,78
GHCND:USC00481840,CODY WY US,20080403,-9999,-9999,0,0,0,106,-56,100
GHCND:USC00481840,CODY WY US,20080404,-9999,-9999,0,0,0,133,22,117
GHCND:USC00481840,CODY WY US,20080405,-9999,-9999,0,0,0,117,-11,28
GHCND:USC00481840,CODY WY US,20080406,-9999,-9999,0,0,0,100,-56,78
GHCND:USC00481840,CODY WY US,20080407,-9999,-9999,0,0,0,83,-22,44
GHCND:USC00481840,CODY WY US,20080408,-9999,-9999,0,0,0,83,-11,50
GHCND:USC00481840,CODY WY US,20080409,-9999,-9999,0,0,0,72,-33,61
GHCND:USC00481840,CODY WY US,20080410,-9999,-9999,0,0,0,67,-28,33
GHCND:USC00481840,CODY WY US,20080411,-9999,-9999,0,0,0,94,-39,83
GHCND:USC00481840,CODY WY US,20080412,-9999,-9999,0,0,0,139,-33,122
GHCND:USC00481840,CODY WY US,20080413,-9999,-9999,0,0,0,222,-6,217
GHCND:USC00481840,CODY WY US,20080414,-9999,-9999,0,0,0,239,89,222
GHCND:USC00481840,CODY WY US,20080415,-9999,-9999,0,0,0,222,56,67
GHCND:USC00481840,CODY WY US,20080416,-9999,-9999,0,0,0,72,-28,44
GHCND:USC00481840,CODY WY US,20080417,-9999,-9999,0,0,0,133,-11,128
GHCND:USC00481840,CODY WY US,20080418,-9999,-9999,0,0,0,172,44,150
GHCND:USC00481840,CODY WY US,20080419,-9999,-9999,0,0,0,194,28,167
GHCND:USC00481840,CODY WY US,20080420,-9999,-9999,41,76,76,167,-67,-67
GHCND:USC00481840,CODY WY US,20080421,-9999,-9999,8,25,25,44,-122,39
GHCND:USC00481840,CODY WY US,20080422,-9999,-9999,0,0,0,133,-33,128
GHCND:USC00481840,CODY WY US,20080423,-9999,-9999,0,0,0,133,-33,89
GHCND:USC00481840,CODY WY US,20080424,-9999,-9999,0,0,0,111,-17,0
GHCND:USC00481840,CODY WY US,20080425,-9999,-9999,0,0,0,89,-50,33
GHCND:USC00481840,CODY WY US,20080426,-9999,-9999,8,0,25,94,-61,78
GHCND:USC00481840,CODY WY US,20080427,-9999,-9999,0,0,0,183,-22,172
GHCND:USC00481840,CODY WY US,20080428,-9999,-9999,0,0,0,217,100,200
GHCND:USC00481840,CODY WY US,20080429,-9999,-9999,0,0,0,244,61,222
GHCND:USC00481840,CODY WY US,20080430,-9999,-9999,0,0,0,222,33,44
GHCND:USC00481840,CODY WY US,20080501,-9999,-9999,0,0,0,78,17,72
GHCND:USC00481840,CODY WY US,20080502,-9999,-9999,28,0,51,78,-22,56
GHCND:USC00481840,CODY WY US,20080503,-9999,-9999,0,0,0,172,-22,161
GHCND:USC00481840,CODY WY US,20080504,-9999,-9999,0,0,0,183,39,167
GHCND:USC00481840,CODY WY US,20080505,-9999,-9999,0,0,0,228,56,217
GHCND:USC00481840,CODY WY US,20080506,-9999,-9999,0,0,0,222,72,167
GHCND:USC00481840,CODY WY US,20080507,-9999,-9999,5,0,0,167,61,83
GHCND:USC00481840,CODY WY US,20080508,-9999,-9999,13,0,0,156,44,150
GHCND:USC00481840,CODY WY US,20080509,-9999,-9999,5,0,0,150,28,33
GHCND:USC00481840,CODY WY US,20080510,-9999,-9999,41,0,0,133,0,133
GHCND:USC00481840,CODY WY US,20080511,-9999,-9999,0,0,0,206,61,194
GHCND:USC00481840,CODY WY US,20080512,-9999,-9999,28,0,0,194,6,94
GHCND:USC00481840,CODY WY US,20080513,-9999,-9999,0,0,0,156,22,156
GHCND:USC00481840,CODY WY US,20080514,-9999,-9999,0,0,0,156,89,117
GHCND:USC00481840,CODY WY US,20080515,-9999,-9999,41,0,0,183,50,183
GHCND:USC00481840,CODY WY US,20080516,-9999,-9999,0,0,0,250,106,244
GHCND:USC00481840,CODY WY US,20080517,-9999,-9999,0,0,0,272,117,267
GHCND:USC00481840,CODY WY US,20080518,-9999,-9999,0,0,0,278,167,272
GHCND:USC00481840,CODY WY US,20080519,-9999,-9999,0,0,0,283,150,217
GHCND:USC00481840,CODY WY US,20080520,-9999,-9999,0,0,0,283,83,272
GHCND:USC00481840,CODY WY US,20080521,-9999,-9999,79,0,0,272,61,67
GHCND:USC00481840,CODY WY US,20080522,-9999,-9999,503,0,0,72,33,67
GHCND:USC00481840,CODY WY US,20080523,-9999,-9999,183,0,0,133,61,117
GHCND:USC00481840,CODY WY US,20080524,-9999,-9999,5,0,0,161,78,150
GHCND:USC00481840,CODY WY US,20080525,-9999,-9999,0,0,0,156,67,122
GHCND:USC00481840,CODY WY US,20080526,-9999,-9999,142,0,0,122,56,67
GHCND:USC00481840,CODY WY US,20080527,-9999,-9999,53,0,0,100,50,94
GHCND:USC00481840,CODY WY US,20080528,-9999,-9999,0,0,0,189,61,106
GHCND:USC00481840,CODY WY US,20080529,-9999,-9999,28,0,0,211,83,200
GHCND:USC00481840,CODY WY US,20080530,-9999,-9999,10,0,0,211,111,194
GHCND:USC00481840,CODY WY US,20080531,-9999,-9999,0,0,0,217,67,211
GHCND:USC00481840,CODY WY US,20080601,-9999,-9999,0,0,0,244,100,217
GHCND:USC00481840,CODY WY US,20080602,-9999,-9999,0,0,0,239,94,228
GHCND:USC00481840,CODY WY US,20080603,-9999,-9999,0,0,0,228,83,194
GHCND:USC00481840,CODY WY US,20080604,-9999,-9999,0,0,0,194,111,144
GHCND:USC00481840,CODY WY US,20080605,-9999,-9999,13,0,0,189,94,167
GHCND:USC00481840,CODY WY US,20080606,-9999,-9999,0,0,0,189,122,139
GHCND:USC00481840,CODY WY US,20080607,-9999,-9999,0,0,0,167,67,128
GHCND:USC00481840,CODY WY US,20080608,-9999,-9999,0,0,0,156,78,144
GHCND:USC00481840,CODY WY US,20080609,-9999,-9999,0,0,0,183,67,167
GHCND:USC00481840,CODY WY US,20080610,-9999,-9999,36,0,0,183,94,183
GHCND:USC00481840,CODY WY US,20080611,-9999,-9999,0,0,0,183,39,100
GHCND:USC00481840,CODY WY US,20080612,-9999,-9999,15,0,0,156,44,144
GHCND:USC00481840,CODY WY US,20080613,-9999,-9999,0,0,0,217,94,200
GHCND:USC00481840,CODY WY US,20080614,-9999,-9999,0,0,0,278,89,261
GHCND:USC00481840,CODY WY US,20080615,-9999,-9999,0,0,0,272,94,233
GHCND:USC00481840,CODY WY US,20080616,-9999,-9999,0,0,0,278,83,250
GHCND:USC00481840,CODY WY US,20080617,-9999,-9999,0,0,0,311,100,306
GHCND:USC00481840,CODY WY US,20080618,-9999,-9999,0,0,0,311,144,261
GHCND:USC00481840,CODY WY US,20080619,-9999,-9999,0,0,0,278,128,250
GHCND:USC00481840,CODY WY US,20080620,-9999,-9999,0,0,0,267,106,261
GHCND:USC00481840,CODY WY US,20080621,-9999,-9999,0,0,0,306,117,300
GHCND:USC00481840,CODY WY US,20080622,-9999,-9999,0,0,0,306,167,267
GHCND:USC00481840,CODY WY US,20080623,-9999,-9999,5,0,0,267,111,239
GHCND:USC00481840,CODY WY US,20080624,-9999,-9999,0,0,0,317,122,294
GHCND:USC00481840,CODY WY US,20080625,-9999,-9999,0,0,0,300,128,283
GHCND:USC00481840,CODY WY US,20080626,-9999,-9999,0,0,0,294,150,283
GHCND:USC00481840,CODY WY US,20080627,-9999,-9999,0,0,0,283,150,244
GHCND:USC00481840,CODY WY US,20080628,-9999,-9999,0,0,0,261,100,256
GHCND:USC00481840,CODY WY US,20080629,-9999,-9999,0,0,0,311,128,306
GHCND:USC00481840,CODY WY US,20080630,-9999,-9999,13,0,0,339,167,194
GHCND:USC00481840,CODY WY US,20080701,-9999,-9999,0,0,0,306,156,289
GHCND:USC00481840,CODY WY US,20080702,-9999,-9999,38,0,0,289,128,189
GHCND:USC00481840,CODY WY US,20080703,-9999,-9999,18,0,0,289,122,278
GHCND:USC00481840,CODY WY US,20080704,-9999,-9999,0,0,0,339,172,311
GHCND:USC00481840,CODY WY US,20080705,-9999,-9999,0,0,0,328,183,311
GHCND:USC00481840,CODY WY US,20080706,-9999,-9999,0,0,0,306,161,267
GHCND:USC00481840,CODY WY US,20080707,-9999,-9999,3,0,0,272,133,267
GHCND:USC00481840,CODY WY US,20080708,-9999,-9999,0,0,0,267,144,256
GHCND:USC00481840,CODY WY US,20080709,-9999,-9999,0,0,0,317,150,311
GHCND:USC00481840,CODY WY US,20080710,-9999,-9999,0,0,0,322,156,317
GHCND:USC00481840,CODY WY US,20080711,-9999,-9999,0,0,0,322,150,200
GHCND:USC00481840,CODY WY US,20080712,-9999,-9999,0,0,0,250,67,244
GHCND:USC00481840,CODY WY US,20080713,-9999,-9999,0,0,0,289,111,289
GHCND:USC00481840,CODY WY US,20080714,-9999,-9999,0,0,0,300,139,294
GHCND:USC00481840,CODY WY US,20080715,-9999,-9999,0,0,0,317,161,311
GHCND:USC00481840,CODY WY US,20080716,-9999,-9999,0,0,0,311,156,283
GHCND:USC00481840,CODY WY US,20080717,-9999,-9999,0,0,0,283,139,272
GHCND:USC00481840,CODY WY US,20080718,-9999,-9999,0,0,0,283,139,228
GHCND:USC00481840,CODY WY US,20080719,-9999,-9999,0,0,0,300,117,294
GHCND:USC00481840,CODY WY US,20080720,-9999,-9999,0,0,0,294,128,261
GHCND:USC00481840,CODY WY US,20080721,-9999,-9999,8,0,0,333,189,283
GHCND:USC00481840,CODY WY US,20080722,-9999,-9999,0,0,0,333,178,328
GHCND:USC00481840,CODY WY US,20080723,-9999,-9999,0,0,0,333,150,300
GHCND:USC00481840,CODY WY US,20080724,-9999,-9999,0,0,0,300,128,261
GHCND:USC00481840,CODY WY US,20080725,-9999,-9999,0,0,0,300,144,294
GHCND:USC00481840,CODY WY US,20080726,-9999,-9999,0,0,0,339,144,322
GHCND:USC00481840,CODY WY US,20080727,-9999,-9999,0,0,0,350,172,333
GHCND:USC00481840,CODY WY US,20080728,-9999,-9999,0,0,0,333,194,294
GHCND:USC00481840,CODY WY US,20080729,-9999,-9999,0,0,0,333,122,294
GHCND:USC00481840,CODY WY US,20080730,-9999,-9999,0,0,0,317,156,311
GHCND:USC00481840,CODY WY US,20080731,-9999,-9999,0,0,0,311,150,300
GHCND:USC00481840,CODY WY US,20080801,-9999,-9999,0,0,0,361,178,356
GHCND:USC00481840,CODY WY US,20080802,-9999,-9999,0,0,0,356,189,289
GHCND:USC00481840,CODY WY US,20080803,-9999,-9999,0,0,0,289,133,261
GHCND:USC00481840,CODY WY US,20080804,-9999,-9999,0,0,0,272,144,239
GHCND:USC00481840,CODY WY US,20080805,-9999,-9999,0,0,0,289,133,289
GHCND:USC00481840,CODY WY US,20080806,-9999,-9999,0,0,0,306,156,283
GHCND:USC00481840,CODY WY US,20080807,-9999,-9999,0,0,0,333,172,322
GHCND:USC00481840,CODY WY US,20080808,-9999,-9999,0,0,0,328,178,311
GHCND:USC00481840,CODY WY US,20080809,-9999,-9999,99,0,0,322,150,311
GHCND:USC00481840,CODY WY US,20080810,-9999,-9999,0,0,0,311,161,272
GHCND:USC00481840,CODY WY US,20080811,-9999,-9999,0,0,0,278,133,272
GHCND:USC00481840,CODY WY US,20080812,-9999,-9999,0,0,0,289,122,283
GHCND:USC00481840,CODY WY US,20080813,-9999,-9999,0,0,0,283,150,250
GHCND:USC00481840,CODY WY US,20080814,-9999,-9999,0,0,0,250,128,228
GHCND:USC00481840,CODY WY US,20080815,-9999,-9999,104,0,0,228,122,200
GHCND:USC00481840,CODY WY US,20080816,-9999,-9999,0,0,0,272,83,267
GHCND:USC00481840,CODY WY US,20080817,-9999,-9999,0,0,0,294,111,294
GHCND:USC00481840,CODY WY US,20080818,-9999,-9999,0,0,0,317,144,300
GHCND:USC00481840,CODY WY US,20080819,-9999,-9999,0,0,0,344,144,311
GHCND:USC00481840,CODY WY US,20080820,-9999,-9999,0,0,0,311,172,300
GHCND:USC00481840,CODY WY US,20080821,-9999,-9999,0,0,0,306,167,294
GHCND:USC00481840,CODY WY US,20080822,-9999,-9999,0,0,0,294,83,222
GHCND:USC00481840,CODY WY US,20080823,-9999,-9999,0,0,0,278,89,272
GHCND:USC00481840,CODY WY US,20080824,-9999,-9999,0,0,0,333,139,300
GHCND:USC00481840,CODY WY US,20080825,-9999,-9999,0,0,0,356,167,322
GHCND:USC00481840,CODY WY US,20080826,-9999,-9999,0,0,0,322,167,233
GHCND:USC00481840,CODY WY US,20080827,-9999,-9999,0,0,0,233,83,222
GHCND:USC00481840,CODY WY US,20080828,-9999,-9999,0,0,0,250,67,244
GHCND:USC00481840,CODY WY US,20080829,-9999,-9999,0,0,0,300,122,294
GHCND:USC00481840,CODY WY US,20080830,-9999,-9999,0,0,0,328,167,311
GHCND:USC00481840,CODY WY US,20080831,-9999,-9999,20,0,0,311,167,272
GHCND:USC00481840,CODY WY US,20080901,-9999,-9999,307,0,0,272,94,94
GHCND:USC00481840,CODY WY US,20080902,-9999,-9999,86,0,0,178,56,167
GHCND:USC00481840,CODY WY US,20080903,-9999,-9999,13,0,0,167,83,139
GHCND:USC00481840,CODY WY US,20080904,-9999,-9999,5,0,0,156,78,100
GHCND:USC00481840,CODY WY US,20080905,-9999,-9999,10,0,0,156,39,144
GHCND:USC00481840,CODY WY US,20080906,-9999,-9999,15,0,0,150,78,117
GHCND:USC00481840,CODY WY US,20080907,-9999,-9999,66,0,0,117,83,94
GHCND:USC00481840,CODY WY US,20080908,-9999,-9999,0,0,0,183,28,183
GHCND:USC00481840,CODY WY US,20080909,-9999,-9999,0,0,0,267,56,250
GHCND:USC00481840,CODY WY US,20080910,-9999,-9999,18,0,0,250,83,83
GHCND:USC00481840,CODY WY US,20080911,-9999,-9999,30,0,0,167,67,156
GHCND:USC00481840,CODY WY US,20080912,-9999,-9999,0,0,0,206,33,200
GHCND:USC00481840,CODY WY US,20080913,-9999,-9999,0,0,0,200,78,89
GHCND:USC00481840,CODY WY US,20080914,-9999,-9999,0,0,0,194,22,189
GHCND:USC00481840,CODY WY US,20080915,-9999,-9999,0,0,0,256,56,250
GHCND:USC00481840,CODY WY US,20080916,-9999,-9999,0,0,0,283,89,278
GHCND:USC00481840,CODY WY US,20080917,-9999,-9999,0,0,0,278,111,272
GHCND:USC00481840,CODY WY US,20080918,-9999,-9999,0,0,0,272,111,228
GHCND:USC00481840,CODY WY US,20080919,-9999,-9999,0,0,0,272,100,256
GHCND:USC00481840,CODY WY US,20080920,-9999,-9999,0,0,0,256,89,206
GHCND:USC00481840,CODY WY US,20080921,-9999,-9999,0,0,0,206,122,189
GHCND:USC00481840,CODY WY US,20080922,-9999,-9999,0,0,0,194,89,161
GHCND:USC00481840,CODY WY US,20080923,-9999,-9999,0,0,0,189,44,178
GHCND:USC00481840,CODY WY US,20080924,-9999,-9999,0,0,0,228,67,222
GHCND:USC00481840,CODY WY US,20080925,-9999,-9999,0,0,0,278,106,267
GHCND:USC00481840,CODY WY US,20080926,-9999,-9999,0,0,0,267,83,217
GHCND:USC00481840,CODY WY US,20080927,-9999,-9999,0,0,0,267,67,228
GHCND:USC00481840,CODY WY US,20080928,-9999,-9999,0,0,0,239,100,189
GHCND:USC00481840,CODY WY US,20080929,-9999,-9999,0,0,0,228,44,222
GHCND:USC00481840,CODY WY US,20080930,-9999,-9999,0,0,0,256,72,244
GHCND:USC00481840,CODY WY US,20081001,-9999,-9999,0,0,0,261,89,250
GHCND:USC00481840,CODY WY US,20081002,-9999,-9999,0,0,0,261,139,239
GHCND:USC00481840,CODY WY US,20081003,-9999,-9999,0,0,0,244,117,228
GHCND:USC00481840,CODY WY US,20081004,-9999,-9999,0,0,0,228,100,183
GHCND:USC00481840,CODY WY US,20081005,-9999,-9999,13,0,0,183,94,156
GHCND:USC00481840,CODY WY US,20081006,-9999,-9999,0,0,0,156,56,117
GHCND:USC00481840,CODY WY US,20081007,-9999,-9999,0,0,0,206,56,194
GHCND:USC00481840,CODY WY US,20081008,-9999,-9999,0,0,0,194,22,111
GHCND:USC00481840,CODY WY US,20081009,-9999,-9999,0,0,0,111,-6,28
GHCND:USC00481840,CODY WY US,20081010,-9999,-9999,5,0,0,28,-28,-22
GHCND:USC00481840,CODY WY US,20081011,-9999,-9999,69,102,102,-17,-39,-22
GHCND:USC00481840,CODY WY US,20081012,-9999,-9999,38,102,51,-11,-44,-22
GHCND:USC00481840,CODY WY US,20081013,-9999,-9999,0,0,0,61,-56,61
GHCND:USC00481840,CODY WY US,20081014,-9999,-9999,0,0,0,144,-28,89
GHCND:USC00481840,CODY WY US,20081015,-9999,-9999,0,0,0,122,6,111
GHCND:USC00481840,CODY WY US,20081016,-9999,-9999,0,0,0,139,17,128
GHCND:USC00481840,CODY WY US,20081017,-9999,-9999,0,0,0,206,78,183
GHCND:USC00481840,CODY WY US,20081018,-9999,-9999,0,0,0,228,106,211
GHCND:USC00481840,CODY WY US,20081019,-9999,-9999,0,0,0,217,61,106
GHCND:USC00481840,CODY WY US,20081020,-9999,-9999,0,0,0,167,6,144
GHCND:USC00481840,CODY WY US,20081021,-9999,-9999,0,0,0,144,6,44
GHCND:USC00481840,CODY WY US,20081022,-9999,-9999,0,0,0,94,-44,89
GHCND:USC00481840,CODY WY US,20081023,-9999,-9999,0,0,0,156,-44,139
GHCND:USC00481840,CODY WY US,20081024,-9999,-9999,0,0,0,156,-11,139
GHCND:USC00481840,CODY WY US,20081025,-9999,-9999,0,0,0,167,78,144
GHCND:USC00481840,CODY WY US,20081026,-9999,-9999,0,0,0,144,-50,33
GHCND:USC00481840,CODY WY US,20081027,-9999,-9999,0,0,0,144,-72,128
GHCND:USC00481840,CODY WY US,20081028,-9999,-9999,0,0,0,194,0,178
GHCND:USC00481840,CODY WY US,20081029,-9999,-9999,0,0,0,189,22,144
GHCND:USC00481840,CODY WY US,20081030,-9999,-9999,0,0,0,200,83,178
GHCND:USC00481840,CODY WY US,20081031,-9999,-9999,0,0,0,178,28,122
GHCND:USC00481840,CODY WY US,20081101,-9999,-9999,0,0,0,183,78,156
GHCND:USC00481840,CODY WY US,20081102,-9999,-9999,0,0,0,172,50,111
GHCND:USC00481840,CODY WY US,20081103,-9999,-9999,0,0,0,117,56,78
GHCND:USC00481840,CODY WY US,20081104,-9999,-9999,0,0,0,78,6,67
GHCND:USC00481840,CODY WY US,20081105,-9999,-9999,0,0,0,67,-28,11
GHCND:USC00481840,CODY WY US,20081106,-9999,-9999,0,0,0,56,-39,17
GHCND:USC00481840,CODY WY US,20081107,-9999,-9999,0,0,0,111,-44,72
GHCND:USC00481840,CODY WY US,20081108,-9999,-9999,0,0,0,94,0,67
GHCND:USC00481840,CODY WY US,20081109,-9999,-9999,0,0,0,122,-22,78
GHCND:USC00481840,CODY WY US,20081110,-9999,-9999,0,0,0,78,11,56
GHCND:USC00481840,CODY WY US,20081111,-9999,-9999,23,0,0,83,-11,61
GHCND:USC00481840,CODY WY US,20081112,-9999,-9999,0,0,0,106,44,100
GHCND:USC00481840,CODY WY US,20081113,-9999,-9999,0,0,0,128,44,61
GHCND:USC00481840,CODY WY US,20081114,-9999,-9999,0,0,0,72,-56,-17
GHCND:USC00481840,CODY WY US,20081115,-9999,-9999,0,0,0,117,-72,100
GHCND:USC00481840,CODY WY US,20081116,-9999,-9999,0,0,0,139,56,100
GHCND:USC00481840,CODY WY US,20081117,-9999,-9999,0,0,0,183,78,156
GHCND:USC00481840,CODY WY US,20081118,-9999,-9999,0,0,0,194,78,167
GHCND:USC00481840,CODY WY US,20081119,-9999,-9999,0,0,0,167,-17,-17
GHCND:USC00481840,CODY WY US,20081120,-9999,-9999,0,0,0,28,-44,-6
GHCND:USC00481840,CODY WY US,20081121,-9999,-9999,0,0,0,44,-50,22
GHCND:USC00481840,CODY WY US,20081122,-9999,-9999,0,0,0,89,-28,39
GHCND:USC00481840,CODY WY US,20081123,-9999,-9999,0,0,0,50,-17,-17
GHCND:USC00481840,CODY WY US,20081124,-9999,-9999,0,0,0,128,-78,89
GHCND:USC00481840,CODY WY US,20081125,-9999,-9999,0,0,0,111,-22,44
GHCND:USC00481840,CODY WY US,20081126,-9999,-9999,0,0,0,133,6,33
GHCND:USC00481840,CODY WY US,20081127,-9999,-9999,0,0,0,50,-72,-17
GHCND:USC00481840,CODY WY US,20081128,-9999,-9999,0,0,0,67,-83,17
GHCND:USC00481840,CODY WY US,20081129,-9999,-9999,0,0,0,78,-17,39
GHCND:USC00481840,CODY WY US,20081130,-9999,-9999,0,0,0,67,-22,39
GHCND:USC00481840,CODY WY US,20081201,-9999,-9999,0,0,0,128,-44,89
GHCND:USC00481840,CODY WY US,20081202,-9999,-9999,0,0,0,106,-50,-50
GHCND:USC00481840,CODY WY US,20081203,-9999,-9999,30,76,76,-50,-106,-89
GHCND:USC00481840,CODY WY US,20081204,-9999,-9999,10,102,25,-89,-133,-133
GHCND:USC00481840,CODY WY US,20081205,-9999,-9999,0,0,0,50,-178,44
GHCND:USC00481840,CODY WY US,20081206,-9999,-9999,0,0,0,128,28,61
GHCND:USC00481840,CODY WY US,20081207,-9999,-9999,0,0,0,111,-50,72
GHCND:USC00481840,CODY WY US,20081208,-9999,-9999,41,76,76,72,-83,-83
GHCND:USC00481840,CODY WY US,20081209,-9999,-9999,0,51,0,0,-150,-6
GHCND:USC00481840,CODY WY US,20081210,-9999,-9999,0,0,0,72,-22,33
GHCND:USC00481840,CODY WY US,20081211,-9999,-9999,0,0,0,67,-33,-33
GHCND:USC00481840,CODY WY US,20081212,-9999,-9999,0,0,0,72,-83,-17
GHCND:USC00481840,CODY WY US,20081213,-9999,-9999,10,25,25,11,-200,-200
GHCND:USC00481840,CODY WY US,20081214,-9999,-9999,0,25,0,-200,-272,-250
GHCND:USC00481840,CODY WY US,20081215,-9999,-9999,0,25,0,-222,-289,-239
GHCND:USC00481840,CODY WY US,20081216,-9999,-9999,0,25,0,-128,-272,-161
GHCND:USC00481840,CODY WY US,20081217,-9999,-9999,0,0,0,-22,-183,-44
GHCND:USC00481840,CODY WY US,20081218,-9999,-9999,0,0,0,-39,-156,-83
GHCND:USC00481840,CODY WY US,20081219,-9999,-9999,0,0,0,-33,-200,-194
GHCND:USC00481840,CODY WY US,20081220,-9999,-9999,23,51,51,-194,-233,-228
GHCND:USC00481840,CODY WY US,20081221,-9999,-9999,0,51,51,-117,-278,-139
GHCND:USC00481840,CODY WY US,20081222,-9999,-9999,0,25,25,-56,-172,-122
GHCND:USC00481840,CODY WY US,20081223,-9999,-9999,8,25,25,-122,-178,-150
GHCND:USC00481840,CODY WY US,20081224,-9999,-9999,0,0,0,-28,-217,-44
GHCND:USC00481840,CODY WY US,20081225,-9999,-9999,0,0,0,-28,-139,-67
GHCND:USC00481840,CODY WY US,20081226,-9999,-9999,41,76,76,-50,-106,-100
GHCND:USC00481840,CODY WY US,20081227,-9999,-9999,0,0,0,-33,-150,-44
GHCND:USC00481840,CODY WY US,20081228,-9999,-9999,0,0,0,44,-50,28
GHCND:USC00481840,CODY WY US,20081229,-9999,-9999,0,0,0,50,-39,22
GHCND:USC00481840,CODY WY US,20081230,-9999,-9999,8,25,25,56,-67,-67
GHCND:USC00481840,CODY WY US,20081231,-9999,-9999,0,0,0,44,-133,33
