STATION,STATION_NAME,DATE,MDPR,DAPR,PRCP,SNWD,SNOW,TMAX,TMIN,TOBS,WDMV
GHCND:USC00112223,DE KALB IL US,20070101,-9999,-9999,13,0,0,111,6,11,-9999
GHCND:USC00112223,DE KALB IL US,20070102,-9999,-9999,0,0,0,50,-50,-50,-9999
GHCND:USC00112223,DE KALB IL US,20070103,-9999,-9999,0,0,0,39,-50,-11,-9999
GHCND:USC00112223,DE KALB IL US,20070104,-9999,-9999,0,0,0,78,-11,17,-9999
GHCND:USC00112223,DE KALB IL US,20070105,-9999,-9999,38,0,0,83,17,78,-9999
GHCND:USC00112223,DE KALB IL US,20070106,-9999,-9999,0,0,0,89,6,6,-9999
GHCND:USC00112223,DE KALB IL US,20070107,-9999,-9999,0,0,0,56,-22,-11,-9999
GHCND:USC00112223,DE KALB IL US,20070108,-9999,-9999,3,0,0,50,-50,-50,-9999
GHCND:USC00112223,DE KALB IL US,20070109,-9999,-9999,0,0,0,28,-50,-39,-9999
GHCND:USC00112223,DE KALB IL US,20070110,-9999,-9999,0,0,0,0,-89,-89,-9999
GHCND:USC00112223,DE KALB IL US,20070111,-9999,-9999,0,0,0,6,-89,0,-9999
GHCND:USC00112223,DE KALB IL US,20070112,-9999,-9999,3,0,0,67,0,44,-9999
GHCND:USC00112223,DE KALB IL US,20070113,-9999,-9999,8,0,0,50,-39,-39,-9999
GHCND:USC00112223,DE KALB IL US,20070114,-9999,-9999,13,25,13,-17,-39,-28,-9999
GHCND:USC00112223,DE KALB IL US,20070115,-9999,-9999,104,25,15,-6,-44,-39,-9999
GHCND:USC00112223,DE KALB IL US,20070116,-9999,-9999,13,25,25,-39,-144,-144,-9999
GHCND:USC00112223,DE KALB IL US,20070117,-9999,-9999,0,25,0,-83,-167,-161,-9999
GHCND:USC00112223,DE KALB IL US,20070118,-9999,-9999,3,25,3,-33,-161,-33,-9999
GHCND:USC00112223,DE KALB IL US,20070119,-9999,-9999,5,25,13,-17,-94,-94,-9999
GHCND:USC00112223,DE KALB IL US,20070120,-9999,-9999,0,25,0,-39,-139,-139,-9999
GHCND:USC00112223,DE KALB IL US,20070121,-9999,-9999,23,51,48,-44,-139,-44,-9999
GHCND:USC00112223,DE KALB IL US,20070122,-9999,-9999,25,51,3,-28,-44,-44,-9999
GHCND:USC00112223,DE KALB IL US,20070123,-9999,-9999,0,51,0,-28,-61,-61,-9999
GHCND:USC00112223,DE KALB IL US,20070124,-9999,-9999,0,51,0,-39,-67,-67,-9999
GHCND:USC00112223,DE KALB IL US,20070125,-9999,-9999,0,51,0,-44,-128,-122,-9999
GHCND:USC00112223,DE KALB IL US,20070126,-9999,-9999,0,51,0,-56,-128,-78,-9999
GHCND:USC00112223,DE KALB IL US,20070127,-9999,-9999,0,51,0,50,-78,-39,-9999
GHCND:USC00112223,DE KALB IL US,20070128,-9999,-9999,3,51,25,-28,-156,-156,-9999
GHCND:USC00112223,DE KALB IL US,20070129,-9999,-9999,0,51,0,-61,-161,-111,-9999
GHCND:USC00112223,DE KALB IL US,20070130,-9999,-9999,5,76,25,-39,-156,-156,-9999
GHCND:USC00112223,DE KALB IL US,20070131,-9999,-9999,0,76,0,-94,-178,-178,-9999
GHCND:USC00112223,DE KALB IL US,20070201,-9999,-9999,0,51,0,-72,-178,-89,-9999
GHCND:USC00112223,DE KALB IL US,20070202,-9999,-9999,0,51,0,-67,-161,-156,-9999
GHCND:USC00112223,DE KALB IL US,20070203,-9999,-9999,0,51,0,-122,-167,-156,-9999
GHCND:USC00112223,DE KALB IL US,20070204,-9999,-9999,0,51,0,-178,-228,-217,-9999
GHCND:USC00112223,DE KALB IL US,20070205,-9999,-9999,0,51,0,-178,-250,-250,-9999
GHCND:USC00112223,DE KALB IL US,20070206,-9999,-9999,0,51,0,-139,-250,-200,-9999
GHCND:USC00112223,DE KALB IL US,20070207,-9999,-9999,46,152,102,-144,-228,-217,-9999
GHCND:USC00112223,DE KALB IL US,20070208,-9999,-9999,0,152,0,-128,-244,-239,-9999
GHCND:USC00112223,DE KALB IL US,20070209,-9999,-9999,0,152,0,-139,-239,-206,-9999
GHCND:USC00112223,DE KALB IL US,20070210,-9999,-9999,0,152,0,-111,-228,-222,-9999
GHCND:USC00112223,DE KALB IL US,20070211,-9999,-9999,0,152,0,-117,-228,-117,-9999
GHCND:USC00112223,DE KALB IL US,20070212,-9999,-9999,25,178,51,-39,-117,-39,-9999
GHCND:USC00112223,DE KALB IL US,20070213,-9999,-9999,15,229,64,-17,-67,-67,-9999
GHCND:USC00112223,DE KALB IL US,20070214,-9999,-9999,10,305,76,-67,-167,-167,-9999
GHCND:USC00112223,DE KALB IL US,20070215,-9999,-9999,0,254,0,-89,-200,-200,-9999
GHCND:USC00112223,DE KALB IL US,20070216,-9999,-9999,0,254,0,-117,-217,-217,-9999
GHCND:USC00112223,DE KALB IL US,20070217,-9999,-9999,23,254,38,-67,-217,-89,-9999
GHCND:USC00112223,DE KALB IL US,20070218,-9999,-9999,0,229,0,-44,-139,-128,-9999
GHCND:USC00112223,DE KALB IL US,20070219,-9999,-9999,0,229,0,-61,-128,-78,-9999
GHCND:USC00112223,DE KALB IL US,20070220,-9999,-9999,0,178,0,50,-78,-22,-9999
GHCND:USC00112223,DE KALB IL US,20070221,-9999,-9999,0,152,0,56,-50,-44,-9999
GHCND:USC00112223,DE KALB IL US,20070222,-9999,-9999,0,102,0,78,-44,-17,-9999
GHCND:USC00112223,DE KALB IL US,20070223,-9999,-9999,0,102,0,22,-50,-44,-9999
GHCND:USC00112223,DE KALB IL US,20070224,-9999,-9999,0,76,0,6,-44,-39,-9999
GHCND:USC00112223,DE KALB IL US,20070225,-9999,-9999,211,127,81,22,-39,22,-9999
GHCND:USC00112223,DE KALB IL US,20070226,-9999,-9999,81,178,46,22,-17,-17,-9999
GHCND:USC00112223,DE KALB IL US,20070227,-9999,-9999,0,178,0,-17,-28,-28,-9999
GHCND:USC00112223,DE KALB IL US,20070228,-9999,-9999,0,178,0,6,-61,-44,-9999
GHCND:USC00112223,DE KALB IL US,20070301,-9999,-9999,102,152,0,11,-44,6,-9999
GHCND:USC00112223,DE KALB IL US,20070302,-9999,-9999,51,152,15,61,-39,-33,-9999
GHCND:USC00112223,DE KALB IL US,20070303,-9999,-9999,89,229,152,-22,-72,-61,-9999
GHCND:USC00112223,DE KALB IL US,20070304,-9999,-9999,0,178,0,-22,-106,-100,-9999
GHCND:USC00112223,DE KALB IL US,20070305,-9999,-9999,0,76,0,-6,-106,-28,-9999
GHCND:USC00112223,DE KALB IL US,20070306,-9999,-9999,0,76,0,0,-106,-100,-9999
GHCND:USC00112223,DE KALB IL US,20070307,-9999,-9999,0,51,0,-44,-100,-56,-9999
GHCND:USC00112223,DE KALB IL US,20070308,-9999,-9999,0,51,0,-17,-89,-83,-9999
GHCND:USC00112223,DE KALB IL US,20070309,-9999,-9999,0,51,0,33,-83,6,-9999
GHCND:USC00112223,DE KALB IL US,20070310,-9999,-9999,81,25,0,94,0,6,-9999
GHCND:USC00112223,DE KALB IL US,20070311,-9999,-9999,0,25,0,89,-17,-11,-9999
GHCND:USC00112223,DE KALB IL US,20070312,-9999,-9999,0,0,0,106,-17,44,-9999
GHCND:USC00112223,DE KALB IL US,20070313,-9999,-9999,0,0,0,161,44,61,-9999
GHCND:USC00112223,DE KALB IL US,20070314,-9999,-9999,0,0,0,222,61,100,-9999
GHCND:USC00112223,DE KALB IL US,20070315,-9999,-9999,5,0,0,161,6,11,-9999
GHCND:USC00112223,DE KALB IL US,20070316,-9999,-9999,0,0,0,39,-56,-50,-9999
GHCND:USC00112223,DE KALB IL US,20070317,-9999,-9999,0,0,0,17,-56,-56,-9999
GHCND:USC00112223,DE KALB IL US,20070318,-9999,-9999,0,0,0,39,-61,-50,-9999
GHCND:USC00112223,DE KALB IL US,20070319,-9999,-9999,23,0,0,72,-50,17,-9999
GHCND:USC00112223,DE KALB IL US,20070320,-9999,-9999,0,0,0,156,-22,-22,-9999
GHCND:USC00112223,DE KALB IL US,20070321,-9999,-9999,135,0,0,83,-22,39,-9999
GHCND:USC00112223,DE KALB IL US,20070322,-9999,-9999,292,0,0,183,39,133,-9999
GHCND:USC00112223,DE KALB IL US,20070323,-9999,-9999,48,0,0,150,100,78,-9999
GHCND:USC00112223,DE KALB IL US,20070324,-9999,-9999,28,0,0,139,72,128,-9999
GHCND:USC00112223,DE KALB IL US,20070325,-9999,-9999,3,0,0,167,128,128,-9999
GHCND:USC00112223,DE KALB IL US,20070326,-9999,-9999,0,0,0,250,128,150,-9999
GHCND:USC00112223,DE KALB IL US,20070327,-9999,-9999,0,0,0,250,144,150,-9999
GHCND:USC00112223,DE KALB IL US,20070328,-9999,-9999,33,0,0,233,78,94,-9999
GHCND:USC00112223,DE KALB IL US,20070329,-9999,-9999,5,0,0,106,78,78,-9999
GHCND:USC00112223,DE KALB IL US,20070330,-9999,-9999,3,0,0,156,72,89,-9999
GHCND:USC00112223,DE KALB IL US,20070331,-9999,-9999,5,0,0,128,78,94,-9999
GHCND:USC00112223,DE KALB IL US,20070401,-9999,-9999,119,0,0,172,83,83,109
GHCND:USC00112223,DE KALB IL US,20070402,-9999,-9999,20,0,0,144,28,33,166
GHCND:USC00112223,DE KALB IL US,20070403,-9999,-9999,3,0,0,144,33,89,93
GHCND:USC00112223,DE KALB IL US,20070404,-9999,-9999,38,0,0,200,-28,-28,169
GHCND:USC00112223,DE KALB IL US,20070405,-9999,-9999,0,0,0,0,-44,-39,148
GHCND:USC00112223,DE KALB IL US,20070406,-9999,-9999,0,0,0,39,-67,-61,80
GHCND:USC00112223,DE KALB IL US,20070407,-9999,-9999,0,0,0,17,-72,-67,93
GHCND:USC00112223,DE KALB IL US,20070408,-9999,-9999,0,0,0,0,-72,-22,82
GHCND:USC00112223,DE KALB IL US,20070409,-9999,-9999,0,0,0,39,-28,0,35
GHCND:USC00112223,DE KALB IL US,20070410,-9999,-9999,0,0,0,61,-17,-17,48
GHCND:USC00112223,DE KALB IL US,20070411,-9999,-9999,84,25,25,106,-17,0,146
GHCND:USC00112223,DE KALB IL US,20070412,-9999,-9999,71,0,25,11,-6,-6,179
GHCND:USC00112223,DE KALB IL US,20070413,-9999,-9999,8,0,0,39,-17,-11,80
GHCND:USC00112223,DE KALB IL US,20070414,-9999,-9999,0,0,0,106,-11,44,27
GHCND:USC00112223,DE KALB IL US,20070415,-9999,-9999,0,0,0,94,0,6,55
GHCND:USC00112223,DE KALB IL US,20070416,-9999,-9999,0,0,0,139,0,11,45
GHCND:USC00112223,DE KALB IL US,20070417,-9999,-9999,0,0,0,178,11,78,29
GHCND:USC00112223,DE KALB IL US,20070418,-9999,-9999,0,0,0,222,22,33,127
GHCND:USC00112223,DE KALB IL US,20070419,-9999,-9999,0,0,0,100,33,50,146
GHCND:USC00112223,DE KALB IL US,20070420,-9999,-9999,0,0,0,156,33,50,68
GHCND:USC00112223,DE KALB IL US,20070421,-9999,-9999,0,0,0,206,50,83,51
GHCND:USC00112223,DE KALB IL US,20070422,-9999,-9999,0,0,0,194,83,117,72
GHCND:USC00112223,DE KALB IL US,20070423,-9999,-9999,0,0,0,278,117,178,164
GHCND:USC00112223,DE KALB IL US,20070424,-9999,-9999,0,0,0,206,83,83,71
GHCND:USC00112223,DE KALB IL US,20070425,-9999,-9999,335,0,0,206,83,89,172
GHCND:USC00112223,DE KALB IL US,20070426,-9999,-9999,102,0,0,100,67,72,203
GHCND:USC00112223,DE KALB IL US,20070427,-9999,-9999,71,0,0,122,56,61,82
GHCND:USC00112223,DE KALB IL US,20070428,-9999,-9999,0,0,0,150,61,83,48
GHCND:USC00112223,DE KALB IL US,20070429,-9999,-9999,0,0,0,217,83,106,71
GHCND:USC00112223,DE KALB IL US,20070430,-9999,-9999,43,0,0,289,106,122,122
GHCND:USC00112223,DE KALB IL US,20070501,-9999,-9999,0,0,0,233,100,117,-9999
GHCND:USC00112223,DE KALB IL US,20070502,-9999,-9999,0,0,0,272,94,100,-9999
GHCND:USC00112223,DE KALB IL US,20070503,-9999,-9999,0,0,0,172,78,100,-9999
GHCND:USC00112223,DE KALB IL US,20070504,-9999,-9999,0,0,0,200,100,111,-9999
GHCND:USC00112223,DE KALB IL US,20070505,-9999,-9999,5,0,0,189,111,139,-9999
GHCND:USC00112223,DE KALB IL US,20070506,-9999,-9999,0,0,0,206,94,111,-9999
GHCND:USC00112223,DE KALB IL US,20070507,-9999,-9999,0,0,0,194,94,106,-9999
GHCND:USC00112223,DE KALB IL US,20070508,-9999,-9999,0,0,0,289,106,172,-9999
GHCND:USC00112223,DE KALB IL US,20070509,-9999,-9999,0,0,0,283,172,178,-9999
GHCND:USC00112223,DE KALB IL US,20070510,-9999,-9999,0,0,0,272,144,172,-9999
GHCND:USC00112223,DE KALB IL US,20070511,-9999,-9999,0,0,0,283,161,172,-9999
GHCND:USC00112223,DE KALB IL US,20070512,-9999,-9999,0,0,0,283,72,78,-9999
GHCND:USC00112223,DE KALB IL US,20070513,-9999,-9999,0,0,0,217,78,100,-9999
GHCND:USC00112223,DE KALB IL US,20070514,-9999,-9999,25,0,0,206,78,144,-9999
GHCND:USC00112223,DE KALB IL US,20070515,-9999,-9999,0,0,0,322,144,206,-9999
GHCND:USC00112223,DE KALB IL US,20070516,-9999,-9999,18,0,0,239,83,83,-9999
GHCND:USC00112223,DE KALB IL US,20070517,-9999,-9999,5,0,0,194,50,61,-9999
GHCND:USC00112223,DE KALB IL US,20070518,-9999,-9999,0,0,0,172,61,100,-9999
GHCND:USC00112223,DE KALB IL US,20070519,-9999,-9999,0,0,0,233,94,111,-9999
GHCND:USC00112223,DE KALB IL US,20070520,-9999,-9999,0,0,0,272,111,128,-9999
GHCND:USC00112223,DE KALB IL US,20070521,-9999,-9999,0,0,0,194,67,89,-9999
GHCND:USC00112223,DE KALB IL US,20070522,-9999,-9999,0,0,0,294,89,172,-9999
GHCND:USC00112223,DE KALB IL US,20070523,-9999,-9999,5,0,0,300,172,189,-9999
GHCND:USC00112223,DE KALB IL US,20070524,-9999,-9999,5,0,0,306,172,200,-9999
GHCND:USC00112223,DE KALB IL US,20070525,-9999,-9999,28,0,0,306,117,122,-9999
GHCND:USC00112223,DE KALB IL US,20070526,-9999,-9999,213,0,0,239,94,94,-9999
GHCND:USC00112223,DE KALB IL US,20070527,-9999,-9999,198,0,0,178,94,128,-9999
GHCND:USC00112223,DE KALB IL US,20070528,-9999,-9999,0,0,0,228,122,156,-9999
GHCND:USC00112223,DE KALB IL US,20070529,-9999,-9999,30,0,0,239,144,189,-9999
GHCND:USC00112223,DE KALB IL US,20070530,-9999,-9999,33,0,0,306,178,206,-9999
GHCND:USC00112223,DE KALB IL US,20070531,-9999,-9999,8,0,0,294,200,206,-9999
GHCND:USC00112223,DE KALB IL US,20070601,-9999,-9999,61,0,0,244,172,178,-9999
GHCND:USC00112223,DE KALB IL US,20070602,-9999,-9999,112,0,0,278,172,194,45
GHCND:USC00112223,DE KALB IL US,20070603,-9999,-9999,0,0,0,250,161,167,61
GHCND:USC00112223,DE KALB IL US,20070604,-9999,-9999,173,0,0,239,150,156,66
GHCND:USC00112223,DE KALB IL US,20070605,-9999,-9999,81,0,0,200,106,117,58
GHCND:USC00112223,DE KALB IL US,20070606,-9999,-9999,18,0,0,183,83,100,51
GHCND:USC00112223,DE KALB IL US,20070607,-9999,-9999,10,0,0,211,100,211,103
GHCND:USC00112223,DE KALB IL US,20070608,-9999,-9999,0,0,0,300,194,194,177
GHCND:USC00112223,DE KALB IL US,20070609,-9999,-9999,0,0,0,222,100,133,58
GHCND:USC00112223,DE KALB IL US,20070610,-9999,-9999,0,0,0,256,133,167,27
GHCND:USC00112223,DE KALB IL US,20070611,-9999,-9999,0,0,0,261,161,194,35
GHCND:USC00112223,DE KALB IL US,20070612,-9999,-9999,0,0,0,289,183,200,66
GHCND:USC00112223,DE KALB IL US,20070613,-9999,-9999,0,0,0,289,178,194,79
GHCND:USC00112223,DE KALB IL US,20070614,-9999,-9999,0,0,0,300,183,206,69
GHCND:USC00112223,DE KALB IL US,20070615,-9999,-9999,0,0,0,322,200,222,60
GHCND:USC00112223,DE KALB IL US,20070616,-9999,-9999,0,0,0,322,200,211,27
GHCND:USC00112223,DE KALB IL US,20070617,-9999,-9999,0,0,0,328,200,222,39
GHCND:USC00112223,DE KALB IL US,20070618,-9999,-9999,0,0,0,328,206,233,43
GHCND:USC00112223,DE KALB IL US,20070619,-9999,-9999,366,0,0,300,200,200,106
GHCND:USC00112223,DE KALB IL US,20070620,-9999,-9999,0,0,0,256,150,161,79
GHCND:USC00112223,DE KALB IL US,20070621,-9999,-9999,0,0,0,283,161,194,69
GHCND:USC00112223,DE KALB IL US,20070622,-9999,-9999,13,0,0,278,139,172,82
GHCND:USC00112223,DE KALB IL US,20070623,-9999,-9999,41,0,0,244,150,150,77
GHCND:USC00112223,DE KALB IL US,20070624,-9999,-9999,127,0,0,189,150,178,72
GHCND:USC00112223,DE KALB IL US,20070625,-9999,-9999,0,0,0,244,178,206,40
GHCND:USC00112223,DE KALB IL US,20070626,-9999,-9999,0,0,0,294,200,222,40
GHCND:USC00112223,DE KALB IL US,20070627,-9999,-9999,13,0,0,300,206,211,56
GHCND:USC00112223,DE KALB IL US,20070628,-9999,-9999,25,0,0,317,183,189,74
GHCND:USC00112223,DE KALB IL US,20070629,-9999,-9999,0,0,0,222,106,111,89
GHCND:USC00112223,DE KALB IL US,20070630,-9999,-9999,0,0,0,217,111,133,53
GHCND:USC00112223,DE KALB IL US,20070701,-9999,-9999,0,0,0,250,133,161,58
GHCND:USC00112223,DE KALB IL US,20070702,-9999,-9999,0,0,0,256,133,150,87
GHCND:USC00112223,DE KALB IL US,20070703,-9999,-9999,0,0,0,256,150,167,50
GHCND:USC00112223,DE KALB IL US,20070704,-9999,-9999,122,0,0,283,167,194,90
GHCND:USC00112223,DE KALB IL US,20070705,-9999,-9999,0,0,0,289,194,200,50
GHCND:USC00112223,DE KALB IL US,20070706,-9999,-9999,0,0,0,300,183,194,43
GHCND:USC00112223,DE KALB IL US,20070707,-9999,-9999,0,0,0,289,178,194,29
GHCND:USC00112223,DE KALB IL US,20070708,-9999,-9999,0,0,0,311,194,222,84
GHCND:USC00112223,DE KALB IL US,20070709,-9999,-9999,0,0,0,328,200,217,111
GHCND:USC00112223,DE KALB IL US,20070710,-9999,-9999,843,0,0,328,189,206,64
GHCND:USC00112223,DE KALB IL US,20070711,-9999,-9999,229,0,0,311,139,150,82
GHCND:USC00112223,DE KALB IL US,20070712,-9999,-9999,0,0,0,244,133,150,74
GHCND:USC00112223,DE KALB IL US,20070713,-9999,-9999,0,0,0,256,128,144,55
GHCND:USC00112223,DE KALB IL US,20070714,-9999,-9999,0,0,0,272,144,161,105
GHCND:USC00112223,DE KALB IL US,20070715,-9999,-9999,0,0,0,283,144,150,32
GHCND:USC00112223,DE KALB IL US,20070716,-9999,-9999,0,0,0,267,150,178,39
GHCND:USC00112223,DE KALB IL US,20070717,-9999,-9999,163,0,0,267,178,189,35
GHCND:USC00112223,DE KALB IL US,20070718,-9999,-9999,178,0,0,272,189,200,55
GHCND:USC00112223,DE KALB IL US,20070719,-9999,-9999,305,0,0,294,200,206,76
GHCND:USC00112223,DE KALB IL US,20070720,-9999,-9999,13,0,0,278,128,133,87
GHCND:USC00112223,DE KALB IL US,20070721,-9999,-9999,0,0,0,239,133,133,51
GHCND:USC00112223,DE KALB IL US,20070722,-9999,-9999,0,0,0,239,133,167,53
GHCND:USC00112223,DE KALB IL US,20070723,-9999,-9999,0,0,0,256,144,167,32
GHCND:USC00112223,DE KALB IL US,20070724,-9999,-9999,0,0,0,267,167,183,32
GHCND:USC00112223,DE KALB IL US,20070725,-9999,-9999,0,0,0,278,183,194,31
GHCND:USC00112223,DE KALB IL US,20070726,-9999,-9999,8,0,0,283,194,194,53
GHCND:USC00112223,DE KALB IL US,20070727,-9999,-9999,89,0,0,272,189,211,45
GHCND:USC00112223,DE KALB IL US,20070728,-9999,-9999,135,0,0,283,189,194,80
GHCND:USC00112223,DE KALB IL US,20070729,-9999,-9999,0,0,0,267,167,172,63
GHCND:USC00112223,DE KALB IL US,20070730,-9999,-9999,0,0,0,289,167,183,40
GHCND:USC00112223,DE KALB IL US,20070731,-9999,-9999,0,0,0,289,183,211,29
GHCND:USC00112223,DE KALB IL US,20070801,-9999,-9999,0,0,0,311,200,206,29
GHCND:USC00112223,DE KALB IL US,20070802,-9999,-9999,0,0,0,311,206,217,21
GHCND:USC00112223,DE KALB IL US,20070803,-9999,-9999,0,0,0,317,178,183,53
GHCND:USC00112223,DE KALB IL US,20070804,-9999,-9999,0,0,0,306,183,200,26
GHCND:USC00112223,DE KALB IL US,20070805,-9999,-9999,114,0,0,250,189,194,45
GHCND:USC00112223,DE KALB IL US,20070806,-9999,-9999,28,0,0,306,194,222,48
GHCND:USC00112223,DE KALB IL US,20070807,-9999,-9999,384,0,0,311,211,222,50
GHCND:USC00112223,DE KALB IL US,20070808,-9999,-9999,51,0,0,322,217,222,61
GHCND:USC00112223,DE KALB IL US,20070809,-9999,-9999,69,0,0,300,206,211,47
GHCND:USC00112223,DE KALB IL US,20070810,-9999,-9999,0,0,0,289,200,206,55
GHCND:USC00112223,DE KALB IL US,20070811,-9999,-9999,0,0,0,300,200,217,39
GHCND:USC00112223,DE KALB IL US,20070812,-9999,-9999,36,0,0,300,183,194,51
GHCND:USC00112223,DE KALB IL US,20070813,-9999,-9999,0,0,0,300,189,206,51
GHCND:USC00112223,DE KALB IL US,20070814,-9999,-9999,145,0,0,278,178,178,61
GHCND:USC00112223,DE KALB IL US,20070815,-9999,-9999,18,0,0,289,178,217,63
GHCND:USC00112223,DE KALB IL US,20070816,-9999,-9999,10,0,0,261,194,194,45
GHCND:USC00112223,DE KALB IL US,20070817,-9999,-9999,0,0,0,239,161,172,34
GHCND:USC00112223,DE KALB IL US,20070818,-9999,-9999,0,0,0,244,156,161,39
GHCND:USC00112223,DE KALB IL US,20070819,-9999,-9999,97,0,0,189,139,167,74
GHCND:USC00112223,DE KALB IL US,20070820,-9999,-9999,434,0,0,206,167,200,48
GHCND:USC00112223,DE KALB IL US,20070821,-9999,-9999,13,0,0,250,200,206,31
GHCND:USC00112223,DE KALB IL US,20070822,-9999,-9999,20,0,0,294,200,200,50
GHCND:USC00112223,DE KALB IL US,20070823,-9999,-9999,384,0,0,317,200,206,69
GHCND:USC00112223,DE KALB IL US,20070824,-9999,-9999,1232,0,0,306,200,206,68
GHCND:USC00112223,DE KALB IL US,20070825,-9999,-9999,20,0,0,261,189,189,42
GHCND:USC00112223,DE KALB IL US,20070826,-9999,-9999,0,0,0,256,144,144,31
GHCND:USC00112223,DE KALB IL US,20070827,-9999,-9999,0,0,0,261,144,161,37
GHCND:USC00112223,DE KALB IL US,20070828,-9999,-9999,0,0,0,261,161,189,69
GHCND:USC00112223,DE KALB IL US,20070829,-9999,-9999,0,0,0,328,189,211,48
GHCND:USC00112223,DE KALB IL US,20070830,-9999,-9999,0,0,0,278,156,156,60
GHCND:USC00112223,DE KALB IL US,20070831,-9999,-9999,0,0,0,239,128,133,53
GHCND:USC00112223,DE KALB IL US,20070901,-9999,-9999,0,0,0,250,133,139,29
GHCND:USC00112223,DE KALB IL US,20070902,-9999,-9999,0,0,0,261,139,156,27
GHCND:USC00112223,DE KALB IL US,20070903,-9999,-9999,0,0,0,294,156,172,34
GHCND:USC00112223,DE KALB IL US,20070904,-9999,-9999,0,0,0,306,172,183,31
GHCND:USC00112223,DE KALB IL US,20070905,-9999,-9999,0,0,0,322,183,200,27
GHCND:USC00112223,DE KALB IL US,20070906,-9999,-9999,0,0,0,311,200,206,47
GHCND:USC00112223,DE KALB IL US,20070907,-9999,-9999,0,0,0,272,206,222,98
GHCND:USC00112223,DE KALB IL US,20070908,-9999,-9999,51,0,0,283,156,161,84
GHCND:USC00112223,DE KALB IL US,20070909,-9999,-9999,0,0,0,267,133,139,51
GHCND:USC00112223,DE KALB IL US,20070910,-9999,-9999,0,0,0,267,139,161,66
GHCND:USC00112223,DE KALB IL US,20070911,-9999,-9999,38,0,0,217,89,94,58
GHCND:USC00112223,DE KALB IL US,20070912,-9999,-9999,0,0,0,206,50,56,90
GHCND:USC00112223,DE KALB IL US,20070913,-9999,-9999,0,0,0,200,56,89,29
GHCND:USC00112223,DE KALB IL US,20070914,-9999,-9999,0,0,0,261,89,117,66
GHCND:USC00112223,DE KALB IL US,20070915,-9999,-9999,0,0,0,167,17,17,68
GHCND:USC00112223,DE KALB IL US,20070916,-9999,-9999,0,0,0,167,17,83,29
GHCND:USC00112223,DE KALB IL US,20070917,-9999,-9999,0,0,0,222,83,122,61
GHCND:USC00112223,DE KALB IL US,20070918,-9999,-9999,0,0,0,300,122,172,74
GHCND:USC00112223,DE KALB IL US,20070919,-9999,-9999,0,0,0,317,172,189,79
GHCND:USC00112223,DE KALB IL US,20070920,-9999,-9999,0,0,0,283,144,144,56
GHCND:USC00112223,DE KALB IL US,20070921,-9999,-9999,0,0,0,283,144,178,58
GHCND:USC00112223,DE KALB IL US,20070922,-9999,-9999,3,0,0,311,117,117,108
GHCND:USC00112223,DE KALB IL US,20070923,-9999,-9999,0,0,0,239,117,128,40
GHCND:USC00112223,DE KALB IL US,20070924,-9999,-9999,0,0,0,294,128,200,66
GHCND:USC00112223,DE KALB IL US,20070925,-9999,-9999,0,0,0,322,200,228,100
GHCND:USC00112223,DE KALB IL US,20070926,-9999,-9999,20,0,0,289,106,106,72
GHCND:USC00112223,DE KALB IL US,20070927,-9999,-9999,0,0,0,206,89,94,29
GHCND:USC00112223,DE KALB IL US,20070928,-9999,-9999,0,0,0,244,94,100,55
GHCND:USC00112223,DE KALB IL US,20070929,-9999,-9999,0,0,0,239,100,106,48
GHCND:USC00112223,DE KALB IL US,20070930,-9999,-9999,0,0,0,267,106,122,68
GHCND:USC00112223,DE KALB IL US,20071001,-9999,-9999,43,0,0,289,122,144,117
GHCND:USC00112223,DE KALB IL US,20071002,-9999,-9999,3,0,0,228,139,144,50
GHCND:USC00112223,DE KALB IL US,20071003,-9999,-9999,23,0,0,256,111,111,95
GHCND:USC00112223,DE KALB IL US,20071004,-9999,-9999,0,0,0,239,106,117,39
GHCND:USC00112223,DE KALB IL US,20071005,-9999,-9999,0,0,0,278,117,189,39
GHCND:USC00112223,DE KALB IL US,20071006,-9999,-9999,0,0,0,300,189,189,37
GHCND:USC00112223,DE KALB IL US,20071007,-9999,-9999,0,0,0,306,189,194,40
GHCND:USC00112223,DE KALB IL US,20071008,-9999,-9999,0,0,0,317,183,183,32
GHCND:USC00112223,DE KALB IL US,20071009,-9999,-9999,10,0,0,300,89,94,84
GHCND:USC00112223,DE KALB IL US,20071010,-9999,-9999,0,0,0,239,61,61,-9999
GHCND:USC00112223,DE KALB IL US,20071011,-9999,-9999,0,0,0,122,61,61,233
GHCND:USC00112223,DE KALB IL US,20071012,-9999,-9999,0,0,0,128,33,39,68
GHCND:USC00112223,DE KALB IL US,20071013,-9999,-9999,0,0,0,139,33,83,23
GHCND:USC00112223,DE KALB IL US,20071014,-9999,-9999,5,0,0,144,83,117,31
GHCND:USC00112223,DE KALB IL US,20071015,-9999,-9999,36,0,0,172,111,117,45
GHCND:USC00112223,DE KALB IL US,20071016,-9999,-9999,257,0,0,228,117,150,37
GHCND:USC00112223,DE KALB IL US,20071017,-9999,-9999,0,0,0,183,83,89,47
GHCND:USC00112223,DE KALB IL US,20071018,-9999,-9999,155,0,0,217,89,172,122
GHCND:USC00112223,DE KALB IL US,20071019,-9999,-9999,3,0,0,244,117,117,150
GHCND:USC00112223,DE KALB IL US,20071020,-9999,-9999,0,0,0,150,67,67,137
GHCND:USC00112223,DE KALB IL US,20071021,-9999,-9999,0,0,0,228,61,144,77
GHCND:USC00112223,DE KALB IL US,20071022,-9999,-9999,0,0,0,261,128,128,109
GHCND:USC00112223,DE KALB IL US,20071023,-9999,-9999,38,0,0,122,39,39,69
GHCND:USC00112223,DE KALB IL US,20071024,-9999,-9999,0,0,0,144,33,50,47
GHCND:USC00112223,DE KALB IL US,20071025,-9999,-9999,0,0,0,122,33,56,114
GHCND:USC00112223,DE KALB IL US,20071026,-9999,-9999,3,0,0,133,50,106,113
GHCND:USC00112223,DE KALB IL US,20071027,-9999,-9999,56,0,0,172,94,94,53
GHCND:USC00112223,DE KALB IL US,20071028,-9999,-9999,0,0,0,133,-6,-6,47
GHCND:USC00112223,DE KALB IL US,20071029,-9999,-9999,0,0,0,139,-6,17,37
GHCND:USC00112223,DE KALB IL US,20071030,-9999,-9999,0,0,0,167,17,39,77
GHCND:USC00112223,DE KALB IL US,20071031,-9999,-9999,0,0,0,194,39,89,108
GHCND:USC00112223,DE KALB IL US,20071101,-9999,-9999,0,0,0,194,-11,-11,-9999
GHCND:USC00112223,DE KALB IL US,20071102,-9999,-9999,0,0,0,122,-11,0,-9999
GHCND:USC00112223,DE KALB IL US,20071103,-9999,-9999,0,0,0,139,-11,17,-9999
GHCND:USC00112223,DE KALB IL US,20071104,-9999,-9999,0,0,0,122,6,6,-9999
GHCND:USC00112223,DE KALB IL US,20071105,-9999,-9999,0,0,0,122,6,78,-9999
GHCND:USC00112223,DE KALB IL US,20071106,-9999,-9999,0,0,0,111,-6,0,-9999
GHCND:USC00112223,DE KALB IL US,20071107,-9999,-9999,0,0,0,67,-44,-44,-9999
GHCND:USC00112223,DE KALB IL US,20071108,-9999,-9999,0,0,0,56,-44,6,-9999
GHCND:USC00112223,DE KALB IL US,20071109,-9999,-9999,0,0,0,100,-17,-17,-9999
GHCND:USC00112223,DE KALB IL US,20071110,-9999,-9999,0,0,0,78,-28,-28,-9999
GHCND:USC00112223,DE KALB IL US,20071111,-9999,-9999,28,0,0,89,-28,56,-9999
GHCND:USC00112223,DE KALB IL US,20071112,-9999,-9999,0,0,0,133,56,128,-9999
GHCND:USC00112223,DE KALB IL US,20071113,-9999,-9999,0,0,0,172,0,0,-9999
GHCND:USC00112223,DE KALB IL US,20071114,-9999,-9999,0,0,0,144,0,50,-9999
GHCND:USC00112223,DE KALB IL US,20071115,-9999,-9999,0,0,0,100,17,17,-9999
GHCND:USC00112223,DE KALB IL US,20071116,-9999,-9999,0,0,0,44,-61,-33,-9999
GHCND:USC00112223,DE KALB IL US,20071117,-9999,-9999,0,0,0,44,-33,17,-9999
GHCND:USC00112223,DE KALB IL US,20071118,-9999,-9999,3,0,0,56,6,6,-9999
GHCND:USC00112223,DE KALB IL US,20071119,-9999,-9999,3,0,0,72,6,50,-9999
GHCND:USC00112223,DE KALB IL US,20071120,-9999,-9999,0,0,0,133,50,67,-9999
GHCND:USC00112223,DE KALB IL US,20071121,-9999,-9999,104,0,0,89,50,50,-9999
GHCND:USC00112223,DE KALB IL US,20071122,-9999,-9999,79,0,10,50,-33,-33,-9999
GHCND:USC00112223,DE KALB IL US,20071123,-9999,-9999,0,0,0,-6,-72,-56,-9999
GHCND:USC00112223,DE KALB IL US,20071124,-9999,-9999,0,0,0,-6,-56,-39,-9999
GHCND:USC00112223,DE KALB IL US,20071125,-9999,-9999,0,0,0,28,-39,-22,-9999
GHCND:USC00112223,DE KALB IL US,20071126,-9999,-9999,0,0,0,22,-28,-11,-9999
GHCND:USC00112223,DE KALB IL US,20071127,-9999,-9999,0,0,0,33,-33,-17,-9999
GHCND:USC00112223,DE KALB IL US,20071128,-9999,-9999,0,0,0,0,-50,-17,-9999
GHCND:USC00112223,DE KALB IL US,20071129,-9999,-9999,0,0,0,56,-89,-89,-9999
GHCND:USC00112223,DE KALB IL US,20071130,-9999,-9999,0,0,0,11,-89,-33,-9999
GHCND:USC00112223,DE KALB IL US,20071201,-9999,-9999,0,0,0,-33,-83,-61,-9999
GHCND:USC00112223,DE KALB IL US,20071202,-9999,-9999,157,51,18,22,-61,17,-9999
GHCND:USC00112223,DE KALB IL US,20071203,-9999,-9999,0,0,0,39,-94,-94,-9999
GHCND:USC00112223,DE KALB IL US,20071204,-9999,-9999,0,0,0,-28,-94,-61,-9999
GHCND:USC00112223,DE KALB IL US,20071205,-9999,-9999,107,152,152,-6,-61,-50,-9999
GHCND:USC00112223,DE KALB IL US,20071206,-9999,-9999,0,152,0,-56,-172,-167,-9999
GHCND:USC00112223,DE KALB IL US,20071207,-9999,-9999,28,178,38,-33,-167,-33,-9999
GHCND:USC00112223,DE KALB IL US,20071208,-9999,-9999,0,152,0,-17,-128,-128,-9999
GHCND:USC00112223,DE KALB IL US,20071209,-9999,-9999,5,127,3,-72,-128,-83,-9999
GHCND:USC00112223,DE KALB IL US,20071210,-9999,-9999,3,127,0,-44,-83,-61,-9999
GHCND:USC00112223,DE KALB IL US,20071211,-9999,-9999,79,102,3,-6,-67,-11,-9999
GHCND:USC00112223,DE KALB IL US,20071212,-9999,-9999,140,76,0,0,-67,-67,-9999
GHCND:USC00112223,DE KALB IL US,20071213,-9999,-9999,3,76,3,-11,-67,-28,-9999
GHCND:USC00112223,DE KALB IL US,20071214,-9999,-9999,0,76,0,-17,-111,-111,-9999
GHCND:USC00112223,DE KALB IL US,20071215,-9999,-9999,23,127,46,-50,-111,-50,-9999
GHCND:USC00112223,DE KALB IL US,20071216,-9999,-9999,76,229,122,-22,-100,-100,-9999
GHCND:USC00112223,DE KALB IL US,20071217,-9999,-9999,0,203,0,-78,-106,-94,-9999
GHCND:USC00112223,DE KALB IL US,20071218,-9999,-9999,0,178,0,-56,-100,-67,-9999
GHCND:USC00112223,DE KALB IL US,20071219,-9999,-9999,0,178,0,6,-89,-83,-9999
GHCND:USC00112223,DE KALB IL US,20071220,-9999,-9999,0,178,0,-39,-89,-44,-9999
GHCND:USC00112223,DE KALB IL US,20071221,-9999,-9999,13,152,0,28,-44,0,-9999
GHCND:USC00112223,DE KALB IL US,20071222,-9999,-9999,5,76,0,33,0,33,-9999
GHCND:USC00112223,DE KALB IL US,20071223,-9999,-9999,142,25,13,83,-117,-117,-9999
GHCND:USC00112223,DE KALB IL US,20071224,-9999,-9999,3,25,8,-61,-128,-61,-9999
GHCND:USC00112223,DE KALB IL US,20071225,-9999,-9999,0,25,0,-39,-67,-67,-9999
GHCND:USC00112223,DE KALB IL US,20071226,-9999,-9999,0,0,0,39,-67,-22,-9999
GHCND:USC00112223,DE KALB IL US,20071227,-9999,-9999,13,0,0,56,-22,-11,-9999
GHCND:USC00112223,DE KALB IL US,20071228,-9999,-9999,0,0,0,-6,-28,-11,-9999
GHCND:USC00112223,DE KALB IL US,20071229,-9999,-9999,74,102,97,0,-72,-72,-9999
GHCND:USC00112223,DE KALB IL US,20071230,-9999,-9999,0,76,0,-39,-83,-83,-9999
GHCND:USC00112223,DE KALB IL US,20071231,-9999,-9999,3,76,10,-11,-83,-50,-9999
GHCND:USC00112223,DE KALB IL US,20080101,-9999,-9999,102,178,132,-11,-78,-78,-9999
GHCND:USC00112223,DE KALB IL US,20080102,-9999,-9999,28,178,25,-78,-200,-194,-9999
GHCND:USC00112223,DE KALB IL US,20080103,-9999,-9999,0,152,0,-100,-206,-194,-9999
GHCND:USC00112223,DE KALB IL US,20080104,-9999,-9999,0,152,0,-61,-200,-67,-9999
GHCND:USC00112223,DE KALB IL US,20080105,-9999,-9999,0,152,0,11,-67,11,-9999
GHCND:USC00112223,DE KALB IL US,20080106,-9999,-9999,0,0,0,56,11,56,-9999
GHCND:USC00112223,DE KALB IL US,20080107,-9999,-9999,0,0,0,128,50,106,-9999
GHCND:USC00112223,DE KALB IL US,20080108,-9999,-9999,36,0,0,167,94,111,-9999
GHCND:USC00112223,DE KALB IL US,20080109,-9999,-9999,61,0,0,117,-22,-22,-9999
GHCND:USC00112223,DE KALB IL US,20080110,-9999,-9999,0,0,0,17,-28,6,-9999
GHCND:USC00112223,DE KALB IL US,20080111,-9999,-9999,51,0,0,56,0,6,-9999
GHCND:USC00112223,DE KALB IL US,20080112,-9999,-9999,0,0,0,6,-44,-28,-9999
GHCND:USC00112223,DE KALB IL US,20080113,-9999,-9999,0,0,0,39,-28,-17,-9999
GHCND:USC00112223,DE KALB IL US,20080114,-9999,-9999,0,0,0,-17,-72,-72,-9999
GHCND:USC00112223,DE KALB IL US,20080115,-9999,-9999,3,0,3,-56,-133,-128,-9999
GHCND:USC00112223,DE KALB IL US,20080116,-9999,-9999,0,0,0,-39,-128,-61,-9999
GHCND:USC00112223,DE KALB IL US,20080117,-9999,-9999,0,0,0,39,-61,-22,-9999
GHCND:USC00112223,DE KALB IL US,20080118,-9999,-9999,10,25,20,0,-156,-144,-9999
GHCND:USC00112223,DE KALB IL US,20080119,-9999,-9999,5,25,8,-56,-222,-222,-9999
GHCND:USC00112223,DE KALB IL US,20080120,-9999,-9999,0,25,0,-172,-233,-228,-9999
GHCND:USC00112223,DE KALB IL US,20080121,-9999,-9999,3,51,13,-139,-233,-144,-9999
GHCND:USC00112223,DE KALB IL US,20080122,-9999,-9999,64,127,102,-28,-144,-117,-9999
GHCND:USC00112223,DE KALB IL US,20080123,-9999,-9999,0,102,0,-111,-178,-178,-9999
GHCND:USC00112223,DE KALB IL US,20080124,-9999,-9999,13,127,25,-111,-261,-261,-9999
GHCND:USC00112223,DE KALB IL US,20080125,-9999,-9999,0,102,0,-167,-261,-217,-9999
GHCND:USC00112223,DE KALB IL US,20080126,-9999,-9999,23,127,25,-61,-217,-61,-9999
GHCND:USC00112223,DE KALB IL US,20080127,-9999,-9999,0,127,0,-17,-156,-139,-9999
GHCND:USC00112223,DE KALB IL US,20080128,-9999,-9999,0,127,0,17,-139,11,-9999
GHCND:USC00112223,DE KALB IL US,20080129,-9999,-9999,8,25,0,50,11,50,-9999
GHCND:USC00112223,DE KALB IL US,20080130,-9999,-9999,0,0,0,89,-200,-200,-9999
GHCND:USC00112223,DE KALB IL US,20080131,-9999,-9999,0,0,0,-117,-200,-122,-9999
GHCND:USC00112223,DE KALB IL US,20080201,-9999,-9999,152,178,198,-44,-122,-50,-9999
GHCND:USC00112223,DE KALB IL US,20080202,-9999,-9999,0,152,0,-22,-56,-50,-9999
GHCND:USC00112223,DE KALB IL US,20080203,-9999,-9999,0,152,0,-28,-56,-56,-9999
GHCND:USC00112223,DE KALB IL US,20080204,-9999,-9999,56,203,89,-6,-56,-6,-9999
GHCND:USC00112223,DE KALB IL US,20080205,-9999,-9999,86,102,0,56,-6,0,-9999
GHCND:USC00112223,DE KALB IL US,20080206,-9999,-9999,76,102,25,6,-6,-6,-9999
GHCND:USC00112223,DE KALB IL US,20080207,-9999,-9999,84,152,64,-6,-67,-67,-9999
GHCND:USC00112223,DE KALB IL US,20080208,-9999,-9999,8,152,5,-28,-72,-28,-9999
GHCND:USC00112223,DE KALB IL US,20080209,-9999,-9999,3,152,0,11,-33,-33,-9999
GHCND:USC00112223,DE KALB IL US,20080210,-9999,-9999,0,152,0,-11,-217,-217,-9999
GHCND:USC00112223,DE KALB IL US,20080211,-9999,-9999,0,152,0,-172,-217,-200,-9999
GHCND:USC00112223,DE KALB IL US,20080212,-9999,-9999,18,203,15,-106,-200,-106,-9999
GHCND:USC00112223,DE KALB IL US,20080213,-9999,-9999,18,229,28,-67,-172,-167,-9999
GHCND:USC00112223,DE KALB IL US,20080214,-9999,-9999,0,229,0,-67,-172,-67,-9999
GHCND:USC00112223,DE KALB IL US,20080215,-9999,-9999,0,178,0,0,-133,-133,-9999
GHCND:USC00112223,DE KALB IL US,20080216,-9999,-9999,0,152,0,-89,-156,-150,-9999
GHCND:USC00112223,DE KALB IL US,20080217,-9999,-9999,201,152,0,39,-150,33,-9999
GHCND:USC00112223,DE KALB IL US,20080218,-9999,-9999,91,76,0,50,-83,-83,-9999
GHCND:USC00112223,DE KALB IL US,20080219,-9999,-9999,0,76,0,-83,-183,-178,-9999
GHCND:USC00112223,DE KALB IL US,20080220,-9999,-9999,5,76,8,-106,-183,-172,-9999
GHCND:USC00112223,DE KALB IL US,20080221,-9999,-9999,0,76,0,-106,-172,-133,-9999
GHCND:USC00112223,DE KALB IL US,20080222,-9999,-9999,3,76,3,-61,-133,-83,-9999
GHCND:USC00112223,DE KALB IL US,20080223,-9999,-9999,0,76,0,-33,-111,-106,-9999
GHCND:USC00112223,DE KALB IL US,20080224,-9999,-9999,0,76,0,-22,-106,-94,-9999
GHCND:USC00112223,DE KALB IL US,20080225,-9999,-9999,0,76,0,17,-100,-11,-9999
GHCND:USC00112223,DE KALB IL US,20080226,-9999,-9999,155,178,114,0,-39,-33,-9999
GHCND:USC00112223,DE KALB IL US,20080227,-9999,-9999,0,152,0,-33,-106,-106,-9999
GHCND:USC00112223,DE KALB IL US,20080228,-9999,-9999,0,127,0,-56,-156,-144,-9999
GHCND:USC00112223,DE KALB IL US,20080229,-9999,-9999,30,152,36,-6,-144,-6,-9999
GHCND:USC00112223,DE KALB IL US,20080301,-9999,-9999,0,102,0,28,-83,-78,-9999
GHCND:USC00112223,DE KALB IL US,20080302,-9999,-9999,0,76,0,17,-83,17,-9999
GHCND:USC00112223,DE KALB IL US,20080303,-9999,-9999,109,25,0,94,6,6,-9999
GHCND:USC00112223,DE KALB IL US,20080304,-9999,-9999,10,25,0,6,-78,-72,-9999
GHCND:USC00112223,DE KALB IL US,20080305,-9999,-9999,0,25,0,-17,-78,-72,-9999
GHCND:USC00112223,DE KALB IL US,20080306,-9999,-9999,3,0,5,6,-83,-83,-9999
GHCND:USC00112223,DE KALB IL US,20080307,-9999,-9999,0,0,0,-17,-94,-89,-9999
GHCND:USC00112223,DE KALB IL US,20080308,-9999,-9999,0,0,0,-44,-128,-122,-9999
GHCND:USC00112223,DE KALB IL US,20080309,-9999,-9999,0,0,0,-50,-122,-50,-9999
GHCND:USC00112223,DE KALB IL US,20080310,-9999,-9999,0,0,0,33,-50,-39,-9999
GHCND:USC00112223,DE KALB IL US,20080311,-9999,-9999,0,0,0,11,-56,-56,-9999
GHCND:USC00112223,DE KALB IL US,20080312,-9999,-9999,0,0,0,78,-56,-6,-9999
GHCND:USC00112223,DE KALB IL US,20080313,-9999,-9999,0,0,0,83,-6,11,-9999
GHCND:USC00112223,DE KALB IL US,20080314,-9999,-9999,0,0,0,128,-17,-11,-9999
GHCND:USC00112223,DE KALB IL US,20080315,-9999,-9999,0,0,0,117,-11,-6,-9999
GHCND:USC00112223,DE KALB IL US,20080316,-9999,-9999,0,0,0,33,-39,-39,-9999
GHCND:USC00112223,DE KALB IL US,20080317,-9999,-9999,0,0,0,33,-39,-6,-9999
GHCND:USC00112223,DE KALB IL US,20080318,-9999,-9999,36,0,13,33,-6,22,-9999
GHCND:USC00112223,DE KALB IL US,20080319,-9999,-9999,8,0,0,44,11,11,-9999
GHCND:USC00112223,DE KALB IL US,20080320,-9999,-9999,0,0,0,83,-11,-11,-9999
GHCND:USC00112223,DE KALB IL US,20080321,-9999,-9999,25,0,10,94,-17,-17,-9999
GHCND:USC00112223,DE KALB IL US,20080322,-9999,-9999,46,51,51,0,-28,-28,-9999
GHCND:USC00112223,DE KALB IL US,20080323,-9999,-9999,0,0,0,28,-39,-33,-9999
GHCND:USC00112223,DE KALB IL US,20080324,-9999,-9999,0,0,0,44,-33,-22,-9999
GHCND:USC00112223,DE KALB IL US,20080325,-9999,-9999,0,0,0,39,-22,17,-9999
GHCND:USC00112223,DE KALB IL US,20080326,-9999,-9999,0,0,0,139,-17,-11,-9999
GHCND:USC00112223,DE KALB IL US,20080327,-9999,-9999,0,0,0,106,-11,17,-9999
GHCND:USC00112223,DE KALB IL US,20080328,-9999,-9999,46,25,23,22,-61,-61,-9999
GHCND:USC00112223,DE KALB IL US,20080329,-9999,-9999,13,0,0,39,-61,-33,-9999
GHCND:USC00112223,DE KALB IL US,20080330,-9999,-9999,8,0,0,83,-33,11,-9999
GHCND:USC00112223,DE KALB IL US,20080331,-9999,-9999,114,0,0,44,11,39,-9999
GHCND:USC00112223,DE KALB IL US,20080401,-9999,-9999,135,0,0,156,17,17,-9999
GHCND:USC00112223,DE KALB IL US,20080402,-9999,-9999,0,0,0,50,-22,-11,8
GHCND:USC00112223,DE KALB IL US,20080403,-9999,-9999,0,0,0,106,-11,17,80
GHCND:USC00112223,DE KALB IL US,20080404,-9999,-9999,79,0,0,111,17,28,137
GHCND:USC00112223,DE KALB IL US,20080405,-9999,-9999,3,0,0,128,28,44,90
GHCND:USC00112223,DE KALB IL US,20080406,-9999,-9999,0,0,0,172,44,50,100
GHCND:USC00112223,DE KALB IL US,20080407,-9999,-9999,0,0,0,178,28,28,100
GHCND:USC00112223,DE KALB IL US,20080408,-9999,-9999,0,0,0,78,22,39,109
GHCND:USC00112223,DE KALB IL US,20080409,-9999,-9999,310,0,0,67,17,17,124
GHCND:USC00112223,DE KALB IL US,20080410,-9999,-9999,25,0,0,100,17,33,122
GHCND:USC00112223,DE KALB IL US,20080411,-9999,-9999,191,0,0,139,33,117,192
GHCND:USC00112223,DE KALB IL US,20080412,-9999,-9999,13,0,0,150,11,11,220
GHCND:USC00112223,DE KALB IL US,20080413,-9999,-9999,15,0,0,33,0,0,117
GHCND:USC00112223,DE KALB IL US,20080414,-9999,-9999,3,0,0,50,-17,-11,109
GHCND:USC00112223,DE KALB IL US,20080415,-9999,-9999,0,0,0,100,-17,0,51
GHCND:USC00112223,DE KALB IL US,20080416,-9999,-9999,0,0,0,144,0,56,132
GHCND:USC00112223,DE KALB IL US,20080417,-9999,-9999,0,0,0,228,56,106,146
GHCND:USC00112223,DE KALB IL US,20080418,-9999,-9999,0,0,0,239,106,128,68
GHCND:USC00112223,DE KALB IL US,20080419,-9999,-9999,81,0,0,211,111,111,79
GHCND:USC00112223,DE KALB IL US,20080420,-9999,-9999,38,0,0,172,83,89,42
GHCND:USC00112223,DE KALB IL US,20080421,-9999,-9999,0,0,0,233,83,100,34
GHCND:USC00112223,DE KALB IL US,20080422,-9999,-9999,0,0,0,244,100,128,82
GHCND:USC00112223,DE KALB IL US,20080423,-9999,-9999,10,0,0,228,111,117,76
GHCND:USC00112223,DE KALB IL US,20080424,-9999,-9999,0,0,0,233,117,156,138
GHCND:USC00112223,DE KALB IL US,20080425,-9999,-9999,58,0,0,233,156,161,116
GHCND:USC00112223,DE KALB IL US,20080426,-9999,-9999,64,0,0,239,22,28,175
GHCND:USC00112223,DE KALB IL US,20080427,-9999,-9999,0,0,0,133,22,39,159
GHCND:USC00112223,DE KALB IL US,20080428,-9999,-9999,0,0,0,117,33,33,56
GHCND:USC00112223,DE KALB IL US,20080429,-9999,-9999,86,0,0,44,6,11,56
GHCND:USC00112223,DE KALB IL US,20080430,-9999,-9999,0,0,0,72,6,11,39
GHCND:USC00112223,DE KALB IL US,20080501,-9999,-9999,0,0,0,161,11,100,113
GHCND:USC00112223,DE KALB IL US,20080502,-9999,-9999,0,0,0,228,100,161,77
GHCND:USC00112223,DE KALB IL US,20080503,-9999,-9999,86,0,0,228,83,89,127
GHCND:USC00112223,DE KALB IL US,20080504,-9999,-9999,13,0,0,117,17,39,105
GHCND:USC00112223,DE KALB IL US,20080505,-9999,-9999,0,0,0,189,39,111,85
GHCND:USC00112223,DE KALB IL US,20080506,-9999,-9999,0,0,0,239,106,122,35
GHCND:USC00112223,DE KALB IL US,20080507,-9999,-9999,10,0,0,278,122,144,119
GHCND:USC00112223,DE KALB IL US,20080508,-9999,-9999,130,0,0,206,78,100,92
GHCND:USC00112223,DE KALB IL US,20080509,-9999,-9999,0,0,0,156,50,67,119
GHCND:USC00112223,DE KALB IL US,20080510,-9999,-9999,0,0,0,161,50,56,58
GHCND:USC00112223,DE KALB IL US,20080511,-9999,-9999,218,0,0,178,56,83,109
GHCND:USC00112223,DE KALB IL US,20080512,-9999,-9999,163,0,0,128,33,44,121
GHCND:USC00112223,DE KALB IL US,20080513,-9999,-9999,0,0,0,161,44,83,69
GHCND:USC00112223,DE KALB IL US,20080514,-9999,-9999,18,0,0,217,83,133,126
GHCND:USC00112223,DE KALB IL US,20080515,-9999,-9999,0,0,0,189,67,72,55
GHCND:USC00112223,DE KALB IL US,20080516,-9999,-9999,0,0,0,167,33,100,68
GHCND:USC00112223,DE KALB IL US,20080517,-9999,-9999,0,0,0,222,100,167,132
GHCND:USC00112223,DE KALB IL US,20080518,-9999,-9999,20,0,0,167,56,61,95
GHCND:USC00112223,DE KALB IL US,20080519,-9999,-9999,0,0,0,150,50,72,37
GHCND:USC00112223,DE KALB IL US,20080520,-9999,-9999,0,0,0,172,50,72,45
GHCND:USC00112223,DE KALB IL US,20080521,-9999,-9999,0,0,0,189,61,67,63
GHCND:USC00112223,DE KALB IL US,20080522,-9999,-9999,0,0,0,200,67,89,63
GHCND:USC00112223,DE KALB IL US,20080523,-9999,-9999,0,0,0,211,72,83,87
GHCND:USC00112223,DE KALB IL US,20080524,-9999,-9999,0,0,0,178,50,72,92
GHCND:USC00112223,DE KALB IL US,20080525,-9999,-9999,0,0,0,233,72,106,84
GHCND:USC00112223,DE KALB IL US,20080526,-9999,-9999,373,0,0,256,106,178,100
GHCND:USC00112223,DE KALB IL US,20080527,-9999,-9999,3,0,0,267,61,72,146
GHCND:USC00112223,DE KALB IL US,20080528,-9999,-9999,0,0,0,117,33,72,158
GHCND:USC00112223,DE KALB IL US,20080529,-9999,-9999,0,0,0,189,39,100,53
GHCND:USC00112223,DE KALB IL US,20080530,-9999,-9999,36,0,0,200,72,161,51
GHCND:USC00112223,DE KALB IL US,20080531,-9999,-9999,188,0,0,256,161,178,109
GHCND:USC00112223,DE KALB IL US,20080601,-9999,-9999,0,0,0,261,139,122,93
GHCND:USC00112223,DE KALB IL US,20080602,-9999,-9999,0,0,0,278,122,144,32
GHCND:USC00112223,DE KALB IL US,20080603,-9999,-9999,0,0,0,300,144,161,63
GHCND:USC00112223,DE KALB IL US,20080604,-9999,-9999,127,0,0,228,150,150,85
GHCND:USC00112223,DE KALB IL US,20080605,-9999,-9999,5,0,0,272,150,217,58
GHCND:USC00112223,DE KALB IL US,20080606,-9999,-9999,0,0,0,311,217,244,129
GHCND:USC00112223,DE KALB IL US,20080607,-9999,-9999,0,0,0,317,200,217,169
GHCND:USC00112223,DE KALB IL US,20080608,-9999,-9999,56,0,0,311,206,222,108
GHCND:USC00112223,DE KALB IL US,20080609,-9999,-9999,229,0,0,300,189,200,109
GHCND:USC00112223,DE KALB IL US,20080610,-9999,-9999,36,0,0,211,133,150,79
GHCND:USC00112223,DE KALB IL US,20080611,-9999,-9999,0,0,0,261,144,178,71
GHCND:USC00112223,DE KALB IL US,20080612,-9999,-9999,0,0,0,272,167,217,106
GHCND:USC00112223,DE KALB IL US,20080613,-9999,-9999,89,0,0,322,183,200,138
GHCND:USC00112223,DE KALB IL US,20080614,-9999,-9999,0,0,0,217,133,178,74
GHCND:USC00112223,DE KALB IL US,20080615,-9999,-9999,61,0,0,278,150,161,114
GHCND:USC00112223,DE KALB IL US,20080616,-9999,-9999,38,0,0,272,139,172,80
GHCND:USC00112223,DE KALB IL US,20080617,-9999,-9999,0,0,0,211,100,139,58
GHCND:USC00112223,DE KALB IL US,20080618,-9999,-9999,0,0,0,233,111,150,74
GHCND:USC00112223,DE KALB IL US,20080619,-9999,-9999,0,0,0,239,106,144,40
GHCND:USC00112223,DE KALB IL US,20080620,-9999,-9999,0,0,0,261,133,178,26
GHCND:USC00112223,DE KALB IL US,20080621,-9999,-9999,5,0,0,272,133,178,48
GHCND:USC00112223,DE KALB IL US,20080622,-9999,-9999,5,0,0,272,144,178,43
GHCND:USC00112223,DE KALB IL US,20080623,-9999,-9999,5,0,0,261,122,161,47
GHCND:USC00112223,DE KALB IL US,20080624,-9999,-9999,0,0,0,256,128,161,39
GHCND:USC00112223,DE KALB IL US,20080625,-9999,-9999,8,0,0,272,111,200,45
GHCND:USC00112223,DE KALB IL US,20080626,-9999,-9999,28,0,0,267,189,222,80
GHCND:USC00112223,DE KALB IL US,20080627,-9999,-9999,0,0,0,283,183,200,51
GHCND:USC00112223,DE KALB IL US,20080628,-9999,-9999,10,0,0,261,183,200,80
GHCND:USC00112223,DE KALB IL US,20080629,-9999,-9999,124,0,0,272,156,161,126
GHCND:USC00112223,DE KALB IL US,20080630,-9999,-9999,3,0,0,222,139,172,63
GHCND:USC00112223,DE KALB IL US,20080701,-9999,-9999,0,0,0,272,122,172,35
GHCND:USC00112223,DE KALB IL US,20080702,-9999,-9999,0,0,0,272,133,172,66
GHCND:USC00112223,DE KALB IL US,20080703,-9999,-9999,13,0,0,289,139,156,117
GHCND:USC00112223,DE KALB IL US,20080704,-9999,-9999,0,0,0,228,106,117,79
GHCND:USC00112223,DE KALB IL US,20080705,-9999,-9999,0,0,0,239,117,150,45
GHCND:USC00112223,DE KALB IL US,20080706,-9999,-9999,0,0,0,261,128,167,34
GHCND:USC00112223,DE KALB IL US,20080707,-9999,-9999,0,0,0,294,156,222,69
GHCND:USC00112223,DE KALB IL US,20080708,-9999,-9999,297,0,0,300,189,211,98
GHCND:USC00112223,DE KALB IL US,20080709,-9999,-9999,0,0,0,278,172,178,68
GHCND:USC00112223,DE KALB IL US,20080710,-9999,-9999,0,0,0,272,172,222,43
GHCND:USC00112223,DE KALB IL US,20080711,-9999,-9999,394,0,0,267,161,189,69
GHCND:USC00112223,DE KALB IL US,20080712,-9999,-9999,218,0,0,300,183,189,72
GHCND:USC00112223,DE KALB IL US,20080713,-9999,-9999,0,0,0,261,156,172,95
GHCND:USC00112223,DE KALB IL US,20080714,-9999,-9999,0,0,0,256,128,172,98
GHCND:USC00112223,DE KALB IL US,20080715,-9999,-9999,0,0,0,272,133,178,45
GHCND:USC00112223,DE KALB IL US,20080716,-9999,-9999,0,0,0,317,178,222,66
GHCND:USC00112223,DE KALB IL US,20080717,-9999,-9999,0,0,0,322,194,222,55
GHCND:USC00112223,DE KALB IL US,20080718,-9999,-9999,0,0,0,311,200,222,85
GHCND:USC00112223,DE KALB IL US,20080719,-9999,-9999,239,0,0,306,178,189,60
GHCND:USC00112223,DE KALB IL US,20080720,-9999,-9999,127,0,0,272,189,200,40
GHCND:USC00112223,DE KALB IL US,20080721,-9999,-9999,5,0,0,289,189,222,40
GHCND:USC00112223,DE KALB IL US,20080722,-9999,-9999,41,0,0,283,172,194,48
GHCND:USC00112223,DE KALB IL US,20080723,-9999,-9999,0,0,0,278,167,178,63
GHCND:USC00112223,DE KALB IL US,20080724,-9999,-9999,0,0,0,267,139,167,40
GHCND:USC00112223,DE KALB IL US,20080725,-9999,-9999,0,0,0,256,139,178,55
GHCND:USC00112223,DE KALB IL US,20080726,-9999,-9999,0,0,0,267,178,211,61
GHCND:USC00112223,DE KALB IL US,20080727,-9999,-9999,0,0,0,267,139,194,51
GHCND:USC00112223,DE KALB IL US,20080728,-9999,-9999,0,0,0,272,139,189,47
GHCND:USC00112223,DE KALB IL US,20080729,-9999,-9999,0,0,0,300,172,189,50
GHCND:USC00112223,DE KALB IL US,20080730,-9999,-9999,130,0,0,306,183,222,79
GHCND:USC00112223,DE KALB IL US,20080731,-9999,-9999,0,0,0,300,189,217,63
GHCND:USC00112223,DE KALB IL US,20080801,-9999,-9999,10,0,0,294,194,217,37
GHCND:USC00112223,DE KALB IL US,20080802,-9999,-9999,0,0,0,311,144,172,42
GHCND:USC00112223,DE KALB IL US,20080803,-9999,-9999,0,0,0,278,139,156,42
GHCND:USC00112223,DE KALB IL US,20080804,-9999,-9999,0,0,0,283,139,211,60
GHCND:USC00112223,DE KALB IL US,20080805,-9999,-9999,267,0,0,300,194,222,61
GHCND:USC00112223,DE KALB IL US,20080806,-9999,-9999,0,0,0,294,156,200,29
GHCND:USC00112223,DE KALB IL US,20080807,-9999,-9999,0,0,0,267,150,167,61
GHCND:USC00112223,DE KALB IL US,20080808,-9999,-9999,0,0,0,261,128,172,43
GHCND:USC00112223,DE KALB IL US,20080809,-9999,-9999,13,0,0,256,128,178,63
GHCND:USC00112223,DE KALB IL US,20080810,-9999,-9999,0,0,0,256,128,156,58
GHCND:USC00112223,DE KALB IL US,20080811,-9999,-9999,0,0,0,233,106,161,55
GHCND:USC00112223,DE KALB IL US,20080812,-9999,-9999,0,0,0,250,133,172,27
GHCND:USC00112223,DE KALB IL US,20080813,-9999,-9999,0,0,0,250,150,167,32
GHCND:USC00112223,DE KALB IL US,20080814,-9999,-9999,0,0,0,250,128,139,26
GHCND:USC00112223,DE KALB IL US,20080815,-9999,-9999,0,0,0,267,139,156,64
GHCND:USC00112223,DE KALB IL US,20080816,-9999,-9999,0,0,0,261,117,161,68
GHCND:USC00112223,DE KALB IL US,20080817,-9999,-9999,0,0,0,261,111,178,61
GHCND:USC00112223,DE KALB IL US,20080818,-9999,-9999,0,0,0,256,111,183,48
GHCND:USC00112223,DE KALB IL US,20080819,-9999,-9999,0,0,0,289,139,172,48
GHCND:USC00112223,DE KALB IL US,20080820,-9999,-9999,23,0,0,283,167,172,58
GHCND:USC00112223,DE KALB IL US,20080821,-9999,-9999,0,0,0,289,161,189,77
GHCND:USC00112223,DE KALB IL US,20080822,-9999,-9999,140,0,0,250,189,200,55
GHCND:USC00112223,DE KALB IL US,20080823,-9999,-9999,3,0,0,283,200,211,66
GHCND:USC00112223,DE KALB IL US,20080824,-9999,-9999,3,0,0,278,144,144,60
GHCND:USC00112223,DE KALB IL US,20080825,-9999,-9999,0,0,0,239,122,139,58
GHCND:USC00112223,DE KALB IL US,20080826,-9999,-9999,0,0,0,233,139,156,90
GHCND:USC00112223,DE KALB IL US,20080827,-9999,-9999,0,0,0,250,144,156,69
GHCND:USC00112223,DE KALB IL US,20080828,-9999,-9999,0,0,0,272,156,178,31
GHCND:USC00112223,DE KALB IL US,20080829,-9999,-9999,38,0,0,256,178,183,34
GHCND:USC00112223,DE KALB IL US,20080830,-9999,-9999,0,0,0,272,111,150,32
GHCND:USC00112223,DE KALB IL US,20080831,-9999,-9999,0,0,0,278,128,183,35
GHCND:USC00112223,DE KALB IL US,20080901,-9999,-9999,0,0,0,300,122,189,56
GHCND:USC00112223,DE KALB IL US,20080902,-9999,-9999,0,0,0,311,189,211,56
GHCND:USC00112223,DE KALB IL US,20080903,-9999,-9999,0,0,0,328,178,178,61
GHCND:USC00112223,DE KALB IL US,20080904,-9999,-9999,76,0,0,200,139,139,101
GHCND:USC00112223,DE KALB IL US,20080905,-9999,-9999,381,0,0,161,133,133,97
GHCND:USC00112223,DE KALB IL US,20080906,-9999,-9999,0,0,0,183,122,122,50
GHCND:USC00112223,DE KALB IL US,20080907,-9999,-9999,0,0,0,211,111,111,23
GHCND:USC00112223,DE KALB IL US,20080908,-9999,-9999,0,0,0,222,111,139,61
GHCND:USC00112223,DE KALB IL US,20080909,-9999,-9999,178,0,0,161,67,78,37
GHCND:USC00112223,DE KALB IL US,20080910,-9999,-9999,0,0,0,189,89,100,26
GHCND:USC00112223,DE KALB IL US,20080911,-9999,-9999,0,0,0,211,100,122,58
GHCND:USC00112223,DE KALB IL US,20080912,-9999,-9999,18,0,0,222,122,200,74
GHCND:USC00112223,DE KALB IL US,20080913,-9999,-9999,879,0,0,222,128,206,50
GHCND:USC00112223,DE KALB IL US,20080914,-9999,-9999,439,0,0,228,183,183,98
GHCND:USC00112223,DE KALB IL US,20080915,-9999,-9999,183,0,0,183,122,122,55
GHCND:USC00112223,DE KALB IL US,20080916,-9999,-9999,3,0,0,167,78,94,26
GHCND:USC00112223,DE KALB IL US,20080917,-9999,-9999,0,0,0,228,94,128,66
GHCND:USC00112223,DE KALB IL US,20080918,-9999,-9999,0,0,0,278,128,144,50
GHCND:USC00112223,DE KALB IL US,20080919,-9999,-9999,0,0,0,239,128,128,66
GHCND:USC00112223,DE KALB IL US,20080920,-9999,-9999,0,0,0,261,128,144,32
GHCND:USC00112223,DE KALB IL US,20080921,-9999,-9999,0,0,0,272,128,150,24
GHCND:USC00112223,DE KALB IL US,20080922,-9999,-9999,0,0,0,272,150,156,14
GHCND:USC00112223,DE KALB IL US,20080923,-9999,-9999,0,0,0,267,156,161,47
GHCND:USC00112223,DE KALB IL US,20080924,-9999,-9999,0,0,0,283,156,161,32
GHCND:USC00112223,DE KALB IL US,20080925,-9999,-9999,0,0,0,272,150,150,37
GHCND:USC00112223,DE KALB IL US,20080926,-9999,-9999,0,0,0,222,139,150,56
GHCND:USC00112223,DE KALB IL US,20080927,-9999,-9999,0,0,0,267,117,117,29
GHCND:USC00112223,DE KALB IL US,20080928,-9999,-9999,0,0,0,272,117,167,27
GHCND:USC00112223,DE KALB IL US,20080929,-9999,-9999,0,0,0,206,122,133,58
GHCND:USC00112223,DE KALB IL US,20080930,-9999,-9999,229,0,0,167,89,89,31
GHCND:USC00112223,DE KALB IL US,20081001,-9999,-9999,0,0,0,144,50,50,-9999
GHCND:USC00112223,DE KALB IL US,20081002,-9999,-9999,0,0,0,150,39,56,-9999
GHCND:USC00112223,DE KALB IL US,20081003,-9999,-9999,0,0,0,161,33,78,-9999
GHCND:USC00112223,DE KALB IL US,20081004,-9999,-9999,0,0,0,161,39,39,-9999
GHCND:USC00112223,DE KALB IL US,20081005,-9999,-9999,0,0,0,161,28,83,-9999
GHCND:USC00112223,DE KALB IL US,20081006,-9999,-9999,10,0,0,161,78,128,-9999
GHCND:USC00112223,DE KALB IL US,20081007,-9999,-9999,0,0,0,206,128,133,-9999
GHCND:USC00112223,DE KALB IL US,20081008,-9999,-9999,160,0,0,161,117,117,-9999
GHCND:USC00112223,DE KALB IL US,20081009,-9999,-9999,8,0,0,183,83,83,-9999
GHCND:USC00112223,DE KALB IL US,20081010,-9999,-9999,0,0,0,183,67,67,-9999
GHCND:USC00112223,DE KALB IL US,20081011,-9999,-9999,0,229,0,250,67,67,-9999
GHCND:USC00112223,DE KALB IL US,20081012,-9999,-9999,0,0,0,256,67,161,-9999
GHCND:USC00112223,DE KALB IL US,20081013,-9999,-9999,0,0,0,283,156,167,-9999
GHCND:USC00112223,DE KALB IL US,20081014,-9999,-9999,3,0,0,233,106,106,-9999
GHCND:USC00112223,DE KALB IL US,20081015,-9999,-9999,0,0,0,206,106,139,-9999
GHCND:USC00112223,DE KALB IL US,20081016,-9999,-9999,64,0,0,144,33,33,-9999
GHCND:USC00112223,DE KALB IL US,20081017,-9999,-9999,0,0,0,133,28,33,-9999
GHCND:USC00112223,DE KALB IL US,20081018,-9999,-9999,3,0,0,117,28,33,-9999
GHCND:USC00112223,DE KALB IL US,20081019,-9999,-9999,0,0,0,150,28,44,-9999
GHCND:USC00112223,DE KALB IL US,20081020,-9999,-9999,0,0,0,172,44,56,-9999
GHCND:USC00112223,DE KALB IL US,20081021,-9999,-9999,53,0,0,156,6,6,-9999
GHCND:USC00112223,DE KALB IL US,20081022,-9999,-9999,0,0,0,122,0,33,-9999
GHCND:USC00112223,DE KALB IL US,20081023,-9999,-9999,0,0,0,111,28,28,-9999
GHCND:USC00112223,DE KALB IL US,20081024,-9999,-9999,145,0,0,128,28,83,-9999
GHCND:USC00112223,DE KALB IL US,20081025,-9999,-9999,224,0,0,117,50,56,-9999
GHCND:USC00112223,DE KALB IL US,20081026,-9999,-9999,13,0,0,128,56,94,-9999
GHCND:USC00112223,DE KALB IL US,20081027,-9999,-9999,8,0,0,111,11,17,-9999
GHCND:USC00112223,DE KALB IL US,20081028,-9999,-9999,0,0,0,56,-39,-33,-9999
GHCND:USC00112223,DE KALB IL US,20081029,-9999,-9999,0,0,0,67,-39,-17,-9999
GHCND:USC00112223,DE KALB IL US,20081030,-9999,-9999,0,0,0,106,-17,0,-9999
GHCND:USC00112223,DE KALB IL US,20081031,-9999,-9999,0,0,0,178,0,61,-9999
GHCND:USC00112223,DE KALB IL US,20081101,-9999,-9999,0,0,0,217,56,83,-9999
GHCND:USC00112223,DE KALB IL US,20081102,-9999,-9999,0,0,0,128,72,89,-9999
GHCND:USC00112223,DE KALB IL US,20081103,-9999,-9999,0,0,0,211,89,100,-9999
GHCND:USC00112223,DE KALB IL US,20081104,-9999,-9999,0,0,0,228,83,89,-9999
GHCND:USC00112223,DE KALB IL US,20081105,-9999,-9999,0,0,0,222,83,83,-9999
GHCND:USC00112223,DE KALB IL US,20081106,-9999,-9999,0,0,0,211,83,122,-9999
GHCND:USC00112223,DE KALB IL US,20081107,-9999,-9999,66,0,0,156,17,17,-9999
GHCND:USC00112223,DE KALB IL US,20081108,-9999,-9999,20,0,0,50,6,6,-9999
GHCND:USC00112223,DE KALB IL US,20081109,-9999,-9999,3,0,3,17,-33,-33,-9999
GHCND:USC00112223,DE KALB IL US,20081110,-9999,-9999,3,0,3,28,-56,-50,-9999
GHCND:USC00112223,DE KALB IL US,20081111,-9999,-9999,0,0,0,28,-50,-6,-9999
GHCND:USC00112223,DE KALB IL US,20081112,-9999,-9999,76,0,0,39,-6,39,-9999
GHCND:USC00112223,DE KALB IL US,20081113,-9999,-9999,25,0,0,83,39,50,-9999
GHCND:USC00112223,DE KALB IL US,20081114,-9999,-9999,56,0,0,117,50,83,-9999
GHCND:USC00112223,DE KALB IL US,20081115,-9999,-9999,0,0,0,83,22,28,-9999
GHCND:USC00112223,DE KALB IL US,20081116,-9999,-9999,0,0,0,39,-33,-33,-9999
GHCND:USC00112223,DE KALB IL US,20081117,-9999,-9999,5,0,5,28,-39,-17,-9999
GHCND:USC00112223,DE KALB IL US,20081118,-9999,-9999,3,0,3,11,-83,-83,-9999
GHCND:USC00112223,DE KALB IL US,20081119,-9999,-9999,0,0,0,0,-89,-11,-9999
GHCND:USC00112223,DE KALB IL US,20081120,-9999,-9999,0,0,0,67,-22,-17,-9999
GHCND:USC00112223,DE KALB IL US,20081121,-9999,-9999,0,0,0,-11,-106,-94,-9999
GHCND:USC00112223,DE KALB IL US,20081122,-9999,-9999,0,0,0,-28,-100,-67,-9999
GHCND:USC00112223,DE KALB IL US,20081123,-9999,-9999,0,0,0,6,-67,-56,-9999
GHCND:USC00112223,DE KALB IL US,20081124,-9999,-9999,25,0,8,67,-56,0,-9999
GHCND:USC00112223,DE KALB IL US,20081125,-9999,-9999,0,0,0,39,-39,-33,-9999
GHCND:USC00112223,DE KALB IL US,20081126,-9999,-9999,0,0,0,39,-72,-56,-9999
GHCND:USC00112223,DE KALB IL US,20081127,-9999,-9999,0,0,0,44,-83,-56,-9999
GHCND:USC00112223,DE KALB IL US,20081128,-9999,-9999,0,0,0,61,-56,-33,-9999
GHCND:USC00112223,DE KALB IL US,20081129,-9999,-9999,0,0,0,56,-61,-44,-9999
GHCND:USC00112223,DE KALB IL US,20081130,-9999,-9999,0,0,0,56,-44,17,-9999
GHCND:USC00112223,DE KALB IL US,20081201,-9999,-9999,102,76,102,17,-44,-39,-9999
GHCND:USC00112223,DE KALB IL US,20081202,-9999,-9999,5,76,5,-33,-78,-72,-9999
GHCND:USC00112223,DE KALB IL US,20081203,-9999,-9999,0,51,0,0,-78,0,-9999
GHCND:USC00112223,DE KALB IL US,20081204,-9999,-9999,51,76,51,28,-156,-144,-9999
GHCND:USC00112223,DE KALB IL US,20081205,-9999,-9999,0,51,0,-78,-178,-178,-9999
GHCND:USC00112223,DE KALB IL US,20081206,-9999,-9999,10,127,51,-17,-178,-178,-9999
GHCND:USC00112223,DE KALB IL US,20081207,-9999,-9999,0,102,0,-17,-178,-172,-9999
GHCND:USC00112223,DE KALB IL US,20081208,-9999,-9999,0,102,0,-83,-172,-89,-9999
GHCND:USC00112223,DE KALB IL US,20081209,-9999,-9999,216,0,0,22,-89,17,-9999
GHCND:USC00112223,DE KALB IL US,20081210,-9999,-9999,104,102,104,22,-122,-122,-9999
GHCND:USC00112223,DE KALB IL US,20081211,-9999,-9999,0,51,0,-56,-122,-100,-9999
GHCND:USC00112223,DE KALB IL US,20081212,-9999,-9999,0,102,0,-17,-133,-128,-9999
GHCND:USC00112223,DE KALB IL US,20081213,-9999,-9999,0,76,0,-11,-128,-11,-9999
GHCND:USC00112223,DE KALB IL US,20081214,-9999,-9999,122,25,0,39,-11,33,-9999
GHCND:USC00112223,DE KALB IL US,20081215,-9999,-9999,46,25,0,78,-172,-167,-9999
GHCND:USC00112223,DE KALB IL US,20081216,-9999,-9999,0,25,0,-128,-167,-156,-9999
GHCND:USC00112223,DE KALB IL US,20081217,-9999,-9999,53,102,102,-83,-156,-111,-9999
GHCND:USC00112223,DE KALB IL US,20081218,-9999,-9999,0,102,0,-100,-161,-161,-9999
GHCND:USC00112223,DE KALB IL US,20081219,-9999,-9999,218,127,51,-22,-161,-22,-9999
GHCND:USC00112223,DE KALB IL US,20081220,-9999,-9999,51,127,0,-22,-83,-39,-9999
GHCND:USC00112223,DE KALB IL US,20081221,-9999,-9999,23,127,25,-28,-222,-222,-9999
GHCND:USC00112223,DE KALB IL US,20081222,-9999,-9999,0,127,0,-144,-222,-206,-9999
GHCND:USC00112223,DE KALB IL US,20081223,-9999,-9999,10,127,13,-89,-211,-89,-9999
GHCND:USC00112223,DE KALB IL US,20081224,-9999,-9999,69,178,127,0,-150,0,-9999
GHCND:USC00112223,DE KALB IL US,20081225,-9999,-9999,41,178,76,0,-200,-200,-9999
GHCND:USC00112223,DE KALB IL US,20081226,-9999,-9999,15,152,0,-6,-217,-6,-9999
GHCND:USC00112223,DE KALB IL US,20081227,-9999,-9999,97,25,0,56,-50,56,-9999
GHCND:USC00112223,DE KALB IL US,20081228,-9999,-9999,251,25,0,106,-61,-61,-9999
GHCND:USC00112223,DE KALB IL US,20081229,-9999,-9999,0,25,0,-17,-61,-22,-9999
GHCND:USC00112223,DE KALB IL US,20081230,-9999,-9999,0,25,0,44,-39,-39,-9999
GHCND:USC00112223,DE KALB IL US,20081231,-9999,-9999,3,25,5,28,-133,-133,-9999
