STATION,STATION_NAME,DATE,MDPR,PRCP,SNWD,SNOW,TMAX,TMIN,AWND,WDF2,WDF5,WSF2,WSF5,PGTM,FMTM
GHCND:USW00012816,GAINESVILLE REGIONAL AIRPORT FL US,20070101,-9999,180,-9999,-9999,244,144,36,230,220,89,107,1441,1440
GHCND:USW00012816,GAINESVILLE REGIONAL AIRPORT FL US,20070102,-9999,0,-9999,-9999,172,83,31,40,40,63,76,901,904
GHCND:USW00012816,GAINESVILLE REGIONAL AIRPORT FL US,20070103,-9999,282,-9999,-9999,194,122,19,50,50,58,63,912,912
GHCND:USW00012816,GAINESVILLE REGIONAL AIRPORT FL US,20070104,-9999,0,-9999,-9999,250,178,13,130,140,54,63,1334,1338
GHCND:USW00012816,GAINESVILLE REGIONAL AIRPORT FL US,20070105,-9999,112,-9999,-9999,244,167,27,150,250,72,94,2107,943
GHCND:USW00012816,GAINESVILLE REGIONAL AIRPORT FL US,20070106,-9999,0,-9999,-9999,278,178,22,260,260,58,67,1404,1425
GHCND:USW00012816,GAINESVILLE REGIONAL AIRPORT FL US,20070107,-9999,0,-9999,-9999,278,167,26,170,190,72,89,1248,1409
GHCND:USW00012816,GAINESVILLE REGIONAL AIRPORT FL US,20070108,-9999,53,-9999,-9999,228,78,33,320,320,103,125,1110,1111
GHCND:USW00012816,GAINESVILLE REGIONAL AIRPORT FL US,20070109,-9999,0,-9999,-9999,178,50,32,260,270,76,89,1539,1538
GHCND:USW00012816,GAINESVILLE REGIONAL AIRPORT FL US,20070110,-9999,0,-9999,-9999,133,17,30,20,10,67,89,929,930
GHCND:USW00012816,GAINESVILLE REGIONAL AIRPORT FL US,20070111,-9999,0,-9999,-9999,222,33,26,120,60,72,89,1406,1433
GHCND:USW00012816,GAINESVILLE REGIONAL AIRPORT FL US,20070112,-9999,0,-9999,-9999,244,83,20,70,70,67,80,1605,1605
GHCND:USW00012816,GAINESVILLE REGIONAL AIRPORT FL US,20070113,-9999,0,-9999,-9999,244,89,13,90,110,45,63,1353,1401
GHCND:USW00012816,GAINESVILLE REGIONAL AIRPORT FL US,20070114,-9999,5,-9999,-9999,228,106,14,130,130,45,54,1633,1613
GHCND:USW00012816,GAINESVILLE REGIONAL AIRPORT FL US,20070115,-9999,0,-9999,-9999,261,89,13,200,220,54,67,1140,1241
GHCND:USW00012816,GAINESVILLE REGIONAL AIRPORT FL US,20070116,-9999,15,-9999,-9999,267,94,25,320,330,80,89,2045,1850
GHCND:USW00012816,GAINESVILLE REGIONAL AIRPORT FL US,20070117,-9999,0,-9999,-9999,139,100,48,60,70,98,112,1304,1304
GHCND:USW00012816,GAINESVILLE REGIONAL AIRPORT FL US,20070118,-9999,0,-9999,-9999,128,78,29,360,360,58,72,601,601
GHCND:USW00012816,GAINESVILLE REGIONAL AIRPORT FL US,20070119,-9999,0,-9999,-9999,211,83,23,360,350,54,67,1422,1424
GHCND:USW00012816,GAINESVILLE REGIONAL AIRPORT FL US,20070120,-9999,0,-9999,-9999,183,72,29,50,40,54,67,1450,1024
GHCND:USW00012816,GAINESVILLE REGIONAL AIRPORT FL US,20070121,-9999,0,-9999,-9999,261,50,21,140,140,76,94,1108,1109
GHCND:USW00012816,GAINESVILLE REGIONAL AIRPORT FL US,20070122,-9999,135,-9999,-9999,256,150,36,240,240,98,125,1222,1223
GHCND:USW00012816,GAINESVILLE REGIONAL AIRPORT FL US,20070123,-9999,0,-9999,-9999,156,100,21,350,320,45,67,231,2346
GHCND:USW00012816,GAINESVILLE REGIONAL AIRPORT FL US,20070124,-9999,43,-9999,-9999,161,72,20,20,330,45,63,1756,1226
GHCND:USW00012816,GAINESVILLE REGIONAL AIRPORT FL US,20070125,-9999,114,-9999,-9999,150,44,30,310,300,67,89,1520,1613
GHCND:USW00012816,GAINESVILLE REGIONAL AIRPORT FL US,20070126,-9999,-9999,-9999,-9999,150,11,16,60,60,40,54,1441,1443
GHCND:USW00012816,GAINESVILLE REGIONAL AIRPORT FL US,20070127,15,15,-9999,-9999,211,0,17,180,180,63,89,1337,1338
GHCND:USW00012816,GAINESVILLE REGIONAL AIRPORT FL US,20070128,-9999,61,-9999,-9999,194,72,61,230,230,116,165,443,444
GHCND:USW00012816,GAINESVILLE REGIONAL AIRPORT FL US,20070129,-9999,0,-9999,-9999,106,-17,23,300,310,76,98,2355,2356
GHCND:USW00012816,GAINESVILLE REGIONAL AIRPORT FL US,20070130,-9999,0,-9999,-9999,122,-28,12,230,230,54,58,1424,1425
GHCND:USW00012816,GAINESVILLE REGIONAL AIRPORT FL US,20070131,-9999,0,-9999,-9999,161,61,25,90,90,58,67,1905,1905
GHCND:USW00012816,GAINESVILLE REGIONAL AIRPORT FL US,20070201,-9999,500,-9999,-9999,228,67,38,180,180,94,116,1326,1326
GHCND:USW00012816,GAINESVILLE REGIONAL AIRPORT FL US,20070202,-9999,274,-9999,-9999,233,128,40,270,240,72,89,1223,1546
GHCND:USW00012816,GAINESVILLE REGIONAL AIRPORT FL US,20070203,-9999,0,-9999,-9999,128,72,31,10,360,58,72,837,2115
GHCND:USW00012816,GAINESVILLE REGIONAL AIRPORT FL US,20070204,-9999,0,-9999,-9999,150,44,23,30,360,54,67,57,956
GHCND:USW00012816,GAINESVILLE REGIONAL AIRPORT FL US,20070205,-9999,0,-9999,-9999,139,56,23,30,10,58,72,1125,1328
GHCND:USW00012816,GAINESVILLE REGIONAL AIRPORT FL US,20070206,-9999,0,-9999,-9999,161,11,12,10,20,58,67,848,907
GHCND:USW00012816,GAINESVILLE REGIONAL AIRPORT FL US,20070207,-9999,0,-9999,-9999,217,0,27,240,240,72,94,1424,1703
GHCND:USW00012816,GAINESVILLE REGIONAL AIRPORT FL US,20070208,-9999,0,-9999,-9999,222,72,22,280,270,58,67,1205,1206
GHCND:USW00012816,GAINESVILLE REGIONAL AIRPORT FL US,20070209,-9999,0,-9999,-9999,233,67,20,270,250,67,76,1532,1206
GHCND:USW00012816,GAINESVILLE REGIONAL AIRPORT FL US,20070210,-9999,0,-9999,-9999,178,56,25,310,300,63,72,1505,1505
GHCND:USW00012816,GAINESVILLE REGIONAL AIRPORT FL US,20070211,-9999,0,-9999,-9999,194,11,22,100,10,54,63,1407,1627
GHCND:USW00012816,GAINESVILLE REGIONAL AIRPORT FL US,20070212,-9999,0,-9999,-9999,228,83,14,170,160,67,103,1258,1305
GHCND:USW00012816,GAINESVILLE REGIONAL AIRPORT FL US,20070213,-9999,0,-9999,-9999,244,83,29,230,240,80,107,1726,1727
GHCND:USW00012816,GAINESVILLE REGIONAL AIRPORT FL US,20070214,-9999,0,-9999,-9999,211,50,54,260,260,107,130,1113,1142
GHCND:USW00012816,GAINESVILLE REGIONAL AIRPORT FL US,20070215,-9999,0,-9999,-9999,128,6,26,270,330,72,98,1146,1210
GHCND:USW00012816,GAINESVILLE REGIONAL AIRPORT FL US,20070216,-9999,0,-9999,-9999,117,-22,39,300,290,76,103,1507,1616
GHCND:USW00012816,GAINESVILLE REGIONAL AIRPORT FL US,20070217,-9999,0,-9999,-9999,144,-50,31,240,260,80,98,1437,1654
GHCND:USW00012816,GAINESVILLE REGIONAL AIRPORT FL US,20070218,-9999,33,-9999,-9999,128,22,47,300,270,94,116,1225,1448
GHCND:USW00012816,GAINESVILLE REGIONAL AIRPORT FL US,20070219,-9999,0,-9999,-9999,156,0,17,50,50,58,72,934,934
GHCND:USW00012816,GAINESVILLE REGIONAL AIRPORT FL US,20070220,-9999,0,-9999,-9999,228,0,21,210,250,63,80,1514,1536
GHCND:USW00012816,GAINESVILLE REGIONAL AIRPORT FL US,20070221,-9999,0,-9999,-9999,261,94,33,260,240,103,125,1424,1425
GHCND:USW00012816,GAINESVILLE REGIONAL AIRPORT FL US,20070222,-9999,0,-9999,-9999,261,100,38,290,280,80,98,1352,1346
GHCND:USW00012816,GAINESVILLE REGIONAL AIRPORT FL US,20070223,-9999,0,-9999,-9999,228,67,30,50,50,67,80,1002,1037
GHCND:USW00012816,GAINESVILLE REGIONAL AIRPORT FL US,20070224,-9999,0,-9999,-9999,233,39,31,130,130,76,94,1023,1021
GHCND:USW00012816,GAINESVILLE REGIONAL AIRPORT FL US,20070225,-9999,0,-9999,-9999,250,106,44,210,210,103,139,1805,1806
GHCND:USW00012816,GAINESVILLE REGIONAL AIRPORT FL US,20070226,-9999,0,-9999,-9999,278,161,38,240,220,80,103,1636,1610
GHCND:USW00012816,GAINESVILLE REGIONAL AIRPORT FL US,20070227,-9999,3,-9999,-9999,278,111,26,280,280,67,112,1413,1414
GHCND:USW00012816,GAINESVILLE REGIONAL AIRPORT FL US,20070228,-9999,0,-9999,-9999,272,61,30,110,100,76,89,1614,1142
GHCND:USW00012816,GAINESVILLE REGIONAL AIRPORT FL US,20070301,-9999,71,-9999,-9999,283,156,43,140,140,89,103,826,827
GHCND:USW00012816,GAINESVILLE REGIONAL AIRPORT FL US,20070302,-9999,198,-9999,-9999,233,128,28,320,320,89,103,726,727
GHCND:USW00012816,GAINESVILLE REGIONAL AIRPORT FL US,20070303,-9999,25,-9999,-9999,150,100,18,110,340,45,58,156,1204
GHCND:USW00012816,GAINESVILLE REGIONAL AIRPORT FL US,20070304,-9999,0,-9999,-9999,200,78,34,270,270,80,112,1424,1540
GHCND:USW00012816,GAINESVILLE REGIONAL AIRPORT FL US,20070305,-9999,0,-9999,-9999,183,0,30,360,360,72,94,913,913
GHCND:USW00012816,GAINESVILLE REGIONAL AIRPORT FL US,20070306,-9999,0,-9999,-9999,222,-6,22,20,40,80,103,1043,1047
GHCND:USW00012816,GAINESVILLE REGIONAL AIRPORT FL US,20070307,-9999,0,-9999,-9999,244,44,18,260,190,63,76,1416,1835
GHCND:USW00012816,GAINESVILLE REGIONAL AIRPORT FL US,20070308,-9999,0,-9999,-9999,250,44,10,80,70,58,72,1856,1857
GHCND:USW00012816,GAINESVILLE REGIONAL AIRPORT FL US,20070309,-9999,0,-9999,-9999,256,72,22,70,90,72,98,1656,1656
GHCND:USW00012816,GAINESVILLE REGIONAL AIRPORT FL US,20070310,-9999,0,-9999,-9999,261,100,12,60,60,58,76,1923,1901
GHCND:USW00012816,GAINESVILLE REGIONAL AIRPORT FL US,20070311,-9999,0,-9999,-9999,267,100,19,80,40,63,89,1438,1351
GHCND:USW00012816,GAINESVILLE REGIONAL AIRPORT FL US,20070312,-9999,0,-9999,-9999,272,89,16,100,110,63,72,1722,1722
GHCND:USW00012816,GAINESVILLE REGIONAL AIRPORT FL US,20070313,-9999,0,-9999,-9999,272,94,13,140,150,54,103,1059,1545
GHCND:USW00012816,GAINESVILLE REGIONAL AIRPORT FL US,20070314,-9999,0,-9999,-9999,278,122,24,150,160,72,80,1606,1558
GHCND:USW00012816,GAINESVILLE REGIONAL AIRPORT FL US,20070315,-9999,0,-9999,-9999,278,150,34,160,150,76,103,939,940
GHCND:USW00012816,GAINESVILLE REGIONAL AIRPORT FL US,20070316,-9999,117,-9999,-9999,267,144,39,290,270,80,112,1428,1642
GHCND:USW00012816,GAINESVILLE REGIONAL AIRPORT FL US,20070317,-9999,0,-9999,-9999,178,50,36,330,340,98,148,300,123
GHCND:USW00012816,GAINESVILLE REGIONAL AIRPORT FL US,20070318,-9999,0,-9999,-9999,200,28,22,360,30,67,89,1527,1513
GHCND:USW00012816,GAINESVILLE REGIONAL AIRPORT FL US,20070319,-9999,0,-9999,-9999,228,28,24,100,110,72,103,1309,1359
GHCND:USW00012816,GAINESVILLE REGIONAL AIRPORT FL US,20070320,-9999,0,-9999,-9999,256,67,17,120,100,63,107,1316,1317
GHCND:USW00012816,GAINESVILLE REGIONAL AIRPORT FL US,20070321,-9999,0,-9999,-9999,256,83,31,60,80,98,112,1639,1511
GHCND:USW00012816,GAINESVILLE REGIONAL AIRPORT FL US,20070322,-9999,0,-9999,-9999,261,100,33,110,100,107,125,1051,1051
GHCND:USW00012816,GAINESVILLE REGIONAL AIRPORT FL US,20070323,-9999,0,-9999,-9999,278,117,25,70,60,72,98,1718,1719
GHCND:USW00012816,GAINESVILLE REGIONAL AIRPORT FL US,20070324,-9999,0,-9999,-9999,283,106,22,80,60,67,103,1444,1707
GHCND:USW00012816,GAINESVILLE REGIONAL AIRPORT FL US,20070325,-9999,0,-9999,-9999,294,94,23,110,100,89,125,1608,1608
GHCND:USW00012816,GAINESVILLE REGIONAL AIRPORT FL US,20070326,-9999,0,-9999,-9999,289,122,30,90,90,76,112,1611,1612
GHCND:USW00012816,GAINESVILLE REGIONAL AIRPORT FL US,20070327,-9999,0,-9999,-9999,283,156,21,100,110,63,80,1915,1916
GHCND:USW00012816,GAINESVILLE REGIONAL AIRPORT FL US,20070328,-9999,0,-9999,-9999,283,111,20,90,150,58,76,1241,1754
GHCND:USW00012816,GAINESVILLE REGIONAL AIRPORT FL US,20070329,-9999,0,-9999,-9999,289,106,26,90,60,76,107,1628,1736
GHCND:USW00012816,GAINESVILLE REGIONAL AIRPORT FL US,20070330,-9999,15,-9999,-9999,256,161,40,60,30,80,103,1514,1604
GHCND:USW00012816,GAINESVILLE REGIONAL AIRPORT FL US,20070331,-9999,0,-9999,-9999,267,144,27,120,110,67,98,1723,912
GHCND:USW00012816,GAINESVILLE REGIONAL AIRPORT FL US,20070401,-9999,0,-9999,-9999,283,122,22,160,160,72,94,920,950
GHCND:USW00012816,GAINESVILLE REGIONAL AIRPORT FL US,20070402,-9999,0,-9999,-9999,294,122,20,270,240,63,94,1119,1551
GHCND:USW00012816,GAINESVILLE REGIONAL AIRPORT FL US,20070403,-9999,0,-9999,-9999,306,139,14,270,190,63,80,1401,1928
GHCND:USW00012816,GAINESVILLE REGIONAL AIRPORT FL US,20070404,-9999,0,-9999,-9999,311,139,35,240,230,76,103,1826,1826
GHCND:USW00012816,GAINESVILLE REGIONAL AIRPORT FL US,20070405,-9999,0,-9999,-9999,222,133,21,20,10,58,80,815,902
GHCND:USW00012816,GAINESVILLE REGIONAL AIRPORT FL US,20070406,-9999,0,-9999,-9999,222,67,34,320,340,72,98,1120,1121
GHCND:USW00012816,GAINESVILLE REGIONAL AIRPORT FL US,20070407,-9999,0,-9999,-9999,167,61,35,280,310,80,112,1042,1428
GHCND:USW00012816,GAINESVILLE REGIONAL AIRPORT FL US,20070408,-9999,0,-9999,-9999,172,17,23,230,280,58,80,1447,1841
GHCND:USW00012816,GAINESVILLE REGIONAL AIRPORT FL US,20070409,-9999,36,-9999,-9999,117,89,14,40,140,45,54,1117,1016
GHCND:USW00012816,GAINESVILLE REGIONAL AIRPORT FL US,20070410,-9999,13,-9999,-9999,172,100,19,30,30,58,76,736,743
GHCND:USW00012816,GAINESVILLE REGIONAL AIRPORT FL US,20070411,-9999,0,-9999,-9999,294,144,27,210,210,76,112,2123,2124
GHCND:USW00012816,GAINESVILLE REGIONAL AIRPORT FL US,20070412,-9999,0,-9999,-9999,311,150,35,260,300,67,103,1335,1358
GHCND:USW00012816,GAINESVILLE REGIONAL AIRPORT FL US,20070413,-9999,0,-9999,-9999,300,111,34,110,40,67,98,846,1826
GHCND:USW00012816,GAINESVILLE REGIONAL AIRPORT FL US,20070414,-9999,0,-9999,-9999,322,156,41,250,170,80,116,1239,1814
GHCND:USW00012816,GAINESVILLE REGIONAL AIRPORT FL US,20070415,-9999,58,-9999,-9999,244,89,77,270,300,134,174,2250,1136
GHCND:USW00012816,GAINESVILLE REGIONAL AIRPORT FL US,20070416,-9999,0,-9999,-9999,228,56,53,330,320,107,139,1248,1037
GHCND:USW00012816,GAINESVILLE REGIONAL AIRPORT FL US,20070417,-9999,0,-9999,-9999,289,94,41,330,310,80,107,853,839
GHCND:USW00012816,GAINESVILLE REGIONAL AIRPORT FL US,20070418,-9999,66,-9999,-9999,261,111,22,240,190,72,98,1357,1421
GHCND:USW00012816,GAINESVILLE REGIONAL AIRPORT FL US,20070419,-9999,0,-9999,-9999,261,100,17,40,40,54,72,1138,1138
GHCND:USW00012816,GAINESVILLE REGIONAL AIRPORT FL US,20070420,-9999,0,-9999,-9999,239,106,47,50,30,103,134,1517,1519
GHCND:USW00012816,GAINESVILLE REGIONAL AIRPORT FL US,20070421,-9999,0,-9999,-9999,261,117,37,70,100,80,116,926,933
GHCND:USW00012816,GAINESVILLE REGIONAL AIRPORT FL US,20070422,-9999,0,-9999,-9999,272,72,30,130,120,80,103,1449,1629
GHCND:USW00012816,GAINESVILLE REGIONAL AIRPORT FL US,20070423,-9999,0,-9999,-9999,283,83,24,130,130,72,89,1552,1552
GHCND:USW00012816,GAINESVILLE REGIONAL AIRPORT FL US,20070424,-9999,0,-9999,-9999,289,94,14,280,130,54,76,1330,1932
GHCND:USW00012816,GAINESVILLE REGIONAL AIRPORT FL US,20070425,-9999,0,-9999,-9999,300,139,18,220,210,67,80,1104,1103
GHCND:USW00012816,GAINESVILLE REGIONAL AIRPORT FL US,20070426,-9999,0,-9999,-9999,306,139,30,210,210,80,116,1503,1504
GHCND:USW00012816,GAINESVILLE REGIONAL AIRPORT FL US,20070427,-9999,5,-9999,-9999,300,183,42,260,250,94,116,1709,1709
GHCND:USW00012816,GAINESVILLE REGIONAL AIRPORT FL US,20070428,-9999,0,-9999,-9999,289,139,29,280,290,72,94,1600,1600
GHCND:USW00012816,GAINESVILLE REGIONAL AIRPORT FL US,20070429,-9999,0,-9999,-9999,306,144,22,280,280,63,89,1548,1526
GHCND:USW00012816,GAINESVILLE REGIONAL AIRPORT FL US,20070430,-9999,0,-9999,-9999,311,111,10,70,80,54,67,1335,1336
GHCND:USW00012816,GAINESVILLE REGIONAL AIRPORT FL US,20070501,-9999,0,-9999,-9999,317,128,17,110,100,54,63,1943,1243
GHCND:USW00012816,GAINESVILLE REGIONAL AIRPORT FL US,20070502,-9999,0,-9999,-9999,317,150,16,10,170,54,63,2018,1144
GHCND:USW00012816,GAINESVILLE REGIONAL AIRPORT FL US,20070503,-9999,0,-9999,-9999,328,139,14,90,100,63,72,1852,1852
GHCND:USW00012816,GAINESVILLE REGIONAL AIRPORT FL US,20070504,-9999,0,-9999,-9999,333,144,20,80,70,63,89,1757,1704
GHCND:USW00012816,GAINESVILLE REGIONAL AIRPORT FL US,20070505,-9999,20,-9999,-9999,322,189,19,110,110,67,80,1911,1912
GHCND:USW00012816,GAINESVILLE REGIONAL AIRPORT FL US,20070506,-9999,0,-9999,-9999,322,172,36,50,40,98,134,1417,2029
GHCND:USW00012816,GAINESVILLE REGIONAL AIRPORT FL US,20070507,-9999,0,-9999,-9999,239,106,47,40,50,98,130,1330,1433
GHCND:USW00012816,GAINESVILLE REGIONAL AIRPORT FL US,20070508,-9999,0,-9999,-9999,267,111,36,330,340,80,112,1409,1418
GHCND:USW00012816,GAINESVILLE REGIONAL AIRPORT FL US,20070509,-9999,0,-9999,-9999,283,167,39,30,340,89,125,1609,1703
GHCND:USW00012816,GAINESVILLE REGIONAL AIRPORT FL US,20070510,-9999,0,-9999,-9999,300,178,43,60,20,94,125,1621,1701
GHCND:USW00012816,GAINESVILLE REGIONAL AIRPORT FL US,20070511,-9999,0,-9999,-9999,311,167,27,60,50,72,94,1200,1201
GHCND:USW00012816,GAINESVILLE REGIONAL AIRPORT FL US,20070512,-9999,0,-9999,-9999,322,150,12,100,100,45,63,1507,1507
GHCND:USW00012816,GAINESVILLE REGIONAL AIRPORT FL US,20070513,-9999,20,-9999,-9999,294,183,18,170,180,76,89,1544,1544
GHCND:USW00012816,GAINESVILLE REGIONAL AIRPORT FL US,20070514,-9999,0,-9999,-9999,278,183,51,70,50,103,139,1309,1312
GHCND:USW00012816,GAINESVILLE REGIONAL AIRPORT FL US,20070515,-9999,0,-9999,-9999,294,150,35,100,60,80,112,1230,1215
GHCND:USW00012816,GAINESVILLE REGIONAL AIRPORT FL US,20070516,-9999,0,-9999,-9999,317,122,17,350,20,67,94,1338,1225
GHCND:USW00012816,GAINESVILLE REGIONAL AIRPORT FL US,20070517,-9999,137,-9999,-9999,306,172,17,20,20,58,76,1553,1557
GHCND:USW00012816,GAINESVILLE REGIONAL AIRPORT FL US,20070518,-9999,0,-9999,-9999,283,167,31,50,60,76,98,1459,1643
GHCND:USW00012816,GAINESVILLE REGIONAL AIRPORT FL US,20070519,-9999,0,-9999,-9999,278,133,33,40,80,80,103,1458,1555
GHCND:USW00012816,GAINESVILLE REGIONAL AIRPORT FL US,20070520,-9999,0,-9999,-9999,294,89,20,70,60,72,89,1024,1025
GHCND:USW00012816,GAINESVILLE REGIONAL AIRPORT FL US,20070521,-9999,0,-9999,-9999,306,106,18,110,100,76,94,1800,1720
GHCND:USW00012816,GAINESVILLE REGIONAL AIRPORT FL US,20070522,-9999,0,-9999,-9999,300,133,36,60,60,98,130,1619,1619
GHCND:USW00012816,GAINESVILLE REGIONAL AIRPORT FL US,20070523,-9999,0,-9999,-9999,300,167,49,60,80,107,143,1616,1612
GHCND:USW00012816,GAINESVILLE REGIONAL AIRPORT FL US,20070524,-9999,18,-9999,-9999,300,161,45,50,80,103,192,1529,1143
GHCND:USW00012816,GAINESVILLE REGIONAL AIRPORT FL US,20070525,-9999,0,-9999,-9999,283,167,38,60,90,94,112,1652,1555
GHCND:USW00012816,GAINESVILLE REGIONAL AIRPORT FL US,20070526,-9999,0,-9999,-9999,289,128,31,90,60,80,116,1208,1702
GHCND:USW00012816,GAINESVILLE REGIONAL AIRPORT FL US,20070527,-9999,0,-9999,-9999,294,139,29,80,90,72,103,1735,1736
GHCND:USW00012816,GAINESVILLE REGIONAL AIRPORT FL US,20070528,-9999,0,-9999,-9999,311,139,30,110,120,89,107,1641,1445
GHCND:USW00012816,GAINESVILLE REGIONAL AIRPORT FL US,20070529,-9999,0,-9999,-9999,311,178,42,60,120,94,116,1610,1622
GHCND:USW00012816,GAINESVILLE REGIONAL AIRPORT FL US,20070530,-9999,0,-9999,-9999,322,156,34,110,110,98,125,1535,1517
GHCND:USW00012816,GAINESVILLE REGIONAL AIRPORT FL US,20070531,-9999,0,-9999,-9999,311,178,34,100,110,80,103,1758,1759
GHCND:USW00012816,GAINESVILLE REGIONAL AIRPORT FL US,20070601,-9999,8,-9999,-9999,278,178,27,130,140,72,94,1235,1215
GHCND:USW00012816,GAINESVILLE REGIONAL AIRPORT FL US,20070602,-9999,615,-9999,-9999,250,178,51,270,290,89,112,1949,2211
GHCND:USW00012816,GAINESVILLE REGIONAL AIRPORT FL US,20070603,-9999,0,-9999,-9999,311,189,60,240,240,112,139,1224,1311
GHCND:USW00012816,GAINESVILLE REGIONAL AIRPORT FL US,20070604,-9999,0,-9999,-9999,311,217,54,230,250,103,139,1129,1348
GHCND:USW00012816,GAINESVILLE REGIONAL AIRPORT FL US,20070605,-9999,0,-9999,-9999,322,222,51,250,260,98,116,1407,1359
GHCND:USW00012816,GAINESVILLE REGIONAL AIRPORT FL US,20070606,-9999,0,-9999,-9999,328,217,31,290,310,67,94,1131,1121
GHCND:USW00012816,GAINESVILLE REGIONAL AIRPORT FL US,20070607,-9999,0,-9999,-9999,322,194,21,220,220,67,89,1057,1058
GHCND:USW00012816,GAINESVILLE REGIONAL AIRPORT FL US,20070608,-9999,0,-9999,-9999,333,189,12,130,250,80,130,1739,1644
GHCND:USW00012816,GAINESVILLE REGIONAL AIRPORT FL US,20070609,-9999,119,-9999,-9999,344,189,26,130,100,116,170,1747,1751
GHCND:USW00012816,GAINESVILLE REGIONAL AIRPORT FL US,20070610,-9999,0,-9999,-9999,361,228,24,120,120,107,134,1853,1854
GHCND:USW00012816,GAINESVILLE REGIONAL AIRPORT FL US,20070611,-9999,0,-9999,-9999,361,222,17,240,240,80,107,1532,1552
GHCND:USW00012816,GAINESVILLE REGIONAL AIRPORT FL US,20070612,-9999,30,-9999,-9999,278,206,16,10,20,125,161,1022,1023
GHCND:USW00012816,GAINESVILLE REGIONAL AIRPORT FL US,20070613,-9999,58,-9999,-9999,289,189,20,20,20,94,125,1432,1433
GHCND:USW00012816,GAINESVILLE REGIONAL AIRPORT FL US,20070614,-9999,5,-9999,-9999,289,172,25,70,50,67,103,1155,1732
GHCND:USW00012816,GAINESVILLE REGIONAL AIRPORT FL US,20070615,-9999,0,-9999,-9999,317,167,19,60,80,72,89,1705,1621
GHCND:USW00012816,GAINESVILLE REGIONAL AIRPORT FL US,20070616,-9999,0,-9999,-9999,322,178,22,50,90,76,94,1458,1502
GHCND:USW00012816,GAINESVILLE REGIONAL AIRPORT FL US,20070617,-9999,0,-9999,-9999,339,172,22,110,120,72,94,1449,1840
GHCND:USW00012816,GAINESVILLE REGIONAL AIRPORT FL US,20070618,-9999,0,-9999,-9999,344,189,19,140,110,58,72,1647,1429
GHCND:USW00012816,GAINESVILLE REGIONAL AIRPORT FL US,20070619,-9999,0,-9999,-9999,328,211,11,130,130,89,103,1743,1742
GHCND:USW00012816,GAINESVILLE REGIONAL AIRPORT FL US,20070620,-9999,424,-9999,-9999,283,200,29,230,230,89,125,1415,1415
GHCND:USW00012816,GAINESVILLE REGIONAL AIRPORT FL US,20070621,-9999,33,-9999,-9999,294,222,29,20,20,76,98,1618,1618
GHCND:USW00012816,GAINESVILLE REGIONAL AIRPORT FL US,20070622,-9999,0,-9999,-9999,328,228,30,30,90,63,80,1028,1508
GHCND:USW00012816,GAINESVILLE REGIONAL AIRPORT FL US,20070623,-9999,0,-9999,-9999,339,200,10,110,110,40,58,1441,1954
GHCND:USW00012816,GAINESVILLE REGIONAL AIRPORT FL US,20070624,-9999,0,-9999,-9999,339,200,13,150,250,45,72,2255,2301
GHCND:USW00012816,GAINESVILLE REGIONAL AIRPORT FL US,20070625,-9999,257,-9999,-9999,311,200,9,110,280,103,183,1302,1452
GHCND:USW00012816,GAINESVILLE REGIONAL AIRPORT FL US,20070626,-9999,0,-9999,-9999,328,194,28,60,120,89,107,1602,1442
GHCND:USW00012816,GAINESVILLE REGIONAL AIRPORT FL US,20070627,-9999,0,-9999,-9999,328,211,26,50,50,76,98,1556,1557
GHCND:USW00012816,GAINESVILLE REGIONAL AIRPORT FL US,20070628,-9999,0,-9999,-9999,322,200,19,130,130,72,98,1518,1519
GHCND:USW00012816,GAINESVILLE REGIONAL AIRPORT FL US,20070629,-9999,201,-9999,-9999,322,206,17,100,120,80,107,1400,1401
GHCND:USW00012816,GAINESVILLE REGIONAL AIRPORT FL US,20070630,-9999,0,-9999,-9999,333,206,13,90,110,58,72,1548,1550
GHCND:USW00012816,GAINESVILLE REGIONAL AIRPORT FL US,20070701,-9999,137,-9999,-9999,350,222,20,60,40,116,161,1500,1523
GHCND:USW00012816,GAINESVILLE REGIONAL AIRPORT FL US,20070702,-9999,0,-9999,-9999,322,217,7,330,270,58,107,1715,1800
GHCND:USW00012816,GAINESVILLE REGIONAL AIRPORT FL US,20070703,-9999,86,-9999,-9999,289,217,32,50,50,98,116,1603,1603
GHCND:USW00012816,GAINESVILLE REGIONAL AIRPORT FL US,20070704,-9999,66,-9999,-9999,267,228,33,100,100,72,94,1134,1137
GHCND:USW00012816,GAINESVILLE REGIONAL AIRPORT FL US,20070705,-9999,152,-9999,-9999,311,222,22,120,100,72,94,1603,1604
GHCND:USW00012816,GAINESVILLE REGIONAL AIRPORT FL US,20070706,-9999,0,-9999,-9999,339,217,20,310,310,58,72,1559,1559
GHCND:USW00012816,GAINESVILLE REGIONAL AIRPORT FL US,20070707,-9999,0,-9999,-9999,344,228,21,270,280,76,103,1254,1733
GHCND:USW00012816,GAINESVILLE REGIONAL AIRPORT FL US,20070708,-9999,0,-9999,-9999,339,222,26,210,200,94,116,1228,1228
GHCND:USW00012816,GAINESVILLE REGIONAL AIRPORT FL US,20070709,-9999,5,-9999,-9999,344,233,31,210,200,63,94,1637,1638
GHCND:USW00012816,GAINESVILLE REGIONAL AIRPORT FL US,20070710,-9999,0,-9999,-9999,344,222,20,210,210,80,103,1520,1521
GHCND:USW00012816,GAINESVILLE REGIONAL AIRPORT FL US,20070711,-9999,0,-9999,-9999,339,228,34,240,240,80,125,1330,1556
GHCND:USW00012816,GAINESVILLE REGIONAL AIRPORT FL US,20070712,-9999,0,-9999,-9999,322,239,25,280,290,76,103,1115,1116
GHCND:USW00012816,GAINESVILLE REGIONAL AIRPORT FL US,20070713,-9999,0,-9999,-9999,344,233,23,280,280,80,98,1418,1419
GHCND:USW00012816,GAINESVILLE REGIONAL AIRPORT FL US,20070714,-9999,127,-9999,-9999,306,217,17,230,200,89,116,1031,1032
GHCND:USW00012816,GAINESVILLE REGIONAL AIRPORT FL US,20070715,-9999,13,-9999,-9999,317,211,11,310,300,67,94,1340,1341
GHCND:USW00012816,GAINESVILLE REGIONAL AIRPORT FL US,20070716,-9999,61,-9999,-9999,339,217,19,170,170,112,139,2033,2033
GHCND:USW00012816,GAINESVILLE REGIONAL AIRPORT FL US,20070717,-9999,142,-9999,-9999,339,211,12,250,250,130,161,1608,1609
GHCND:USW00012816,GAINESVILLE REGIONAL AIRPORT FL US,20070718,-9999,30,-9999,-9999,350,211,15,300,300,80,103,1658,1658
GHCND:USW00012816,GAINESVILLE REGIONAL AIRPORT FL US,20070719,-9999,0,-9999,-9999,350,228,24,280,240,63,98,1248,1615
GHCND:USW00012816,GAINESVILLE REGIONAL AIRPORT FL US,20070720,-9999,0,-9999,-9999,333,244,26,240,230,67,80,1556,1557
GHCND:USW00012816,GAINESVILLE REGIONAL AIRPORT FL US,20070721,-9999,193,-9999,-9999,322,217,19,70,240,107,143,1807,1722
GHCND:USW00012816,GAINESVILLE REGIONAL AIRPORT FL US,20070722,-9999,0,-9999,-9999,300,200,25,60,50,94,116,1143,1147
GHCND:USW00012816,GAINESVILLE REGIONAL AIRPORT FL US,20070723,-9999,0,-9999,-9999,300,194,30,90,80,72,98,1335,1335
GHCND:USW00012816,GAINESVILLE REGIONAL AIRPORT FL US,20070724,-9999,25,-9999,-9999,300,217,14,80,180,45,72,1456,1813
GHCND:USW00012816,GAINESVILLE REGIONAL AIRPORT FL US,20070725,-9999,102,-9999,-9999,322,200,10,270,280,112,134,1606,1600
GHCND:USW00012816,GAINESVILLE REGIONAL AIRPORT FL US,20070726,-9999,0,-9999,-9999,333,206,7,300,290,45,63,1843,1844
GHCND:USW00012816,GAINESVILLE REGIONAL AIRPORT FL US,20070727,-9999,0,-9999,-9999,322,228,17,240,200,40,58,2014,2121
GHCND:USW00012816,GAINESVILLE REGIONAL AIRPORT FL US,20070728,-9999,986,-9999,-9999,322,217,27,240,250,76,134,1422,1422
GHCND:USW00012816,GAINESVILLE REGIONAL AIRPORT FL US,20070729,-9999,0,-9999,-9999,322,222,21,190,190,67,94,1442,1627
GHCND:USW00012816,GAINESVILLE REGIONAL AIRPORT FL US,20070730,-9999,0,-9999,-9999,328,228,26,230,220,63,94,1107,1545
GHCND:USW00012816,GAINESVILLE REGIONAL AIRPORT FL US,20070731,-9999,140,-9999,-9999,333,228,18,270,190,76,103,1326,1358
GHCND:USW00012816,GAINESVILLE REGIONAL AIRPORT FL US,20070801,-9999,0,-9999,-9999,311,217,21,60,50,67,80,1250,1323
GHCND:USW00012816,GAINESVILLE REGIONAL AIRPORT FL US,20070802,-9999,163,-9999,-9999,278,233,29,120,120,67,89,1430,1435
GHCND:USW00012816,GAINESVILLE REGIONAL AIRPORT FL US,20070803,-9999,414,-9999,-9999,294,228,33,240,250,161,246,1528,1529
GHCND:USW00012816,GAINESVILLE REGIONAL AIRPORT FL US,20070804,-9999,30,-9999,-9999,322,239,23,280,290,94,125,1231,1233
GHCND:USW00012816,GAINESVILLE REGIONAL AIRPORT FL US,20070805,-9999,0,-9999,-9999,344,233,16,290,60,54,76,1331,934
GHCND:USW00012816,GAINESVILLE REGIONAL AIRPORT FL US,20070806,-9999,0,-9999,-9999,344,244,13,40,40,72,94,1712,1716
GHCND:USW00012816,GAINESVILLE REGIONAL AIRPORT FL US,20070807,-9999,0,-9999,-9999,350,239,10,260,270,45,58,1928,1924
GHCND:USW00012816,GAINESVILLE REGIONAL AIRPORT FL US,20070808,-9999,0,-9999,-9999,350,250,14,250,230,40,63,2108,2115
GHCND:USW00012816,GAINESVILLE REGIONAL AIRPORT FL US,20070809,-9999,254,-9999,-9999,356,239,17,150,270,89,103,1956,1857
GHCND:USW00012816,GAINESVILLE REGIONAL AIRPORT FL US,20070810,-9999,0,-9999,-9999,350,239,20,220,210,67,89,1601,1601
GHCND:USW00012816,GAINESVILLE REGIONAL AIRPORT FL US,20070811,-9999,0,-9999,-9999,344,239,25,10,20,94,125,2115,2115
GHCND:USW00012816,GAINESVILLE REGIONAL AIRPORT FL US,20070812,-9999,338,-9999,-9999,344,222,16,200,200,112,130,1829,1829
GHCND:USW00012816,GAINESVILLE REGIONAL AIRPORT FL US,20070813,-9999,0,-9999,-9999,344,228,11,100,100,67,80,1640,1638
GHCND:USW00012816,GAINESVILLE REGIONAL AIRPORT FL US,20070814,-9999,117,-9999,-9999,356,233,14,30,30,134,170,1711,1712
GHCND:USW00012816,GAINESVILLE REGIONAL AIRPORT FL US,20070815,-9999,0,-9999,-9999,344,222,9,340,330,67,89,1707,1709
GHCND:USW00012816,GAINESVILLE REGIONAL AIRPORT FL US,20070816,-9999,0,-9999,-9999,333,222,13,130,120,63,89,1656,1701
GHCND:USW00012816,GAINESVILLE REGIONAL AIRPORT FL US,20070817,-9999,0,-9999,-9999,328,217,11,150,60,36,54,1435,1705
GHCND:USW00012816,GAINESVILLE REGIONAL AIRPORT FL US,20070818,-9999,0,-9999,-9999,339,228,16,140,100,63,80,1646,1417
GHCND:USW00012816,GAINESVILLE REGIONAL AIRPORT FL US,20070819,-9999,0,-9999,-9999,339,211,26,80,60,67,80,1547,1423
GHCND:USW00012816,GAINESVILLE REGIONAL AIRPORT FL US,20070820,-9999,0,-9999,-9999,350,233,21,110,110,63,76,1843,1900
GHCND:USW00012816,GAINESVILLE REGIONAL AIRPORT FL US,20070821,-9999,0,-9999,-9999,344,222,16,90,90,54,67,1624,1625
GHCND:USW00012816,GAINESVILLE REGIONAL AIRPORT FL US,20070822,-9999,0,-9999,-9999,344,217,14,100,100,63,76,1327,1330
GHCND:USW00012816,GAINESVILLE REGIONAL AIRPORT FL US,20070823,-9999,0,-9999,-9999,339,200,18,110,70,63,89,1422,1711
GHCND:USW00012816,GAINESVILLE REGIONAL AIRPORT FL US,20070824,-9999,3,-9999,-9999,339,211,13,10,10,67,89,1513,1514
GHCND:USW00012816,GAINESVILLE REGIONAL AIRPORT FL US,20070825,-9999,56,-9999,-9999,322,233,12,280,320,80,107,1353,1345
GHCND:USW00012816,GAINESVILLE REGIONAL AIRPORT FL US,20070826,-9999,8,-9999,-9999,311,217,8,160,160,63,76,1232,1233
GHCND:USW00012816,GAINESVILLE REGIONAL AIRPORT FL US,20070827,-9999,0,-9999,-9999,333,222,11,110,100,80,103,1416,1416
GHCND:USW00012816,GAINESVILLE REGIONAL AIRPORT FL US,20070828,-9999,0,-9999,-9999,339,222,14,100,110,54,67,1619,1622
GHCND:USW00012816,GAINESVILLE REGIONAL AIRPORT FL US,20070829,-9999,0,-9999,-9999,339,217,17,80,70,67,89,1435,1545
GHCND:USW00012816,GAINESVILLE REGIONAL AIRPORT FL US,20070830,-9999,13,-9999,-9999,339,211,14,240,220,72,103,1509,1724
GHCND:USW00012816,GAINESVILLE REGIONAL AIRPORT FL US,20070831,-9999,290,-9999,-9999,317,222,20,320,230,67,116,210,1217
GHCND:USW00012816,GAINESVILLE REGIONAL AIRPORT FL US,20070901,-9999,20,-9999,-9999,311,233,18,200,200,63,76,1121,1212
GHCND:USW00012816,GAINESVILLE REGIONAL AIRPORT FL US,20070902,-9999,81,-9999,-9999,317,228,9,190,190,94,130,1358,1358
GHCND:USW00012816,GAINESVILLE REGIONAL AIRPORT FL US,20070903,-9999,0,-9999,-9999,317,222,16,50,50,67,76,1725,1431
GHCND:USW00012816,GAINESVILLE REGIONAL AIRPORT FL US,20070904,-9999,0,-9999,-9999,328,206,25,40,50,63,89,1720,1652
GHCND:USW00012816,GAINESVILLE REGIONAL AIRPORT FL US,20070905,-9999,0,-9999,-9999,317,200,29,60,50,76,103,1425,1518
GHCND:USW00012816,GAINESVILLE REGIONAL AIRPORT FL US,20070906,-9999,0,-9999,-9999,322,200,29,70,60,80,107,1505,1506
GHCND:USW00012816,GAINESVILLE REGIONAL AIRPORT FL US,20070907,-9999,0,-9999,-9999,322,217,34,210,210,107,139,618,617
GHCND:USW00012816,GAINESVILLE REGIONAL AIRPORT FL US,20070908,-9999,0,-9999,-9999,306,194,25,110,120,89,107,1213,1216
GHCND:USW00012816,GAINESVILLE REGIONAL AIRPORT FL US,20070909,-9999,0,-9999,-9999,328,189,17,100,100,76,98,1814,1815
GHCND:USW00012816,GAINESVILLE REGIONAL AIRPORT FL US,20070910,-9999,0,-9999,-9999,328,206,19,210,200,76,98,1548,1549
GHCND:USW00012816,GAINESVILLE REGIONAL AIRPORT FL US,20070911,-9999,3,-9999,-9999,322,211,17,290,290,76,107,1237,1237
GHCND:USW00012816,GAINESVILLE REGIONAL AIRPORT FL US,20070912,-9999,0,-9999,-9999,333,206,16,290,290,72,94,1351,1352
GHCND:USW00012816,GAINESVILLE REGIONAL AIRPORT FL US,20070913,-9999,33,-9999,-9999,328,200,15,230,160,58,72,2303,1950
GHCND:USW00012816,GAINESVILLE REGIONAL AIRPORT FL US,20070914,-9999,5,-9999,-9999,328,211,13,300,280,89,116,1442,1443
GHCND:USW00012816,GAINESVILLE REGIONAL AIRPORT FL US,20070915,-9999,0,-9999,-9999,328,222,13,330,330,63,76,2008,1354
GHCND:USW00012816,GAINESVILLE REGIONAL AIRPORT FL US,20070916,-9999,0,-9999,-9999,333,217,26,50,50,76,98,1749,1747
GHCND:USW00012816,GAINESVILLE REGIONAL AIRPORT FL US,20070917,-9999,13,-9999,-9999,278,211,40,40,40,94,125,1753,1731
GHCND:USW00012816,GAINESVILLE REGIONAL AIRPORT FL US,20070918,-9999,5,-9999,-9999,294,189,54,30,30,107,130,1547,1120
GHCND:USW00012816,GAINESVILLE REGIONAL AIRPORT FL US,20070919,-9999,170,-9999,-9999,233,200,44,10,360,76,107,1914,1915
GHCND:USW00012816,GAINESVILLE REGIONAL AIRPORT FL US,20070920,-9999,315,-9999,-9999,317,206,36,160,140,112,148,2340,2341
GHCND:USW00012816,GAINESVILLE REGIONAL AIRPORT FL US,20070921,-9999,86,-9999,-9999,322,217,32,140,140,76,94,1248,1248
GHCND:USW00012816,GAINESVILLE REGIONAL AIRPORT FL US,20070922,-9999,0,-9999,-9999,317,222,16,170,140,58,80,1358,1411
GHCND:USW00012816,GAINESVILLE REGIONAL AIRPORT FL US,20070923,-9999,89,-9999,-9999,317,222,16,50,50,89,107,1527,1529
GHCND:USW00012816,GAINESVILLE REGIONAL AIRPORT FL US,20070924,-9999,0,-9999,-9999,317,222,36,70,80,80,107,1436,1436
GHCND:USW00012816,GAINESVILLE REGIONAL AIRPORT FL US,20070925,-9999,36,-9999,-9999,300,217,27,40,60,98,125,1419,1315
GHCND:USW00012816,GAINESVILLE REGIONAL AIRPORT FL US,20070926,-9999,0,-9999,-9999,311,206,14,40,20,58,76,1156,1202
GHCND:USW00012816,GAINESVILLE REGIONAL AIRPORT FL US,20070927,-9999,0,-9999,-9999,317,200,15,60,40,58,80,1440,1441
GHCND:USW00012816,GAINESVILLE REGIONAL AIRPORT FL US,20070928,-9999,0,-9999,-9999,322,206,13,340,330,45,63,1433,1552
GHCND:USW00012816,GAINESVILLE REGIONAL AIRPORT FL US,20070929,-9999,0,-9999,-9999,306,206,38,60,70,98,130,1519,1259
GHCND:USW00012816,GAINESVILLE REGIONAL AIRPORT FL US,20070930,-9999,13,-9999,-9999,278,183,43,30,40,94,125,1423,1532
GHCND:USW00012816,GAINESVILLE REGIONAL AIRPORT FL US,20071001,-9999,3,-9999,-9999,289,200,51,50,30,125,165,1437,1437
GHCND:USW00012816,GAINESVILLE REGIONAL AIRPORT FL US,20071002,-9999,229,-9999,-9999,256,222,43,60,60,89,116,1614,1615
GHCND:USW00012816,GAINESVILLE REGIONAL AIRPORT FL US,20071003,-9999,20,-9999,-9999,317,233,24,70,80,58,94,1908,1846
GHCND:USW00012816,GAINESVILLE REGIONAL AIRPORT FL US,20071004,-9999,572,-9999,-9999,322,228,26,40,40,89,107,1626,1622
GHCND:USW00012816,GAINESVILLE REGIONAL AIRPORT FL US,20071005,-9999,470,-9999,-9999,294,222,40,40,20,103,139,1347,1348
GHCND:USW00012816,GAINESVILLE REGIONAL AIRPORT FL US,20071006,-9999,20,-9999,-9999,306,239,32,30,40,72,94,1339,1341
GHCND:USW00012816,GAINESVILLE REGIONAL AIRPORT FL US,20071007,-9999,20,-9999,-9999,294,228,31,80,100,89,134,1121,1557
GHCND:USW00012816,GAINESVILLE REGIONAL AIRPORT FL US,20071008,-9999,0,-9999,-9999,306,200,22,50,60,63,80,1517,1605
GHCND:USW00012816,GAINESVILLE REGIONAL AIRPORT FL US,20071009,-9999,0,-9999,-9999,306,183,11,10,90,45,58,1753,1544
GHCND:USW00012816,GAINESVILLE REGIONAL AIRPORT FL US,20071010,-9999,0,-9999,-9999,311,200,12,270,270,40,58,1935,1936
GHCND:USW00012816,GAINESVILLE REGIONAL AIRPORT FL US,20071011,-9999,0,-9999,-9999,294,167,21,280,220,45,80,1021,1510
GHCND:USW00012816,GAINESVILLE REGIONAL AIRPORT FL US,20071012,-9999,0,-9999,-9999,278,106,9,10,50,40,58,1907,144
GHCND:USW00012816,GAINESVILLE REGIONAL AIRPORT FL US,20071013,-9999,0,-9999,-9999,289,144,16,60,110,58,72,1031,948
GHCND:USW00012816,GAINESVILLE REGIONAL AIRPORT FL US,20071014,-9999,0,-9999,-9999,283,144,16,70,70,63,76,1609,1610
GHCND:USW00012816,GAINESVILLE REGIONAL AIRPORT FL US,20071015,-9999,0,-9999,-9999,300,150,26,60,50,76,103,1505,1506
GHCND:USW00012816,GAINESVILLE REGIONAL AIRPORT FL US,20071016,-9999,3,-9999,-9999,289,189,22,130,100,63,80,1001,1057
GHCND:USW00012816,GAINESVILLE REGIONAL AIRPORT FL US,20071017,-9999,0,-9999,-9999,300,183,16,50,40,72,89,1435,1436
GHCND:USW00012816,GAINESVILLE REGIONAL AIRPORT FL US,20071018,-9999,0,-9999,-9999,311,200,14,220,230,54,67,1601,1638
GHCND:USW00012816,GAINESVILLE REGIONAL AIRPORT FL US,20071019,-9999,147,-9999,-9999,311,211,26,260,290,98,143,641,1342
GHCND:USW00012816,GAINESVILLE REGIONAL AIRPORT FL US,20071020,-9999,0,-9999,-9999,278,178,19,10,20,63,76,1152,925
GHCND:USW00012816,GAINESVILLE REGIONAL AIRPORT FL US,20071021,-9999,107,-9999,-9999,267,172,21,60,60,54,67,1402,1403
GHCND:USW00012816,GAINESVILLE REGIONAL AIRPORT FL US,20071022,-9999,38,-9999,-9999,311,222,21,70,70,67,76,1635,1635
GHCND:USW00012816,GAINESVILLE REGIONAL AIRPORT FL US,20071023,-9999,0,-9999,-9999,311,233,32,160,190,67,89,1358,1411
GHCND:USW00012816,GAINESVILLE REGIONAL AIRPORT FL US,20071024,-9999,58,-9999,-9999,244,161,21,300,330,63,76,516,1802
GHCND:USW00012816,GAINESVILLE REGIONAL AIRPORT FL US,20071025,-9999,0,-9999,-9999,239,128,13,100,90,40,72,1406,2135
GHCND:USW00012816,GAINESVILLE REGIONAL AIRPORT FL US,20071026,-9999,51,-9999,-9999,217,172,24,70,70,58,72,611,611
GHCND:USW00012816,GAINESVILLE REGIONAL AIRPORT FL US,20071027,-9999,3,-9999,-9999,222,183,27,30,30,58,72,1025,1025
GHCND:USW00012816,GAINESVILLE REGIONAL AIRPORT FL US,20071028,-9999,18,-9999,-9999,239,156,40,40,40,80,107,1621,1527
GHCND:USW00012816,GAINESVILLE REGIONAL AIRPORT FL US,20071029,-9999,23,-9999,-9999,178,156,50,20,10,76,107,1505,1643
GHCND:USW00012816,GAINESVILLE REGIONAL AIRPORT FL US,20071030,-9999,0,-9999,-9999,272,150,51,60,70,103,139,1213,1439
GHCND:USW00012816,GAINESVILLE REGIONAL AIRPORT FL US,20071031,-9999,0,-9999,-9999,272,200,45,60,80,94,125,1317,1337
GHCND:USW00012816,GAINESVILLE REGIONAL AIRPORT FL US,20071101,-9999,0,-9999,-9999,272,200,50,40,40,94,125,1638,1635
GHCND:USW00012816,GAINESVILLE REGIONAL AIRPORT FL US,20071102,-9999,0,-9999,-9999,233,144,29,20,20,72,98,1041,1042
GHCND:USW00012816,GAINESVILLE REGIONAL AIRPORT FL US,20071103,-9999,0,-9999,-9999,233,89,21,360,10,72,98,1434,1434
GHCND:USW00012816,GAINESVILLE REGIONAL AIRPORT FL US,20071104,-9999,0,-9999,-9999,244,78,20,310,330,63,76,1256,1243
GHCND:USW00012816,GAINESVILLE REGIONAL AIRPORT FL US,20071105,-9999,0,-9999,-9999,233,56,15,40,50,58,76,1059,1100
GHCND:USW00012816,GAINESVILLE REGIONAL AIRPORT FL US,20071106,-9999,0,-9999,-9999,256,50,21,360,350,76,89,2357,2357
GHCND:USW00012816,GAINESVILLE REGIONAL AIRPORT FL US,20071107,-9999,0,-9999,-9999,178,44,37,360,40,76,89,1239,2357
GHCND:USW00012816,GAINESVILLE REGIONAL AIRPORT FL US,20071108,-9999,0,-9999,-9999,200,33,26,10,280,63,98,1709,939
GHCND:USW00012816,GAINESVILLE REGIONAL AIRPORT FL US,20071109,-9999,0,-9999,-9999,206,44,9,30,30,58,76,1120,1120
GHCND:USW00012816,GAINESVILLE REGIONAL AIRPORT FL US,20071110,-9999,0,-9999,-9999,239,44,20,280,260,72,94,1339,1226
GHCND:USW00012816,GAINESVILLE REGIONAL AIRPORT FL US,20071111,-9999,0,-9999,-9999,233,56,25,60,60,72,107,1334,1640
GHCND:USW00012816,GAINESVILLE REGIONAL AIRPORT FL US,20071112,-9999,0,-9999,-9999,239,94,17,70,90,58,80,1039,1050
GHCND:USW00012816,GAINESVILLE REGIONAL AIRPORT FL US,20071113,-9999,0,-9999,-9999,256,89,5,240,210,36,54,1150,1501
GHCND:USW00012816,GAINESVILLE REGIONAL AIRPORT FL US,20071114,-9999,0,-9999,-9999,256,94,5,100,120,40,58,1232,1248
GHCND:USW00012816,GAINESVILLE REGIONAL AIRPORT FL US,20071115,-9999,0,-9999,-9999,250,72,31,330,320,103,139,1453,1456
GHCND:USW00012816,GAINESVILLE REGIONAL AIRPORT FL US,20071116,-9999,0,-9999,-9999,156,11,21,30,20,67,76,952,942
GHCND:USW00012816,GAINESVILLE REGIONAL AIRPORT FL US,20071117,-9999,0,-9999,-9999,206,-22,7,170,180,54,80,1408,1408
GHCND:USW00012816,GAINESVILLE REGIONAL AIRPORT FL US,20071118,-9999,0,-9999,-9999,239,50,11,110,150,45,98,1440,1352
GHCND:USW00012816,GAINESVILLE REGIONAL AIRPORT FL US,20071119,-9999,0,-9999,-9999,239,100,17,40,270,58,89,744,1300
GHCND:USW00012816,GAINESVILLE REGIONAL AIRPORT FL US,20071120,-9999,0,-9999,-9999,261,89,10,130,110,45,67,1308,1436
GHCND:USW00012816,GAINESVILLE REGIONAL AIRPORT FL US,20071121,-9999,0,-9999,-9999,261,106,13,150,150,63,80,1322,1208
GHCND:USW00012816,GAINESVILLE REGIONAL AIRPORT FL US,20071122,-9999,173,-9999,-9999,222,150,21,170,150,67,112,435,1349
GHCND:USW00012816,GAINESVILLE REGIONAL AIRPORT FL US,20071123,-9999,0,-9999,-9999,200,89,29,330,330,67,89,305,305
GHCND:USW00012816,GAINESVILLE REGIONAL AIRPORT FL US,20071124,-9999,0,-9999,-9999,228,83,36,40,40,76,98,1829,1826
GHCND:USW00012816,GAINESVILLE REGIONAL AIRPORT FL US,20071125,-9999,0,-9999,-9999,261,139,21,110,130,45,63,1152,1154
GHCND:USW00012816,GAINESVILLE REGIONAL AIRPORT FL US,20071126,-9999,0,-9999,-9999,278,172,29,180,230,67,80,1538,1235
GHCND:USW00012816,GAINESVILLE REGIONAL AIRPORT FL US,20071127,-9999,41,-9999,-9999,217,122,21,300,310,63,76,558,559
GHCND:USW00012816,GAINESVILLE REGIONAL AIRPORT FL US,20071128,-9999,0,-9999,-9999,244,111,26,50,60,67,80,1424,1513
GHCND:USW00012816,GAINESVILLE REGIONAL AIRPORT FL US,20071129,-9999,0,-9999,-9999,233,150,12,30,30,40,58,1923,1927
GHCND:USW00012816,GAINESVILLE REGIONAL AIRPORT FL US,20071130,-9999,0,-9999,-9999,256,111,20,300,-9999,63,-9999,-9999,1254
GHCND:USW00012816,GAINESVILLE REGIONAL AIRPORT FL US,20071201,-9999,0,-9999,-9999,233,111,27,40,90,63,80,1105,1533
GHCND:USW00012816,GAINESVILLE REGIONAL AIRPORT FL US,20071202,-9999,0,-9999,-9999,278,106,3,210,210,31,107,1112,1129
GHCND:USW00012816,GAINESVILLE REGIONAL AIRPORT FL US,20071203,-9999,0,-9999,-9999,261,100,31,340,340,80,107,1220,1221
GHCND:USW00012816,GAINESVILLE REGIONAL AIRPORT FL US,20071204,-9999,0,-9999,-9999,189,17,16,350,330,40,63,712,1330
GHCND:USW00012816,GAINESVILLE REGIONAL AIRPORT FL US,20071205,-9999,0,-9999,-9999,206,11,20,250,250,76,103,1558,1604
GHCND:USW00012816,GAINESVILLE REGIONAL AIRPORT FL US,20071206,-9999,0,-9999,-9999,211,61,9,30,30,36,89,954,934
GHCND:USW00012816,GAINESVILLE REGIONAL AIRPORT FL US,20071207,-9999,0,-9999,-9999,233,117,16,130,140,40,54,1355,1355
GHCND:USW00012816,GAINESVILLE REGIONAL AIRPORT FL US,20071208,-9999,0,-9999,-9999,261,100,8,140,150,40,98,730,1339
GHCND:USW00012816,GAINESVILLE REGIONAL AIRPORT FL US,20071209,-9999,0,-9999,-9999,267,111,13,90,60,54,67,1414,1523
GHCND:USW00012816,GAINESVILLE REGIONAL AIRPORT FL US,20071210,-9999,0,-9999,-9999,267,117,10,140,130,45,63,1351,1234
GHCND:USW00012816,GAINESVILLE REGIONAL AIRPORT FL US,20071211,-9999,0,-9999,-9999,272,133,16,130,140,63,89,1439,1121
GHCND:USW00012816,GAINESVILLE REGIONAL AIRPORT FL US,20071212,-9999,0,-9999,-9999,272,122,5,100,150,31,89,1101,1502
GHCND:USW00012816,GAINESVILLE REGIONAL AIRPORT FL US,20071213,-9999,0,-9999,-9999,267,117,5,130,-9999,31,-9999,-9999,1516
GHCND:USW00012816,GAINESVILLE REGIONAL AIRPORT FL US,20071214,-9999,0,-9999,-9999,272,117,13,80,150,40,80,1226,1603
GHCND:USW00012816,GAINESVILLE REGIONAL AIRPORT FL US,20071215,-9999,0,-9999,-9999,283,150,29,150,170,80,103,1251,1221
GHCND:USW00012816,GAINESVILLE REGIONAL AIRPORT FL US,20071216,-9999,437,-9999,-9999,233,50,49,200,190,112,174,257,258
GHCND:USW00012816,GAINESVILLE REGIONAL AIRPORT FL US,20071217,-9999,0,-9999,-9999,117,0,25,10,-9999,63,-9999,-9999,505
GHCND:USW00012816,GAINESVILLE REGIONAL AIRPORT FL US,20071218,-9999,0,-9999,-9999,156,-6,14,60,60,45,63,1225,1248
GHCND:USW00012816,GAINESVILLE REGIONAL AIRPORT FL US,20071219,-9999,0,-9999,-9999,222,56,4,220,100,36,54,2101,1251
GHCND:USW00012816,GAINESVILLE REGIONAL AIRPORT FL US,20071220,-9999,3,-9999,-9999,228,67,20,120,120,58,76,1520,1521
GHCND:USW00012816,GAINESVILLE REGIONAL AIRPORT FL US,20071221,-9999,48,-9999,-9999,217,100,43,340,330,76,107,1259,1357
GHCND:USW00012816,GAINESVILLE REGIONAL AIRPORT FL US,20071222,-9999,0,-9999,-9999,144,100,30,10,10,67,89,125,126
GHCND:USW00012816,GAINESVILLE REGIONAL AIRPORT FL US,20071223,-9999,0,-9999,-9999,211,128,18,250,340,63,80,2241,1351
GHCND:USW00012816,GAINESVILLE REGIONAL AIRPORT FL US,20071224,-9999,0,-9999,-9999,194,83,26,360,360,54,72,901,1005
GHCND:USW00012816,GAINESVILLE REGIONAL AIRPORT FL US,20071225,-9999,8,-9999,-9999,189,94,28,320,30,72,112,1257,2131
GHCND:USW00012816,GAINESVILLE REGIONAL AIRPORT FL US,20071226,-9999,0,-9999,-9999,139,61,21,360,310,45,63,1410,647
GHCND:USW00012816,GAINESVILLE REGIONAL AIRPORT FL US,20071227,-9999,0,-9999,-9999,250,50,8,250,250,45,63,1503,1344
GHCND:USW00012816,GAINESVILLE REGIONAL AIRPORT FL US,20071228,-9999,0,-9999,-9999,267,117,12,150,150,63,94,1252,1252
GHCND:USW00012816,GAINESVILLE REGIONAL AIRPORT FL US,20071229,-9999,0,-9999,-9999,267,133,21,250,100,72,112,947,1529
GHCND:USW00012816,GAINESVILLE REGIONAL AIRPORT FL US,20071230,-9999,23,-9999,-9999,256,156,29,230,330,63,143,740,1431
GHCND:USW00012816,GAINESVILLE REGIONAL AIRPORT FL US,20071231,-9999,0,-9999,-9999,217,156,21,100,-9999,45,-9999,-9999,726
GHCND:USW00012816,GAINESVILLE REGIONAL AIRPORT FL US,20080101,-9999,0,-9999,-9999,206,39,30,320,330,89,112,1354,1354
GHCND:USW00012816,GAINESVILLE REGIONAL AIRPORT FL US,20080102,-9999,0,-9999,-9999,61,-17,47,320,330,103,134,935,1018
GHCND:USW00012816,GAINESVILLE REGIONAL AIRPORT FL US,20080103,-9999,0,-9999,-9999,83,-56,40,30,40,80,107,1422,1422
GHCND:USW00012816,GAINESVILLE REGIONAL AIRPORT FL US,20080104,-9999,0,-9999,-9999,167,-6,32,40,40,80,98,1437,1056
GHCND:USW00012816,GAINESVILLE REGIONAL AIRPORT FL US,20080105,-9999,0,-9999,-9999,211,33,16,110,100,54,80,1436,1234
GHCND:USW00012816,GAINESVILLE REGIONAL AIRPORT FL US,20080106,-9999,0,-9999,-9999,239,78,10,70,270,40,63,752,1544
GHCND:USW00012816,GAINESVILLE REGIONAL AIRPORT FL US,20080107,-9999,0,-9999,-9999,261,100,18,70,60,72,89,1504,1515
GHCND:USW00012816,GAINESVILLE REGIONAL AIRPORT FL US,20080108,-9999,0,-9999,-9999,256,122,13,110,150,63,76,1215,1232
GHCND:USW00012816,GAINESVILLE REGIONAL AIRPORT FL US,20080109,-9999,0,-9999,-9999,261,83,8,240,220,54,63,1203,1211
GHCND:USW00012816,GAINESVILLE REGIONAL AIRPORT FL US,20080110,-9999,0,-9999,-9999,261,100,15,150,150,63,112,1521,1255
GHCND:USW00012816,GAINESVILLE REGIONAL AIRPORT FL US,20080111,-9999,0,-9999,-9999,244,128,27,230,240,72,98,1317,1327
GHCND:USW00012816,GAINESVILLE REGIONAL AIRPORT FL US,20080112,-9999,56,-9999,-9999,228,150,20,190,180,63,76,1630,1630
GHCND:USW00012816,GAINESVILLE REGIONAL AIRPORT FL US,20080113,-9999,58,-9999,-9999,211,106,17,280,60,45,76,756,1334
GHCND:USW00012816,GAINESVILLE REGIONAL AIRPORT FL US,20080114,-9999,0,-9999,-9999,156,17,30,330,330,76,107,1237,1252
GHCND:USW00012816,GAINESVILLE REGIONAL AIRPORT FL US,20080115,-9999,0,-9999,-9999,144,0,18,350,-9999,67,-9999,-9999,1035
GHCND:USW00012816,GAINESVILLE REGIONAL AIRPORT FL US,20080116,-9999,69,-9999,-9999,172,67,33,120,130,67,116,1539,1654
GHCND:USW00012816,GAINESVILLE REGIONAL AIRPORT FL US,20080117,-9999,71,-9999,-9999,250,156,43,210,-9999,94,-9999,-9999,1441
GHCND:USW00012816,GAINESVILLE REGIONAL AIRPORT FL US,20080118,-9999,0,-9999,-9999,156,94,25,340,10,54,125,844,505
GHCND:USW00012816,GAINESVILLE REGIONAL AIRPORT FL US,20080119,-9999,455,-9999,-9999,133,67,32,320,320,76,130,903,902
GHCND:USW00012816,GAINESVILLE REGIONAL AIRPORT FL US,20080120,-9999,0,-9999,-9999,100,11,41,330,330,72,94,1453,26
GHCND:USW00012816,GAINESVILLE REGIONAL AIRPORT FL US,20080121,-9999,0,-9999,-9999,167,0,47,40,40,94,130,1342,1450
GHCND:USW00012816,GAINESVILLE REGIONAL AIRPORT FL US,20080122,-9999,163,-9999,-9999,233,83,23,140,60,63,80,1018,2259
GHCND:USW00012816,GAINESVILLE REGIONAL AIRPORT FL US,20080123,-9999,23,-9999,-9999,200,144,11,360,340,54,63,1148,1228
GHCND:USW00012816,GAINESVILLE REGIONAL AIRPORT FL US,20080124,-9999,0,-9999,-9999,189,83,23,340,340,94,107,1622,1623
GHCND:USW00012816,GAINESVILLE REGIONAL AIRPORT FL US,20080125,-9999,0,-9999,-9999,139,6,40,40,40,89,116,1102,1238
GHCND:USW00012816,GAINESVILLE REGIONAL AIRPORT FL US,20080126,-9999,46,-9999,-9999,161,50,16,170,170,54,63,1250,1246
GHCND:USW00012816,GAINESVILLE REGIONAL AIRPORT FL US,20080127,-9999,0,-9999,-9999,178,56,33,320,340,72,98,1333,1412
GHCND:USW00012816,GAINESVILLE REGIONAL AIRPORT FL US,20080128,-9999,0,-9999,-9999,183,6,16,60,100,58,94,1200,1332
GHCND:USW00012816,GAINESVILLE REGIONAL AIRPORT FL US,20080129,-9999,0,-9999,-9999,217,6,26,230,230,107,139,1601,1602
GHCND:USW00012816,GAINESVILLE REGIONAL AIRPORT FL US,20080130,-9999,23,-9999,-9999,172,144,18,190,200,45,72,658,707
GHCND:USW00012816,GAINESVILLE REGIONAL AIRPORT FL US,20080131,-9999,0,-9999,-9999,244,128,27,130,130,58,89,1353,1431
GHCND:USW00012816,GAINESVILLE REGIONAL AIRPORT FL US,20080201,-9999,0,-9999,-9999,239,89,32,270,180,67,98,733,1446
GHCND:USW00012816,GAINESVILLE REGIONAL AIRPORT FL US,20080202,-9999,0,-9999,-9999,233,6,11,150,50,40,58,1104,1456
GHCND:USW00012816,GAINESVILLE REGIONAL AIRPORT FL US,20080203,-9999,0,-9999,-9999,261,94,9,220,220,45,58,1430,1431
GHCND:USW00012816,GAINESVILLE REGIONAL AIRPORT FL US,20080204,-9999,0,-9999,-9999,278,111,10,140,70,58,80,1430,1437
GHCND:USW00012816,GAINESVILLE REGIONAL AIRPORT FL US,20080205,-9999,0,-9999,-9999,283,133,13,150,160,67,80,1258,1258
GHCND:USW00012816,GAINESVILLE REGIONAL AIRPORT FL US,20080206,-9999,0,-9999,-9999,289,133,41,220,230,116,174,1610,1548
GHCND:USW00012816,GAINESVILLE REGIONAL AIRPORT FL US,20080207,-9999,38,-9999,-9999,222,150,22,280,230,72,94,153,305
GHCND:USW00012816,GAINESVILLE REGIONAL AIRPORT FL US,20080208,-9999,0,-9999,-9999,217,67,13,330,330,40,94,938,1154
GHCND:USW00012816,GAINESVILLE REGIONAL AIRPORT FL US,20080209,-9999,0,-9999,-9999,222,44,17,320,310,54,67,1217,1236
GHCND:USW00012816,GAINESVILLE REGIONAL AIRPORT FL US,20080210,-9999,0,-9999,-9999,222,44,24,20,20,67,94,1030,1033
GHCND:USW00012816,GAINESVILLE REGIONAL AIRPORT FL US,20080211,-9999,0,-9999,-9999,228,11,18,110,110,72,94,1610,1555
GHCND:USW00012816,GAINESVILLE REGIONAL AIRPORT FL US,20080212,-9999,201,-9999,-9999,239,83,23,150,150,80,103,1352,1313
GHCND:USW00012816,GAINESVILLE REGIONAL AIRPORT FL US,20080213,-9999,38,-9999,-9999,206,33,47,260,270,112,161,1610,1610
GHCND:USW00012816,GAINESVILLE REGIONAL AIRPORT FL US,20080214,-9999,0,-9999,-9999,172,-28,13,100,150,58,89,1104,1105
GHCND:USW00012816,GAINESVILLE REGIONAL AIRPORT FL US,20080215,-9999,0,-9999,-9999,217,6,5,90,110,40,63,1449,1419
GHCND:USW00012816,GAINESVILLE REGIONAL AIRPORT FL US,20080216,-9999,0,-9999,-9999,244,61,9,120,140,45,67,1152,1200
GHCND:USW00012816,GAINESVILLE REGIONAL AIRPORT FL US,20080217,-9999,0,-9999,-9999,283,106,26,170,160,72,94,1605,1606
GHCND:USW00012816,GAINESVILLE REGIONAL AIRPORT FL US,20080218,-9999,48,-9999,-9999,233,122,39,280,270,89,130,1117,1138
GHCND:USW00012816,GAINESVILLE REGIONAL AIRPORT FL US,20080219,-9999,0,-9999,-9999,178,39,22,320,290,58,76,1457,1345
GHCND:USW00012816,GAINESVILLE REGIONAL AIRPORT FL US,20080220,-9999,0,-9999,-9999,200,17,6,100,100,45,58,1400,1401
GHCND:USW00012816,GAINESVILLE REGIONAL AIRPORT FL US,20080221,-9999,51,-9999,-9999,217,72,22,180,170,80,107,1220,1221
GHCND:USW00012816,GAINESVILLE REGIONAL AIRPORT FL US,20080222,-9999,0,-9999,-9999,272,172,28,230,240,94,116,1625,1457
GHCND:USW00012816,GAINESVILLE REGIONAL AIRPORT FL US,20080223,-9999,335,-9999,-9999,250,150,26,360,350,112,156,155,156
GHCND:USW00012816,GAINESVILLE REGIONAL AIRPORT FL US,20080224,-9999,0,-9999,-9999,261,139,28,260,270,76,94,1618,1619
GHCND:USW00012816,GAINESVILLE REGIONAL AIRPORT FL US,20080225,-9999,0,-9999,-9999,244,117,25,250,250,63,94,1615,1759
GHCND:USW00012816,GAINESVILLE REGIONAL AIRPORT FL US,20080226,-9999,89,-9999,-9999,267,111,42,230,230,130,179,1325,1325
GHCND:USW00012816,GAINESVILLE REGIONAL AIRPORT FL US,20080227,-9999,0,-9999,-9999,144,33,47,290,340,94,134,335,1440
GHCND:USW00012816,GAINESVILLE REGIONAL AIRPORT FL US,20080228,-9999,0,-9999,-9999,133,-28,15,10,310,58,103,1439,1611
GHCND:USW00012816,GAINESVILLE REGIONAL AIRPORT FL US,20080229,-9999,0,-9999,-9999,200,-6,13,60,110,58,89,1522,1003
GHCND:USW00012816,GAINESVILLE REGIONAL AIRPORT FL US,20080301,-9999,0,-9999,-9999,233,72,7,300,310,54,72,1200,1229
GHCND:USW00012816,GAINESVILLE REGIONAL AIRPORT FL US,20080302,-9999,0,-9999,-9999,250,56,17,100,110,63,76,1836,1809
GHCND:USW00012816,GAINESVILLE REGIONAL AIRPORT FL US,20080303,-9999,0,-9999,-9999,272,89,33,140,130,103,130,1049,1121
GHCND:USW00012816,GAINESVILLE REGIONAL AIRPORT FL US,20080304,-9999,175,-9999,-9999,250,167,55,160,230,94,130,1845,952
GHCND:USW00012816,GAINESVILLE REGIONAL AIRPORT FL US,20080305,-9999,0,-9999,-9999,211,106,31,270,260,72,94,51,51
GHCND:USW00012816,GAINESVILLE REGIONAL AIRPORT FL US,20080306,-9999,20,-9999,-9999,233,50,17,130,130,89,112,2319,2319
GHCND:USW00012816,GAINESVILLE REGIONAL AIRPORT FL US,20080307,-9999,795,-9999,-9999,200,144,45,140,130,112,143,142,146
GHCND:USW00012816,GAINESVILLE REGIONAL AIRPORT FL US,20080308,-9999,0,-9999,-9999,189,44,69,250,250,156,206,908,1039
GHCND:USW00012816,GAINESVILLE REGIONAL AIRPORT FL US,20080309,-9999,0,-9999,-9999,172,0,17,40,30,63,72,1133,1133
GHCND:USW00012816,GAINESVILLE REGIONAL AIRPORT FL US,20080310,-9999,0,-9999,-9999,217,28,13,60,60,45,80,1530,1525
GHCND:USW00012816,GAINESVILLE REGIONAL AIRPORT FL US,20080311,-9999,0,-9999,-9999,233,117,16,20,240,63,76,1801,2110
GHCND:USW00012816,GAINESVILLE REGIONAL AIRPORT FL US,20080312,-9999,0,-9999,-9999,228,94,24,360,30,54,72,959,1035
GHCND:USW00012816,GAINESVILLE REGIONAL AIRPORT FL US,20080313,-9999,0,-9999,-9999,239,56,10,270,240,67,80,1820,1844
GHCND:USW00012816,GAINESVILLE REGIONAL AIRPORT FL US,20080314,-9999,43,-9999,-9999,161,61,26,190,200,89,116,1502,1451
GHCND:USW00012816,GAINESVILLE REGIONAL AIRPORT FL US,20080315,-9999,0,-9999,-9999,278,122,47,240,220,125,165,1927,1640
GHCND:USW00012816,GAINESVILLE REGIONAL AIRPORT FL US,20080316,-9999,0,-9999,-9999,283,133,32,260,240,94,130,24,218
GHCND:USW00012816,GAINESVILLE REGIONAL AIRPORT FL US,20080317,-9999,0,-9999,-9999,256,106,41,120,120,103,130,1118,1119
GHCND:USW00012816,GAINESVILLE REGIONAL AIRPORT FL US,20080318,-9999,0,-9999,-9999,250,128,41,140,120,80,116,1112,1205
GHCND:USW00012816,GAINESVILLE REGIONAL AIRPORT FL US,20080319,-9999,0,-9999,-9999,300,156,60,220,230,125,165,1616,1617
GHCND:USW00012816,GAINESVILLE REGIONAL AIRPORT FL US,20080320,-9999,74,-9999,-9999,233,78,36,270,330,98,116,722,111
GHCND:USW00012816,GAINESVILLE REGIONAL AIRPORT FL US,20080321,-9999,0,-9999,-9999,250,44,22,110,110,72,107,1215,1216
GHCND:USW00012816,GAINESVILLE REGIONAL AIRPORT FL US,20080322,-9999,0,-9999,-9999,228,106,8,180,270,45,72,839,1537
GHCND:USW00012816,GAINESVILLE REGIONAL AIRPORT FL US,20080323,-9999,0,-9999,-9999,267,106,25,50,70,80,112,1712,1726
GHCND:USW00012816,GAINESVILLE REGIONAL AIRPORT FL US,20080324,-9999,0,-9999,-9999,183,67,44,320,330,94,116,1631,1632
GHCND:USW00012816,GAINESVILLE REGIONAL AIRPORT FL US,20080325,-9999,0,-9999,-9999,183,6,27,50,200,72,112,1504,1007
GHCND:USW00012816,GAINESVILLE REGIONAL AIRPORT FL US,20080326,-9999,0,-9999,-9999,228,33,11,120,130,54,76,1321,1525
GHCND:USW00012816,GAINESVILLE REGIONAL AIRPORT FL US,20080327,-9999,0,-9999,-9999,256,78,14,150,190,58,76,1427,1249
GHCND:USW00012816,GAINESVILLE REGIONAL AIRPORT FL US,20080328,-9999,0,-9999,-9999,272,94,10,210,210,58,72,954,955
GHCND:USW00012816,GAINESVILLE REGIONAL AIRPORT FL US,20080329,-9999,0,-9999,-9999,283,111,15,110,120,72,94,1804,1806
GHCND:USW00012816,GAINESVILLE REGIONAL AIRPORT FL US,20080330,-9999,0,-9999,-9999,194,139,43,40,40,76,98,1837,1838
GHCND:USW00012816,GAINESVILLE REGIONAL AIRPORT FL US,20080331,-9999,0,-9999,-9999,261,122,32,130,140,89,103,1629,1628
GHCND:USW00012816,GAINESVILLE REGIONAL AIRPORT FL US,20080401,-9999,0,-9999,-9999,294,161,21,320,320,80,112,1906,1909
GHCND:USW00012816,GAINESVILLE REGIONAL AIRPORT FL US,20080402,-9999,0,-9999,-9999,300,150,16,130,140,54,67,2237,2155
GHCND:USW00012816,GAINESVILLE REGIONAL AIRPORT FL US,20080403,-9999,0,-9999,-9999,294,167,17,50,60,58,89,1629,1631
GHCND:USW00012816,GAINESVILLE REGIONAL AIRPORT FL US,20080404,-9999,3,-9999,-9999,300,183,28,210,180,72,103,1351,1428
GHCND:USW00012816,GAINESVILLE REGIONAL AIRPORT FL US,20080405,-9999,147,-9999,-9999,289,172,36,290,210,107,139,1538,1802
GHCND:USW00012816,GAINESVILLE REGIONAL AIRPORT FL US,20080406,-9999,104,-9999,-9999,222,144,14,140,120,63,72,1556,1555
GHCND:USW00012816,GAINESVILLE REGIONAL AIRPORT FL US,20080407,-9999,0,-9999,-9999,244,167,32,50,70,80,107,1600,1923
GHCND:USW00012816,GAINESVILLE REGIONAL AIRPORT FL US,20080408,-9999,0,-9999,-9999,239,144,43,50,40,76,103,839,840
GHCND:USW00012816,GAINESVILLE REGIONAL AIRPORT FL US,20080409,-9999,0,-9999,-9999,267,150,29,80,80,63,80,1710,1711
GHCND:USW00012816,GAINESVILLE REGIONAL AIRPORT FL US,20080410,-9999,0,-9999,-9999,283,128,17,110,90,45,63,1633,1537
GHCND:USW00012816,GAINESVILLE REGIONAL AIRPORT FL US,20080411,-9999,0,-9999,-9999,294,139,11,250,190,40,63,1101,1923
GHCND:USW00012816,GAINESVILLE REGIONAL AIRPORT FL US,20080412,-9999,0,-9999,-9999,294,156,38,260,260,94,134,1346,1610
GHCND:USW00012816,GAINESVILLE REGIONAL AIRPORT FL US,20080413,-9999,13,-9999,-9999,228,94,31,250,240,89,116,1551,1552
GHCND:USW00012816,GAINESVILLE REGIONAL AIRPORT FL US,20080414,-9999,0,-9999,-9999,200,56,41,270,260,98,139,1611,1655
GHCND:USW00012816,GAINESVILLE REGIONAL AIRPORT FL US,20080415,-9999,0,-9999,-9999,172,39,41,340,320,94,130,1317,1354
GHCND:USW00012816,GAINESVILLE REGIONAL AIRPORT FL US,20080416,-9999,0,-9999,-9999,211,33,38,60,60,103,143,1319,1319
GHCND:USW00012816,GAINESVILLE REGIONAL AIRPORT FL US,20080417,-9999,0,-9999,-9999,250,17,17,70,90,72,94,1208,1318
GHCND:USW00012816,GAINESVILLE REGIONAL AIRPORT FL US,20080418,-9999,0,-9999,-9999,267,83,13,140,170,58,72,1355,1109
GHCND:USW00012816,GAINESVILLE REGIONAL AIRPORT FL US,20080419,-9999,0,-9999,-9999,272,128,34,190,190,72,98,1724,1725
GHCND:USW00012816,GAINESVILLE REGIONAL AIRPORT FL US,20080420,-9999,0,-9999,-9999,283,122,28,300,330,63,89,1511,1330
GHCND:USW00012816,GAINESVILLE REGIONAL AIRPORT FL US,20080421,-9999,0,-9999,-9999,289,144,27,290,330,72,94,1202,1208
GHCND:USW00012816,GAINESVILLE REGIONAL AIRPORT FL US,20080422,-9999,0,-9999,-9999,283,94,19,350,300,67,98,1344,1535
GHCND:USW00012816,GAINESVILLE REGIONAL AIRPORT FL US,20080423,-9999,0,-9999,-9999,261,111,34,50,50,89,107,1451,1542
GHCND:USW00012816,GAINESVILLE REGIONAL AIRPORT FL US,20080424,-9999,0,-9999,-9999,283,156,33,70,110,76,103,1214,1622
GHCND:USW00012816,GAINESVILLE REGIONAL AIRPORT FL US,20080425,-9999,0,-9999,-9999,289,144,22,130,120,58,80,1308,1711
GHCND:USW00012816,GAINESVILLE REGIONAL AIRPORT FL US,20080426,-9999,0,-9999,-9999,294,139,14,120,120,58,76,1330,1748
GHCND:USW00012816,GAINESVILLE REGIONAL AIRPORT FL US,20080427,-9999,0,-9999,-9999,300,144,19,120,140,58,80,1441,1611
GHCND:USW00012816,GAINESVILLE REGIONAL AIRPORT FL US,20080428,-9999,0,-9999,-9999,283,194,38,220,220,112,156,1230,1305
GHCND:USW00012816,GAINESVILLE REGIONAL AIRPORT FL US,20080429,-9999,0,-9999,-9999,256,111,26,330,310,76,103,105,106
GHCND:USW00012816,GAINESVILLE REGIONAL AIRPORT FL US,20080430,-9999,0,-9999,-9999,272,56,20,30,30,58,80,954,1523
GHCND:USW00012816,GAINESVILLE REGIONAL AIRPORT FL US,20080501,-9999,0,-9999,-9999,289,94,26,110,140,72,98,1111,1035
GHCND:USW00012816,GAINESVILLE REGIONAL AIRPORT FL US,20080502,-9999,0,-9999,-9999,289,117,29,100,150,72,116,916,1856
GHCND:USW00012816,GAINESVILLE REGIONAL AIRPORT FL US,20080503,-9999,0,-9999,-9999,300,161,29,250,260,76,98,1732,1733
GHCND:USW00012816,GAINESVILLE REGIONAL AIRPORT FL US,20080504,-9999,0,-9999,-9999,311,144,24,240,280,67,107,1121,1716
GHCND:USW00012816,GAINESVILLE REGIONAL AIRPORT FL US,20080505,-9999,0,-9999,-9999,300,172,29,270,260,63,80,1851,1852
GHCND:USW00012816,GAINESVILLE REGIONAL AIRPORT FL US,20080506,-9999,0,-9999,-9999,322,144,29,40,50,72,94,1639,1648
GHCND:USW00012816,GAINESVILLE REGIONAL AIRPORT FL US,20080507,-9999,0,-9999,-9999,317,194,28,120,120,72,103,1249,1001
GHCND:USW00012816,GAINESVILLE REGIONAL AIRPORT FL US,20080508,-9999,0,-9999,-9999,322,200,43,240,250,98,143,1437,1631
GHCND:USW00012816,GAINESVILLE REGIONAL AIRPORT FL US,20080509,-9999,0,-9999,-9999,317,217,52,250,250,116,148,1425,1412
GHCND:USW00012816,GAINESVILLE REGIONAL AIRPORT FL US,20080510,-9999,0,-9999,-9999,328,228,47,270,240,94,125,1428,1551
GHCND:USW00012816,GAINESVILLE REGIONAL AIRPORT FL US,20080511,-9999,0,-9999,-9999,311,233,69,240,270,143,183,1557,1542
GHCND:USW00012816,GAINESVILLE REGIONAL AIRPORT FL US,20080512,-9999,0,-9999,-9999,289,161,41,280,300,76,103,1457,1508
GHCND:USW00012816,GAINESVILLE REGIONAL AIRPORT FL US,20080513,-9999,0,-9999,-9999,294,106,29,90,90,67,94,1825,1558
GHCND:USW00012816,GAINESVILLE REGIONAL AIRPORT FL US,20080514,-9999,0,-9999,-9999,300,117,30,110,140,72,103,1151,901
GHCND:USW00012816,GAINESVILLE REGIONAL AIRPORT FL US,20080515,-9999,0,-9999,-9999,306,144,31,200,180,63,80,1344,1707
GHCND:USW00012816,GAINESVILLE REGIONAL AIRPORT FL US,20080516,-9999,104,-9999,-9999,306,206,40,240,250,98,130,1619,1620
GHCND:USW00012816,GAINESVILLE REGIONAL AIRPORT FL US,20080517,-9999,0,-9999,-9999,311,206,40,250,240,94,116,1624,1625
GHCND:USW00012816,GAINESVILLE REGIONAL AIRPORT FL US,20080518,-9999,3,-9999,-9999,289,194,41,280,280,98,139,1654,1658
GHCND:USW00012816,GAINESVILLE REGIONAL AIRPORT FL US,20080519,-9999,0,-9999,-9999,322,200,39,240,240,80,116,1759,1759
GHCND:USW00012816,GAINESVILLE REGIONAL AIRPORT FL US,20080520,-9999,0,-9999,-9999,328,189,52,270,260,112,139,1408,1408
GHCND:USW00012816,GAINESVILLE REGIONAL AIRPORT FL US,20080521,-9999,0,-9999,-9999,317,206,55,260,250,98,130,1500,1501
GHCND:USW00012816,GAINESVILLE REGIONAL AIRPORT FL US,20080522,-9999,0,-9999,-9999,289,211,23,240,240,63,80,1447,1447
GHCND:USW00012816,GAINESVILLE REGIONAL AIRPORT FL US,20080523,-9999,8,-9999,-9999,306,217,15,240,230,58,72,1506,1506
GHCND:USW00012816,GAINESVILLE REGIONAL AIRPORT FL US,20080524,-9999,0,-9999,-9999,344,200,26,330,330,72,98,1609,1623
GHCND:USW00012816,GAINESVILLE REGIONAL AIRPORT FL US,20080525,-9999,0,-9999,-9999,311,189,37,40,60,89,107,1524,1637
GHCND:USW00012816,GAINESVILLE REGIONAL AIRPORT FL US,20080526,-9999,0,-9999,-9999,300,144,24,80,50,76,103,1355,1533
GHCND:USW00012816,GAINESVILLE REGIONAL AIRPORT FL US,20080527,-9999,0,-9999,-9999,300,128,20,90,90,67,89,1754,1754
GHCND:USW00012816,GAINESVILLE REGIONAL AIRPORT FL US,20080528,-9999,0,-9999,-9999,328,144,17,70,60,54,89,1349,1855
GHCND:USW00012816,GAINESVILLE REGIONAL AIRPORT FL US,20080529,-9999,0,-9999,-9999,322,167,24,110,110,72,98,1308,1855
GHCND:USW00012816,GAINESVILLE REGIONAL AIRPORT FL US,20080530,-9999,0,-9999,-9999,322,172,26,60,80,67,94,1225,1735
GHCND:USW00012816,GAINESVILLE REGIONAL AIRPORT FL US,20080531,-9999,43,-9999,-9999,350,172,17,100,70,63,94,1847,1912
GHCND:USW00012816,GAINESVILLE REGIONAL AIRPORT FL US,20080601,-9999,0,-9999,-9999,356,206,14,210,230,103,130,1455,1502
GHCND:USW00012816,GAINESVILLE REGIONAL AIRPORT FL US,20080602,-9999,0,-9999,-9999,350,189,21,10,360,89,107,1607,1607
GHCND:USW00012816,GAINESVILLE REGIONAL AIRPORT FL US,20080603,-9999,10,-9999,-9999,344,217,21,290,300,112,143,1432,1433
GHCND:USW00012816,GAINESVILLE REGIONAL AIRPORT FL US,20080604,-9999,0,-9999,-9999,350,189,16,230,230,63,76,1622,1625
GHCND:USW00012816,GAINESVILLE REGIONAL AIRPORT FL US,20080605,-9999,0,-9999,-9999,361,222,26,110,110,98,112,1745,1747
GHCND:USW00012816,GAINESVILLE REGIONAL AIRPORT FL US,20080606,-9999,0,-9999,-9999,361,217,27,110,110,80,103,1739,1746
GHCND:USW00012816,GAINESVILLE REGIONAL AIRPORT FL US,20080607,-9999,0,-9999,-9999,356,194,18,110,110,67,94,1816,1817
GHCND:USW00012816,GAINESVILLE REGIONAL AIRPORT FL US,20080608,-9999,33,-9999,-9999,356,189,10,160,150,76,103,1652,1702
GHCND:USW00012816,GAINESVILLE REGIONAL AIRPORT FL US,20080609,-9999,13,-9999,-9999,356,206,15,160,160,112,139,1650,1650
GHCND:USW00012816,GAINESVILLE REGIONAL AIRPORT FL US,20080610,-9999,417,-9999,-9999,328,194,10,240,230,170,210,1329,1329
GHCND:USW00012816,GAINESVILLE REGIONAL AIRPORT FL US,20080611,-9999,251,-9999,-9999,306,189,10,320,310,139,183,1223,1224
GHCND:USW00012816,GAINESVILLE REGIONAL AIRPORT FL US,20080612,-9999,107,-9999,-9999,317,217,21,60,70,98,139,1330,1332
GHCND:USW00012816,GAINESVILLE REGIONAL AIRPORT FL US,20080613,-9999,3,-9999,-9999,322,194,17,110,90,76,94,1612,1212
GHCND:USW00012816,GAINESVILLE REGIONAL AIRPORT FL US,20080614,-9999,3,-9999,-9999,328,200,14,250,260,76,94,1955,1955
GHCND:USW00012816,GAINESVILLE REGIONAL AIRPORT FL US,20080615,-9999,30,-9999,-9999,311,211,11,250,240,76,89,1410,1410
GHCND:USW00012816,GAINESVILLE REGIONAL AIRPORT FL US,20080616,-9999,0,-9999,-9999,317,222,21,280,280,63,80,1305,1306
GHCND:USW00012816,GAINESVILLE REGIONAL AIRPORT FL US,20080617,-9999,0,-9999,-9999,333,211,28,220,220,89,107,1303,1304
GHCND:USW00012816,GAINESVILLE REGIONAL AIRPORT FL US,20080618,-9999,3,-9999,-9999,322,217,29,210,330,67,94,1600,1130
GHCND:USW00012816,GAINESVILLE REGIONAL AIRPORT FL US,20080619,-9999,0,-9999,-9999,339,194,26,230,220,67,94,1434,1435
GHCND:USW00012816,GAINESVILLE REGIONAL AIRPORT FL US,20080620,-9999,0,-9999,-9999,344,194,22,140,150,80,103,1943,1944
GHCND:USW00012816,GAINESVILLE REGIONAL AIRPORT FL US,20080621,-9999,58,-9999,-9999,300,200,12,220,210,89,116,1620,1116
GHCND:USW00012816,GAINESVILLE REGIONAL AIRPORT FL US,20080622,-9999,142,-9999,-9999,311,194,17,260,320,148,201,1358,1351
GHCND:USW00012816,GAINESVILLE REGIONAL AIRPORT FL US,20080623,-9999,48,-9999,-9999,300,200,20,280,280,63,76,937,938
GHCND:USW00012816,GAINESVILLE REGIONAL AIRPORT FL US,20080624,-9999,0,-9999,-9999,317,211,13,140,140,45,63,2002,2003
GHCND:USW00012816,GAINESVILLE REGIONAL AIRPORT FL US,20080625,-9999,8,-9999,-9999,317,194,16,160,150,98,125,1245,1246
GHCND:USW00012816,GAINESVILLE REGIONAL AIRPORT FL US,20080626,-9999,46,-9999,-9999,322,178,16,220,200,134,165,1607,1609
GHCND:USW00012816,GAINESVILLE REGIONAL AIRPORT FL US,20080627,-9999,117,-9999,-9999,317,189,6,200,310,76,98,1441,1614
GHCND:USW00012816,GAINESVILLE REGIONAL AIRPORT FL US,20080628,-9999,8,-9999,-9999,322,206,13,200,-9999,31,-9999,-9999,1310
GHCND:USW00012816,GAINESVILLE REGIONAL AIRPORT FL US,20080629,-9999,13,-9999,-9999,317,200,16,280,280,76,103,1640,1642
GHCND:USW00012816,GAINESVILLE REGIONAL AIRPORT FL US,20080630,-9999,38,-9999,-9999,328,211,22,330,320,125,165,1328,1328
GHCND:USW00012816,GAINESVILLE REGIONAL AIRPORT FL US,20080701,-9999,5,-9999,-9999,311,217,18,200,210,63,72,1850,1850
GHCND:USW00012816,GAINESVILLE REGIONAL AIRPORT FL US,20080702,-9999,3,-9999,-9999,317,200,9,150,140,98,125,1638,1638
GHCND:USW00012816,GAINESVILLE REGIONAL AIRPORT FL US,20080703,-9999,0,-9999,-9999,317,200,9,250,240,40,58,1955,2004
GHCND:USW00012816,GAINESVILLE REGIONAL AIRPORT FL US,20080704,-9999,0,-9999,-9999,328,189,9,260,260,72,94,1714,1715
GHCND:USW00012816,GAINESVILLE REGIONAL AIRPORT FL US,20080705,-9999,0,-9999,-9999,333,206,14,60,180,63,80,1629,2023
GHCND:USW00012816,GAINESVILLE REGIONAL AIRPORT FL US,20080706,-9999,5,-9999,-9999,322,211,13,190,190,67,94,1330,1331
GHCND:USW00012816,GAINESVILLE REGIONAL AIRPORT FL US,20080707,-9999,3,-9999,-9999,317,200,15,140,140,116,156,1530,1530
GHCND:USW00012816,GAINESVILLE REGIONAL AIRPORT FL US,20080708,-9999,594,-9999,-9999,328,206,17,140,140,98,134,1543,1544
GHCND:USW00012816,GAINESVILLE REGIONAL AIRPORT FL US,20080709,-9999,0,-9999,-9999,317,206,10,130,180,45,67,1502,1347
GHCND:USW00012816,GAINESVILLE REGIONAL AIRPORT FL US,20080710,-9999,0,-9999,-9999,339,222,10,200,210,72,98,1622,1644
GHCND:USW00012816,GAINESVILLE REGIONAL AIRPORT FL US,20080711,-9999,0,-9999,-9999,339,217,17,210,210,63,76,1700,1701
GHCND:USW00012816,GAINESVILLE REGIONAL AIRPORT FL US,20080712,-9999,127,-9999,-9999,300,228,10,270,280,134,161,1115,1116
GHCND:USW00012816,GAINESVILLE REGIONAL AIRPORT FL US,20080713,-9999,0,-9999,-9999,333,222,11,310,310,54,67,1455,1456
GHCND:USW00012816,GAINESVILLE REGIONAL AIRPORT FL US,20080714,-9999,97,-9999,-9999,333,222,22,350,310,80,116,1957,2014
GHCND:USW00012816,GAINESVILLE REGIONAL AIRPORT FL US,20080715,-9999,5,-9999,-9999,294,217,14,220,210,72,89,1243,1243
GHCND:USW00012816,GAINESVILLE REGIONAL AIRPORT FL US,20080716,-9999,140,-9999,-9999,306,211,17,20,20,80,103,1608,1609
GHCND:USW00012816,GAINESVILLE REGIONAL AIRPORT FL US,20080717,-9999,0,-9999,-9999,322,222,23,30,30,76,98,1523,1524
GHCND:USW00012816,GAINESVILLE REGIONAL AIRPORT FL US,20080718,-9999,0,-9999,-9999,328,222,24,260,300,63,80,1421,1744
GHCND:USW00012816,GAINESVILLE REGIONAL AIRPORT FL US,20080719,-9999,0,-9999,-9999,344,239,28,250,250,76,98,1709,1709
GHCND:USW00012816,GAINESVILLE REGIONAL AIRPORT FL US,20080720,-9999,0,-9999,-9999,344,228,18,230,240,76,103,1532,1536
GHCND:USW00012816,GAINESVILLE REGIONAL AIRPORT FL US,20080721,-9999,0,-9999,-9999,333,228,18,240,250,63,67,1618,1616
GHCND:USW00012816,GAINESVILLE REGIONAL AIRPORT FL US,20080722,-9999,236,-9999,-9999,333,217,16,260,260,156,259,1427,1429
GHCND:USW00012816,GAINESVILLE REGIONAL AIRPORT FL US,20080723,-9999,23,-9999,-9999,311,228,19,10,10,80,107,1336,1329
GHCND:USW00012816,GAINESVILLE REGIONAL AIRPORT FL US,20080724,-9999,0,-9999,-9999,328,206,22,270,270,67,80,1323,1324
GHCND:USW00012816,GAINESVILLE REGIONAL AIRPORT FL US,20080725,-9999,3,-9999,-9999,328,222,11,120,120,80,107,1636,1637
GHCND:USW00012816,GAINESVILLE REGIONAL AIRPORT FL US,20080726,-9999,53,-9999,-9999,322,217,12,210,190,80,125,1302,1303
GHCND:USW00012816,GAINESVILLE REGIONAL AIRPORT FL US,20080727,-9999,18,-9999,-9999,317,228,17,270,270,89,103,1300,1300
GHCND:USW00012816,GAINESVILLE REGIONAL AIRPORT FL US,20080728,-9999,0,-9999,-9999,317,228,15,180,-9999,36,-9999,-9999,1201
GHCND:USW00012816,GAINESVILLE REGIONAL AIRPORT FL US,20080729,-9999,64,-9999,-9999,311,222,15,230,240,89,107,1051,1044
GHCND:USW00012816,GAINESVILLE REGIONAL AIRPORT FL US,20080730,-9999,5,-9999,-9999,289,233,22,220,230,67,107,2047,2047
GHCND:USW00012816,GAINESVILLE REGIONAL AIRPORT FL US,20080731,-9999,46,-9999,-9999,300,228,32,250,250,80,103,1441,1443
GHCND:USW00012816,GAINESVILLE REGIONAL AIRPORT FL US,20080801,-9999,0,-9999,-9999,306,239,29,260,260,98,134,1323,1323
GHCND:USW00012816,GAINESVILLE REGIONAL AIRPORT FL US,20080802,-9999,8,-9999,-9999,289,228,24,190,190,72,94,1315,1316
GHCND:USW00012816,GAINESVILLE REGIONAL AIRPORT FL US,20080803,-9999,0,-9999,-9999,328,217,15,270,240,45,63,1421,1502
GHCND:USW00012816,GAINESVILLE REGIONAL AIRPORT FL US,20080804,-9999,0,-9999,-9999,333,217,14,150,150,54,67,2057,2059
GHCND:USW00012816,GAINESVILLE REGIONAL AIRPORT FL US,20080805,-9999,0,-9999,-9999,339,206,12,130,150,45,58,1316,1255
GHCND:USW00012816,GAINESVILLE REGIONAL AIRPORT FL US,20080806,-9999,0,-9999,-9999,344,217,17,250,240,58,67,1938,1939
GHCND:USW00012816,GAINESVILLE REGIONAL AIRPORT FL US,20080807,-9999,0,-9999,-9999,350,244,32,250,200,72,98,1525,1754
GHCND:USW00012816,GAINESVILLE REGIONAL AIRPORT FL US,20080808,-9999,109,-9999,-9999,311,228,34,250,260,143,183,1002,1003
GHCND:USW00012816,GAINESVILLE REGIONAL AIRPORT FL US,20080809,-9999,0,-9999,-9999,344,222,17,110,360,67,80,1528,1733
GHCND:USW00012816,GAINESVILLE REGIONAL AIRPORT FL US,20080810,-9999,0,-9999,-9999,333,194,20,260,260,58,72,1635,1635
GHCND:USW00012816,GAINESVILLE REGIONAL AIRPORT FL US,20080811,-9999,0,-9999,-9999,328,206,30,270,270,72,94,1651,1629
GHCND:USW00012816,GAINESVILLE REGIONAL AIRPORT FL US,20080812,-9999,368,-9999,-9999,278,217,26,270,270,103,134,1330,1331
GHCND:USW00012816,GAINESVILLE REGIONAL AIRPORT FL US,20080813,-9999,130,-9999,-9999,317,217,39,250,250,116,161,1350,1414
GHCND:USW00012816,GAINESVILLE REGIONAL AIRPORT FL US,20080814,-9999,58,-9999,-9999,278,222,34,240,250,89,116,1434,1444
GHCND:USW00012816,GAINESVILLE REGIONAL AIRPORT FL US,20080815,-9999,0,-9999,-9999,311,228,24,200,190,76,103,1306,1307
GHCND:USW00012816,GAINESVILLE REGIONAL AIRPORT FL US,20080816,-9999,8,-9999,-9999,289,217,9,260,260,54,63,822,813
GHCND:USW00012816,GAINESVILLE REGIONAL AIRPORT FL US,20080817,-9999,8,-9999,-9999,311,211,7,180,170,45,58,1639,1641
GHCND:USW00012816,GAINESVILLE REGIONAL AIRPORT FL US,20080818,-9999,0,-9999,-9999,317,228,17,140,140,80,103,1604,1605
GHCND:USW00012816,GAINESVILLE REGIONAL AIRPORT FL US,20080819,-9999,30,-9999,-9999,306,228,39,120,120,107,139,1200,1201
GHCND:USW00012816,GAINESVILLE REGIONAL AIRPORT FL US,20080820,-9999,18,-9999,-9999,283,244,54,40,50,89,116,1159,1200
GHCND:USW00012816,GAINESVILLE REGIONAL AIRPORT FL US,20080821,-9999,643,-9999,-9999,256,233,71,350,340,130,183,1816,1817
GHCND:USW00012816,GAINESVILLE REGIONAL AIRPORT FL US,20080822,-9999,475,-9999,-9999,250,233,72,150,150,125,192,1454,1454
GHCND:USW00012816,GAINESVILLE REGIONAL AIRPORT FL US,20080823,-9999,38,-9999,-9999,294,228,54,180,190,107,148,1427,1427
GHCND:USW00012816,GAINESVILLE REGIONAL AIRPORT FL US,20080824,-9999,373,-9999,-9999,317,228,31,270,260,125,148,1450,1451
GHCND:USW00012816,GAINESVILLE REGIONAL AIRPORT FL US,20080825,-9999,3,-9999,-9999,322,211,13,140,140,63,72,1845,1846
GHCND:USW00012816,GAINESVILLE REGIONAL AIRPORT FL US,20080826,-9999,0,-9999,-9999,333,217,25,220,160,63,89,1321,1516
GHCND:USW00012816,GAINESVILLE REGIONAL AIRPORT FL US,20080827,-9999,0,-9999,-9999,339,228,26,250,250,76,98,1555,1420
GHCND:USW00012816,GAINESVILLE REGIONAL AIRPORT FL US,20080828,-9999,43,-9999,-9999,333,222,17,140,150,63,76,1951,1952
GHCND:USW00012816,GAINESVILLE REGIONAL AIRPORT FL US,20080829,-9999,0,-9999,-9999,333,211,15,150,160,58,67,1723,1720
GHCND:USW00012816,GAINESVILLE REGIONAL AIRPORT FL US,20080830,-9999,30,-9999,-9999,311,228,26,110,100,107,174,1239,1239
GHCND:USW00012816,GAINESVILLE REGIONAL AIRPORT FL US,20080831,-9999,0,-9999,-9999,317,244,43,100,100,98,130,1442,1220
GHCND:USW00012816,GAINESVILLE REGIONAL AIRPORT FL US,20080901,-9999,0,-9999,-9999,322,250,32,110,100,80,107,1118,1119
GHCND:USW00012816,GAINESVILLE REGIONAL AIRPORT FL US,20080902,-9999,0,-9999,-9999,322,233,34,70,70,94,116,1723,1445
GHCND:USW00012816,GAINESVILLE REGIONAL AIRPORT FL US,20080903,-9999,0,-9999,-9999,317,222,25,50,50,63,89,1130,1100
GHCND:USW00012816,GAINESVILLE REGIONAL AIRPORT FL US,20080904,-9999,0,-9999,-9999,322,217,30,60,90,72,89,1710,1526
GHCND:USW00012816,GAINESVILLE REGIONAL AIRPORT FL US,20080905,-9999,0,-9999,-9999,289,228,38,320,320,89,107,1245,1244
GHCND:USW00012816,GAINESVILLE REGIONAL AIRPORT FL US,20080906,-9999,0,-9999,-9999,339,211,24,240,280,54,67,1411,1936
GHCND:USW00012816,GAINESVILLE REGIONAL AIRPORT FL US,20080907,-9999,0,-9999,-9999,339,211,11,110,100,45,58,1400,1402
GHCND:USW00012816,GAINESVILLE REGIONAL AIRPORT FL US,20080908,-9999,0,-9999,-9999,328,189,27,90,90,76,107,1309,1310
GHCND:USW00012816,GAINESVILLE REGIONAL AIRPORT FL US,20080909,-9999,0,-9999,-9999,333,233,34,70,70,72,94,1408,1409
GHCND:USW00012816,GAINESVILLE REGIONAL AIRPORT FL US,20080910,-9999,56,-9999,-9999,322,228,35,140,140,116,148,1535,1536
GHCND:USW00012816,GAINESVILLE REGIONAL AIRPORT FL US,20080911,-9999,25,-9999,-9999,328,244,32,210,210,72,98,1326,1327
GHCND:USW00012816,GAINESVILLE REGIONAL AIRPORT FL US,20080912,-9999,0,-9999,-9999,328,239,30,130,100,58,72,1715,1351
GHCND:USW00012816,GAINESVILLE REGIONAL AIRPORT FL US,20080913,-9999,0,-9999,-9999,333,228,22,40,30,67,80,1550,1550
GHCND:USW00012816,GAINESVILLE REGIONAL AIRPORT FL US,20080914,-9999,0,-9999,-9999,339,217,11,270,270,67,80,1744,1744
GHCND:USW00012816,GAINESVILLE REGIONAL AIRPORT FL US,20080915,-9999,0,-9999,-9999,339,211,14,270,270,80,107,1645,1645
GHCND:USW00012816,GAINESVILLE REGIONAL AIRPORT FL US,20080916,-9999,0,-9999,-9999,328,206,11,240,320,45,63,1027,1331
GHCND:USW00012816,GAINESVILLE REGIONAL AIRPORT FL US,20080917,-9999,8,-9999,-9999,317,194,10,50,40,80,107,1551,1551
GHCND:USW00012816,GAINESVILLE REGIONAL AIRPORT FL US,20080918,-9999,0,-9999,-9999,306,200,27,70,60,76,98,1511,1518
GHCND:USW00012816,GAINESVILLE REGIONAL AIRPORT FL US,20080919,-9999,0,-9999,-9999,300,172,29,50,70,80,107,1359,1459
GHCND:USW00012816,GAINESVILLE REGIONAL AIRPORT FL US,20080920,-9999,5,-9999,-9999,278,211,37,50,50,80,107,1228,1113
GHCND:USW00012816,GAINESVILLE REGIONAL AIRPORT FL US,20080921,-9999,30,-9999,-9999,317,211,27,50,60,67,89,1812,1654
GHCND:USW00012816,GAINESVILLE REGIONAL AIRPORT FL US,20080922,-9999,10,-9999,-9999,256,222,29,30,100,58,80,1438,1001
GHCND:USW00012816,GAINESVILLE REGIONAL AIRPORT FL US,20080923,-9999,0,-9999,-9999,300,200,46,50,30,103,130,1631,1634
GHCND:USW00012816,GAINESVILLE REGIONAL AIRPORT FL US,20080924,-9999,0,-9999,-9999,267,178,47,40,40,80,125,1049,1714
GHCND:USW00012816,GAINESVILLE REGIONAL AIRPORT FL US,20080925,-9999,0,-9999,-9999,283,128,27,10,360,63,80,837,838
GHCND:USW00012816,GAINESVILLE REGIONAL AIRPORT FL US,20080926,-9999,0,-9999,-9999,294,144,23,270,280,72,94,1508,1508
GHCND:USW00012816,GAINESVILLE REGIONAL AIRPORT FL US,20080927,-9999,0,-9999,-9999,306,122,15,270,250,58,76,1444,1652
GHCND:USW00012816,GAINESVILLE REGIONAL AIRPORT FL US,20080928,-9999,0,-9999,-9999,311,128,4,110,340,36,58,1557,2325
GHCND:USW00012816,GAINESVILLE REGIONAL AIRPORT FL US,20080929,-9999,0,-9999,-9999,317,156,11,90,90,45,63,1809,1718
GHCND:USW00012816,GAINESVILLE REGIONAL AIRPORT FL US,20080930,-9999,0,-9999,-9999,322,211,11,110,320,36,58,1431,2001
GHCND:USW00012816,GAINESVILLE REGIONAL AIRPORT FL US,20081001,-9999,0,-9999,-9999,311,178,22,260,270,76,125,1242,1634
GHCND:USW00012816,GAINESVILLE REGIONAL AIRPORT FL US,20081002,-9999,0,-9999,-9999,272,117,23,360,20,54,76,803,821
GHCND:USW00012816,GAINESVILLE REGIONAL AIRPORT FL US,20081003,-9999,0,-9999,-9999,283,111,12,40,20,54,72,1224,1305
GHCND:USW00012816,GAINESVILLE REGIONAL AIRPORT FL US,20081004,-9999,0,-9999,-9999,294,139,22,80,90,72,94,1346,1351
GHCND:USW00012816,GAINESVILLE REGIONAL AIRPORT FL US,20081005,-9999,0,-9999,-9999,278,144,30,40,40,76,94,1036,1036
GHCND:USW00012816,GAINESVILLE REGIONAL AIRPORT FL US,20081006,-9999,0,-9999,-9999,317,206,33,60,60,89,112,1637,1357
GHCND:USW00012816,GAINESVILLE REGIONAL AIRPORT FL US,20081007,-9999,0,-9999,-9999,317,189,30,90,100,89,112,1254,1315
GHCND:USW00012816,GAINESVILLE REGIONAL AIRPORT FL US,20081008,-9999,340,-9999,-9999,294,189,21,120,120,89,103,1403,1403
GHCND:USW00012816,GAINESVILLE REGIONAL AIRPORT FL US,20081009,-9999,373,-9999,-9999,294,189,17,330,310,130,183,1330,1331
GHCND:USW00012816,GAINESVILLE REGIONAL AIRPORT FL US,20081010,-9999,5,-9999,-9999,294,189,13,50,320,45,67,1436,1505
GHCND:USW00012816,GAINESVILLE REGIONAL AIRPORT FL US,20081011,-9999,0,-9999,-9999,294,206,31,20,20,67,89,1254,1255
GHCND:USW00012816,GAINESVILLE REGIONAL AIRPORT FL US,20081012,-9999,0,-9999,-9999,317,206,35,80,80,80,107,1530,1526
GHCND:USW00012816,GAINESVILLE REGIONAL AIRPORT FL US,20081013,-9999,25,-9999,-9999,306,217,43,50,70,94,125,1330,1622
GHCND:USW00012816,GAINESVILLE REGIONAL AIRPORT FL US,20081014,-9999,0,-9999,-9999,294,189,31,60,60,89,107,1530,1352
GHCND:USW00012816,GAINESVILLE REGIONAL AIRPORT FL US,20081015,-9999,0,-9999,-9999,300,172,24,70,100,67,89,1548,1311
GHCND:USW00012816,GAINESVILLE REGIONAL AIRPORT FL US,20081016,-9999,0,-9999,-9999,300,178,6,40,110,40,72,1341,1605
GHCND:USW00012816,GAINESVILLE REGIONAL AIRPORT FL US,20081017,-9999,0,-9999,-9999,294,144,8,270,270,40,54,1827,1827
GHCND:USW00012816,GAINESVILLE REGIONAL AIRPORT FL US,20081018,-9999,0,-9999,-9999,256,144,26,10,360,63,89,1813,1957
GHCND:USW00012816,GAINESVILLE REGIONAL AIRPORT FL US,20081019,-9999,0,-9999,-9999,233,100,42,40,40,80,107,1542,1543
GHCND:USW00012816,GAINESVILLE REGIONAL AIRPORT FL US,20081020,-9999,0,-9999,-9999,267,111,27,60,60,72,103,1011,954
GHCND:USW00012816,GAINESVILLE REGIONAL AIRPORT FL US,20081021,-9999,0,-9999,-9999,267,111,9,20,10,45,67,1300,1232
GHCND:USW00012816,GAINESVILLE REGIONAL AIRPORT FL US,20081022,-9999,0,-9999,-9999,267,100,22,50,50,67,89,1508,1441
GHCND:USW00012816,GAINESVILLE REGIONAL AIRPORT FL US,20081023,-9999,36,-9999,-9999,261,172,41,80,110,98,139,1207,1550
GHCND:USW00012816,GAINESVILLE REGIONAL AIRPORT FL US,20081024,-9999,147,-9999,-9999,250,189,38,120,110,76,98,732,641
GHCND:USW00012816,GAINESVILLE REGIONAL AIRPORT FL US,20081025,-9999,3,-9999,-9999,239,122,26,320,190,45,76,121,1606
GHCND:USW00012816,GAINESVILLE REGIONAL AIRPORT FL US,20081026,-9999,0,-9999,-9999,239,89,20,360,360,58,72,1019,1020
GHCND:USW00012816,GAINESVILLE REGIONAL AIRPORT FL US,20081027,-9999,0,-9999,-9999,261,72,30,270,320,76,98,1553,1332
GHCND:USW00012816,GAINESVILLE REGIONAL AIRPORT FL US,20081028,-9999,0,-9999,-9999,156,11,34,310,340,89,134,1331,1323
GHCND:USW00012816,GAINESVILLE REGIONAL AIRPORT FL US,20081029,-9999,0,-9999,-9999,178,0,23,290,290,58,94,1356,1515
GHCND:USW00012816,GAINESVILLE REGIONAL AIRPORT FL US,20081030,-9999,0,-9999,-9999,222,22,25,40,70,67,89,1535,1624
GHCND:USW00012816,GAINESVILLE REGIONAL AIRPORT FL US,20081031,-9999,0,-9999,-9999,239,122,36,50,30,76,103,1315,1543
GHCND:USW00012816,GAINESVILLE REGIONAL AIRPORT FL US,20081101,-9999,0,-9999,-9999,250,133,29,50,50,63,80,1552,1552
GHCND:USW00012816,GAINESVILLE REGIONAL AIRPORT FL US,20081102,-9999,0,-9999,-9999,250,133,30,40,60,76,94,1658,1443
GHCND:USW00012816,GAINESVILLE REGIONAL AIRPORT FL US,20081103,-9999,0,-9999,-9999,261,144,38,30,50,80,107,1311,1512
GHCND:USW00012816,GAINESVILLE REGIONAL AIRPORT FL US,20081104,-9999,0,-9999,-9999,194,144,30,10,10,58,72,439,439
GHCND:USW00012816,GAINESVILLE REGIONAL AIRPORT FL US,20081105,-9999,0,-9999,-9999,206,144,19,30,10,54,67,1408,1518
GHCND:USW00012816,GAINESVILLE REGIONAL AIRPORT FL US,20081106,-9999,0,-9999,-9999,250,100,8,330,360,40,63,1610,1411
GHCND:USW00012816,GAINESVILLE REGIONAL AIRPORT FL US,20081107,-9999,0,-9999,-9999,267,94,7,260,260,54,67,1411,1247
GHCND:USW00012816,GAINESVILLE REGIONAL AIRPORT FL US,20081108,-9999,0,-9999,-9999,228,67,17,340,340,72,89,936,936
GHCND:USW00012816,GAINESVILLE REGIONAL AIRPORT FL US,20081109,-9999,0,-9999,-9999,228,44,20,290,290,67,89,1341,1342
GHCND:USW00012816,GAINESVILLE REGIONAL AIRPORT FL US,20081110,-9999,0,-9999,-9999,222,61,19,20,30,54,76,1439,1503
GHCND:USW00012816,GAINESVILLE REGIONAL AIRPORT FL US,20081111,-9999,0,-9999,-9999,256,50,31,60,50,80,112,1346,1347
GHCND:USW00012816,GAINESVILLE REGIONAL AIRPORT FL US,20081112,-9999,0,-9999,-9999,272,139,31,100,60,67,89,1309,1218
GHCND:USW00012816,GAINESVILLE REGIONAL AIRPORT FL US,20081113,-9999,0,-9999,-9999,294,211,17,180,180,67,89,1057,1057
GHCND:USW00012816,GAINESVILLE REGIONAL AIRPORT FL US,20081114,-9999,10,-9999,-9999,294,206,33,180,190,80,107,1103,1133
GHCND:USW00012816,GAINESVILLE REGIONAL AIRPORT FL US,20081115,-9999,10,-9999,-9999,272,94,40,270,270,98,134,1437,1358
GHCND:USW00012816,GAINESVILLE REGIONAL AIRPORT FL US,20081116,-9999,0,-9999,-9999,161,33,26,350,330,67,94,859,943
GHCND:USW00012816,GAINESVILLE REGIONAL AIRPORT FL US,20081117,-9999,0,-9999,-9999,183,0,17,340,330,45,76,1213,1243
GHCND:USW00012816,GAINESVILLE REGIONAL AIRPORT FL US,20081118,-9999,0,-9999,-9999,156,11,35,310,360,76,103,1332,1358
GHCND:USW00012816,GAINESVILLE REGIONAL AIRPORT FL US,20081119,-9999,0,-9999,-9999,144,-22,20,10,360,63,89,911,922
GHCND:USW00012816,GAINESVILLE REGIONAL AIRPORT FL US,20081120,-9999,0,-9999,-9999,200,-17,23,270,280,72,125,922,1535
GHCND:USW00012816,GAINESVILLE REGIONAL AIRPORT FL US,20081121,-9999,0,-9999,-9999,161,28,36,330,340,80,107,947,947
GHCND:USW00012816,GAINESVILLE REGIONAL AIRPORT FL US,20081122,-9999,0,-9999,-9999,156,-39,34,60,50,94,112,1117,1125
GHCND:USW00012816,GAINESVILLE REGIONAL AIRPORT FL US,20081123,-9999,0,-9999,-9999,200,0,12,60,80,58,76,1846,1851
GHCND:USW00012816,GAINESVILLE REGIONAL AIRPORT FL US,20081124,-9999,0,-9999,-9999,211,22,7,250,210,40,80,1350,1542
GHCND:USW00012816,GAINESVILLE REGIONAL AIRPORT FL US,20081125,-9999,0,-9999,-9999,200,11,23,350,330,67,80,1517,1155
GHCND:USW00012816,GAINESVILLE REGIONAL AIRPORT FL US,20081126,-9999,0,-9999,-9999,194,-11,13,340,70,45,94,1148,1239
GHCND:USW00012816,GAINESVILLE REGIONAL AIRPORT FL US,20081127,-9999,0,-9999,-9999,217,11,16,260,260,67,94,1422,1455
GHCND:USW00012816,GAINESVILLE REGIONAL AIRPORT FL US,20081128,-9999,0,-9999,-9999,250,72,24,270,260,63,80,1601,1549
GHCND:USW00012816,GAINESVILLE REGIONAL AIRPORT FL US,20081129,-9999,0,-9999,-9999,256,67,29,210,230,80,130,1128,1349
GHCND:USW00012816,GAINESVILLE REGIONAL AIRPORT FL US,20081130,-9999,371,-9999,-9999,222,133,38,300,290,125,165,1100,1101
GHCND:USW00012816,GAINESVILLE REGIONAL AIRPORT FL US,20081201,-9999,3,-9999,-9999,178,61,29,240,240,76,103,1618,1619
GHCND:USW00012816,GAINESVILLE REGIONAL AIRPORT FL US,20081202,-9999,41,-9999,-9999,133,0,25,300,310,80,112,129,130
GHCND:USW00012816,GAINESVILLE REGIONAL AIRPORT FL US,20081203,-9999,0,-9999,-9999,172,-22,6,150,40,54,112,1508,1508
GHCND:USW00012816,GAINESVILLE REGIONAL AIRPORT FL US,20081204,-9999,0,-9999,-9999,228,33,9,210,180,67,94,1220,1352
GHCND:USW00012816,GAINESVILLE REGIONAL AIRPORT FL US,20081205,-9999,3,-9999,-9999,222,67,14,340,30,54,63,1634,1448
GHCND:USW00012816,GAINESVILLE REGIONAL AIRPORT FL US,20081206,-9999,10,-9999,-9999,200,122,26,250,280,58,67,2325,1409
GHCND:USW00012816,GAINESVILLE REGIONAL AIRPORT FL US,20081207,-9999,0,-9999,-9999,156,0,23,330,230,67,89,1203,331
GHCND:USW00012816,GAINESVILLE REGIONAL AIRPORT FL US,20081208,-9999,0,-9999,-9999,217,-17,19,110,170,72,80,1420,1346
GHCND:USW00012816,GAINESVILLE REGIONAL AIRPORT FL US,20081209,-9999,0,-9999,-9999,250,100,16,140,150,58,80,1348,1413
GHCND:USW00012816,GAINESVILLE REGIONAL AIRPORT FL US,20081210,-9999,0,-9999,-9999,272,156,33,150,150,76,103,956,956
GHCND:USW00012816,GAINESVILLE REGIONAL AIRPORT FL US,20081211,-9999,150,-9999,-9999,222,111,56,260,260,134,165,932,912
GHCND:USW00012816,GAINESVILLE REGIONAL AIRPORT FL US,20081212,-9999,0,-9999,-9999,172,44,34,320,280,67,103,1443,1443
GHCND:USW00012816,GAINESVILLE REGIONAL AIRPORT FL US,20081213,-9999,0,-9999,-9999,156,11,31,60,60,67,89,1323,1324
GHCND:USW00012816,GAINESVILLE REGIONAL AIRPORT FL US,20081214,-9999,0,-9999,-9999,233,89,25,110,110,67,94,1334,1429
GHCND:USW00012816,GAINESVILLE REGIONAL AIRPORT FL US,20081215,-9999,0,-9999,-9999,256,139,13,130,130,72,94,1254,1255
GHCND:USW00012816,GAINESVILLE REGIONAL AIRPORT FL US,20081216,-9999,0,-9999,-9999,267,144,5,30,220,40,72,1207,1335
GHCND:USW00012816,GAINESVILLE REGIONAL AIRPORT FL US,20081217,-9999,0,-9999,-9999,267,133,1,110,100,31,54,1517,1440
GHCND:USW00012816,GAINESVILLE REGIONAL AIRPORT FL US,20081218,-9999,0,-9999,-9999,278,117,1,30,50,31,54,1320,1507
GHCND:USW00012816,GAINESVILLE REGIONAL AIRPORT FL US,20081219,-9999,0,-9999,-9999,256,106,17,260,250,72,80,1518,1505
GHCND:USW00012816,GAINESVILLE REGIONAL AIRPORT FL US,20081220,-9999,0,-9999,-9999,244,111,26,240,250,63,76,1719,1719
GHCND:USW00012816,GAINESVILLE REGIONAL AIRPORT FL US,20081221,-9999,13,-9999,-9999,261,117,45,340,350,107,148,1459,1502
GHCND:USW00012816,GAINESVILLE REGIONAL AIRPORT FL US,20081222,-9999,0,-9999,-9999,122,17,37,40,40,76,103,1232,1233
GHCND:USW00012816,GAINESVILLE REGIONAL AIRPORT FL US,20081223,-9999,0,-9999,-9999,222,17,32,120,140,98,125,1149,1146
GHCND:USW00012816,GAINESVILLE REGIONAL AIRPORT FL US,20081224,-9999,0,-9999,-9999,267,94,16,140,170,76,98,1128,1116
GHCND:USW00012816,GAINESVILLE REGIONAL AIRPORT FL US,20081225,-9999,0,-9999,-9999,256,128,7,150,150,45,67,1150,1151
GHCND:USW00012816,GAINESVILLE REGIONAL AIRPORT FL US,20081226,-9999,0,-9999,-9999,278,150,18,120,150,63,80,1235,1305
GHCND:USW00012816,GAINESVILLE REGIONAL AIRPORT FL US,20081227,-9999,0,-9999,-9999,261,150,21,130,140,72,98,1358,1358
GHCND:USW00012816,GAINESVILLE REGIONAL AIRPORT FL US,20081228,-9999,0,-9999,-9999,267,111,13,150,140,58,76,1334,1134
GHCND:USW00012816,GAINESVILLE REGIONAL AIRPORT FL US,20081229,-9999,8,-9999,-9999,250,94,18,270,270,80,107,1234,1234
GHCND:USW00012816,GAINESVILLE REGIONAL AIRPORT FL US,20081230,-9999,0,-9999,-9999,222,22,7,350,260,36,58,2027,54
GHCND:USW00012816,GAINESVILLE REGIONAL AIRPORT FL US,20081231,-9999,0,-9999,-9999,222,28,30,270,300,80,107,1000,1428
