STATION,STATION_NAME,DATE,PRCP,SNWD,TMAX,TMIN,AWND,WDF2,WDF5,WSF2,WSF5,PGTM,FMTM
GHCND:USW00003950,LAWTON MUNICIPAL AIRPORT OK US,20070101,0,-9999,111,-33,33,10,360,89,107,903,904
GHCND:USW00003950,LAWTON MUNICIPAL AIRPORT OK US,20070102,0,-9999,100,-50,9,150,190,36,45,1446,1546
GHCND:USW00003950,LAWTON MUNICIPAL AIRPORT OK US,20070103,0,-9999,128,-22,32,150,180,76,98,1354,2355
GHCND:USW00003950,LAWTON MUNICIPAL AIRPORT OK US,20070104,0,-9999,139,44,38,150,150,94,116,210,223
GHCND:USW00003950,LAWTON MUNICIPAL AIRPORT OK US,20070105,0,-9999,167,61,46,360,360,134,156,2235,2235
GHCND:USW00003950,LAWTON MUNICIPAL AIRPORT OK US,20070106,0,-9999,100,0,33,350,360,89,103,202,110
GHCND:USW00003950,LAWTON MUNICIPAL AIRPORT OK US,20070107,0,-9999,117,-28,40,340,320,116,143,1551,1546
GHCND:USW00003950,LAWTON MUNICIPAL AIRPORT OK US,20070108,0,-9999,139,-50,18,240,220,45,54,1122,1033
GHCND:USW00003950,LAWTON MUNICIPAL AIRPORT OK US,20070109,0,-9999,144,17,34,30,40,80,103,1013,1132
GHCND:USW00003950,LAWTON MUNICIPAL AIRPORT OK US,20070110,0,-9999,183,-22,51,180,190,125,161,1254,1441
GHCND:USW00003950,LAWTON MUNICIPAL AIRPORT OK US,20070111,0,-9999,194,89,51,190,200,112,139,1034,1026
GHCND:USW00003950,LAWTON MUNICIPAL AIRPORT OK US,20070112,91,-9999,133,-44,57,10,360,116,165,1903,1901
GHCND:USW00003950,LAWTON MUNICIPAL AIRPORT OK US,20070113,0,-9999,-28,-50,34,-9999,-9999,-9999,-9999,-9999,9999
GHCND:USW00003950,LAWTON MUNICIPAL AIRPORT OK US,20070114,140,-9999,-17,-44,33,340,340,40,58,2317,2317
GHCND:USW00003950,LAWTON MUNICIPAL AIRPORT OK US,20070115,0,-9999,-17,-72,25,360,360,63,72,1039,1048
GHCND:USW00003950,LAWTON MUNICIPAL AIRPORT OK US,20070116,0,-9999,-17,-61,10,10,10,36,40,915,943
GHCND:USW00003950,LAWTON MUNICIPAL AIRPORT OK US,20070117,0,-9999,0,-33,28,180,180,58,72,2122,2137
GHCND:USW00003950,LAWTON MUNICIPAL AIRPORT OK US,20070118,0,-9999,44,-11,27,360,360,72,89,1413,1449
GHCND:USW00003950,LAWTON MUNICIPAL AIRPORT OK US,20070119,3,-9999,39,-17,19,360,10,45,54,3,6
GHCND:USW00003950,LAWTON MUNICIPAL AIRPORT OK US,20070120,112,-9999,22,6,43,110,100,76,98,1503,1504
GHCND:USW00003950,LAWTON MUNICIPAL AIRPORT OK US,20070121,0,-9999,56,0,42,10,360,76,94,2253,2258
GHCND:USW00003950,LAWTON MUNICIPAL AIRPORT OK US,20070122,0,-9999,56,-28,31,350,360,80,98,217,211
GHCND:USW00003950,LAWTON MUNICIPAL AIRPORT OK US,20070123,0,-9999,111,-56,18,230,230,54,67,1601,1602
GHCND:USW00003950,LAWTON MUNICIPAL AIRPORT OK US,20070124,0,-9999,144,0,25,350,360,54,58,353,352
GHCND:USW00003950,LAWTON MUNICIPAL AIRPORT OK US,20070125,0,-9999,139,-33,15,350,220,40,54,1346,138
GHCND:USW00003950,LAWTON MUNICIPAL AIRPORT OK US,20070126,0,-9999,167,-28,21,200,190,72,94,1451,1452
GHCND:USW00003950,LAWTON MUNICIPAL AIRPORT OK US,20070127,10,-9999,100,-22,57,10,20,179,210,1110,1111
GHCND:USW00003950,LAWTON MUNICIPAL AIRPORT OK US,20070128,0,-9999,61,-44,30,10,360,67,80,237,245
GHCND:USW00003950,LAWTON MUNICIPAL AIRPORT OK US,20070129,0,-9999,89,-33,25,10,10,58,67,2050,2057
GHCND:USW00003950,LAWTON MUNICIPAL AIRPORT OK US,20070130,0,-9999,44,-17,60,10,10,103,116,1209,1213
GHCND:USW00003950,LAWTON MUNICIPAL AIRPORT OK US,20070131,0,-9999,6,-22,39,130,130,80,98,823,1008
GHCND:USW00003950,LAWTON MUNICIPAL AIRPORT OK US,20070201,0,-9999,6,-28,40,20,10,67,76,448,509
GHCND:USW00003950,LAWTON MUNICIPAL AIRPORT OK US,20070202,0,-9999,11,-67,41,10,10,139,161,621,622
GHCND:USW00003950,LAWTON MUNICIPAL AIRPORT OK US,20070203,0,-9999,106,-89,34,20,20,80,98,2132,2134
GHCND:USW00003950,LAWTON MUNICIPAL AIRPORT OK US,20070204,0,-9999,100,-33,44,20,10,89,103,410,412
GHCND:USW00003950,LAWTON MUNICIPAL AIRPORT OK US,20070205,0,-9999,150,-56,13,180,170,54,63,1522,1615
GHCND:USW00003950,LAWTON MUNICIPAL AIRPORT OK US,20070206,0,-9999,228,-22,26,190,200,80,103,1329,1519
GHCND:USW00003950,LAWTON MUNICIPAL AIRPORT OK US,20070207,0,-9999,128,17,62,360,360,112,139,1808,1743
GHCND:USW00003950,LAWTON MUNICIPAL AIRPORT OK US,20070208,0,-9999,22,0,55,10,10,107,130,16,25
GHCND:USW00003950,LAWTON MUNICIPAL AIRPORT OK US,20070209,0,-9999,28,-6,52,10,10,76,89,1453,1458
GHCND:USW00003950,LAWTON MUNICIPAL AIRPORT OK US,20070210,0,-9999,22,-11,28,20,20,67,76,612,613
GHCND:USW00003950,LAWTON MUNICIPAL AIRPORT OK US,20070211,0,-9999,83,17,47,150,150,94,107,1437,1437
GHCND:USW00003950,LAWTON MUNICIPAL AIRPORT OK US,20070212,61,-9999,144,67,40,340,340,116,139,2345,2346
GHCND:USW00003950,LAWTON MUNICIPAL AIRPORT OK US,20070213,3,-9999,67,-39,102,360,350,201,232,404,413
GHCND:USW00003950,LAWTON MUNICIPAL AIRPORT OK US,20070214,0,-9999,-28,-67,74,10,10,112,134,724,717
GHCND:USW00003950,LAWTON MUNICIPAL AIRPORT OK US,20070215,0,-9999,-11,-100,47,360,360,80,98,1633,1649
GHCND:USW00003950,LAWTON MUNICIPAL AIRPORT OK US,20070216,0,-9999,133,-111,42,190,190,98,125,1401,1402
GHCND:USW00003950,LAWTON MUNICIPAL AIRPORT OK US,20070217,0,-9999,133,-22,62,350,350,125,156,1332,1233
GHCND:USW00003950,LAWTON MUNICIPAL AIRPORT OK US,20070218,0,-9999,183,-56,39,180,180,94,112,1600,1601
GHCND:USW00003950,LAWTON MUNICIPAL AIRPORT OK US,20070219,0,-9999,239,28,50,190,210,98,130,1503,1621
GHCND:USW00003950,LAWTON MUNICIPAL AIRPORT OK US,20070220,0,-9999,239,39,38,280,240,94,125,1528,1503
GHCND:USW00003950,LAWTON MUNICIPAL AIRPORT OK US,20070221,0,-9999,228,-6,16,190,180,45,58,1433,1436
GHCND:USW00003950,LAWTON MUNICIPAL AIRPORT OK US,20070222,0,-9999,278,22,42,120,110,103,130,1254,1257
GHCND:USW00003950,LAWTON MUNICIPAL AIRPORT OK US,20070223,0,-9999,200,128,78,140,150,112,156,1929,2347
GHCND:USW00003950,LAWTON MUNICIPAL AIRPORT OK US,20070224,0,-9999,178,61,94,270,270,170,219,1519,1434
GHCND:USW00003950,LAWTON MUNICIPAL AIRPORT OK US,20070225,0,-9999,156,-11,37,310,310,80,107,36,9
GHCND:USW00003950,LAWTON MUNICIPAL AIRPORT OK US,20070226,0,-9999,183,-11,41,330,330,103,134,1115,1122
GHCND:USW00003950,LAWTON MUNICIPAL AIRPORT OK US,20070227,0,-9999,228,22,49,120,130,98,116,1137,1138
GHCND:USW00003950,LAWTON MUNICIPAL AIRPORT OK US,20070228,0,-9999,289,111,58,200,230,107,139,2343,1503
GHCND:USW00003950,LAWTON MUNICIPAL AIRPORT OK US,20070301,0,-9999,156,-6,41,330,270,107,143,1420,7
GHCND:USW00003950,LAWTON MUNICIPAL AIRPORT OK US,20070302,0,-9999,161,-28,45,340,280,94,116,1630,1107
GHCND:USW00003950,LAWTON MUNICIPAL AIRPORT OK US,20070303,0,-9999,106,-44,61,340,320,125,148,342,232
GHCND:USW00003950,LAWTON MUNICIPAL AIRPORT OK US,20070304,0,-9999,178,-72,19,290,290,72,98,1314,1252
GHCND:USW00003950,LAWTON MUNICIPAL AIRPORT OK US,20070305,0,-9999,222,-33,19,190,180,58,76,1349,1417
GHCND:USW00003950,LAWTON MUNICIPAL AIRPORT OK US,20070306,0,-9999,222,11,29,180,180,94,174,1525,1526
GHCND:USW00003950,LAWTON MUNICIPAL AIRPORT OK US,20070307,0,-9999,233,-6,28,10,10,76,89,2205,2137
GHCND:USW00003950,LAWTON MUNICIPAL AIRPORT OK US,20070308,0,-9999,250,56,45,150,170,76,107,1536,2112
GHCND:USW00003950,LAWTON MUNICIPAL AIRPORT OK US,20070309,0,-9999,267,72,43,350,170,76,98,320,1704
GHCND:USW00003950,LAWTON MUNICIPAL AIRPORT OK US,20070310,0,-9999,256,39,30,120,120,54,67,1557,1700
GHCND:USW00003950,LAWTON MUNICIPAL AIRPORT OK US,20070311,345,-9999,183,122,45,280,290,98,130,327,334
GHCND:USW00003950,LAWTON MUNICIPAL AIRPORT OK US,20070312,0,-9999,211,128,38,20,20,80,98,846,900
GHCND:USW00003950,LAWTON MUNICIPAL AIRPORT OK US,20070313,0,-9999,244,100,21,220,130,58,72,2036,1319
GHCND:USW00003950,LAWTON MUNICIPAL AIRPORT OK US,20070314,0,-9999,233,111,14,130,130,54,58,525,525
GHCND:USW00003950,LAWTON MUNICIPAL AIRPORT OK US,20070315,0,-9999,211,94,60,10,10,125,156,1641,2346
GHCND:USW00003950,LAWTON MUNICIPAL AIRPORT OK US,20070316,0,-9999,178,61,42,10,10,125,156,202,211
GHCND:USW00003950,LAWTON MUNICIPAL AIRPORT OK US,20070317,0,-9999,228,44,24,190,190,89,107,1246,1250
GHCND:USW00003950,LAWTON MUNICIPAL AIRPORT OK US,20070318,0,-9999,272,72,55,160,150,125,148,1628,1605
GHCND:USW00003950,LAWTON MUNICIPAL AIRPORT OK US,20070319,0,-9999,278,144,58,170,190,94,112,1125,1409
GHCND:USW00003950,LAWTON MUNICIPAL AIRPORT OK US,20070320,0,-9999,256,178,75,160,160,116,143,1645,2006
GHCND:USW00003950,LAWTON MUNICIPAL AIRPORT OK US,20070321,0,-9999,283,167,69,170,180,112,143,1554,1518
GHCND:USW00003950,LAWTON MUNICIPAL AIRPORT OK US,20070322,0,-9999,256,172,66,160,170,107,134,1517,1518
GHCND:USW00003950,LAWTON MUNICIPAL AIRPORT OK US,20070323,0,-9999,261,183,64,150,180,98,116,1443,1723
GHCND:USW00003950,LAWTON MUNICIPAL AIRPORT OK US,20070324,0,-9999,256,178,65,170,170,116,148,1339,1340
GHCND:USW00003950,LAWTON MUNICIPAL AIRPORT OK US,20070325,0,-9999,222,156,40,160,170,80,98,950,951
GHCND:USW00003950,LAWTON MUNICIPAL AIRPORT OK US,20070326,36,-9999,217,150,42,140,130,112,130,1508,1356
GHCND:USW00003950,LAWTON MUNICIPAL AIRPORT OK US,20070327,38,-9999,233,150,30,150,150,63,72,936,943
GHCND:USW00003950,LAWTON MUNICIPAL AIRPORT OK US,20070328,0,-9999,261,139,56,130,140,112,139,1748,1734
GHCND:USW00003950,LAWTON MUNICIPAL AIRPORT OK US,20070329,488,-9999,217,139,45,130,110,103,134,753,1142
GHCND:USW00003950,LAWTON MUNICIPAL AIRPORT OK US,20070330,287,-9999,189,122,36,30,30,148,165,1405,1406
GHCND:USW00003950,LAWTON MUNICIPAL AIRPORT OK US,20070331,0,-9999,194,94,38,240,240,67,94,34,139
GHCND:USW00003950,LAWTON MUNICIPAL AIRPORT OK US,20070401,0,-9999,261,67,26,190,190,72,94,1454,1454
GHCND:USW00003950,LAWTON MUNICIPAL AIRPORT OK US,20070402,0,-9999,278,100,43,170,160,94,116,1527,1613
GHCND:USW00003950,LAWTON MUNICIPAL AIRPORT OK US,20070403,0,-9999,256,117,74,360,360,134,161,1114,1115
GHCND:USW00003950,LAWTON MUNICIPAL AIRPORT OK US,20070404,0,-9999,161,61,71,20,360,134,161,117,115
GHCND:USW00003950,LAWTON MUNICIPAL AIRPORT OK US,20070405,0,-9999,122,78,43,10,10,80,107,2332,2333
GHCND:USW00003950,LAWTON MUNICIPAL AIRPORT OK US,20070406,0,-9999,72,28,74,20,20,112,134,1248,1317
GHCND:USW00003950,LAWTON MUNICIPAL AIRPORT OK US,20070407,0,-9999,83,11,43,10,20,89,107,55,56
GHCND:USW00003950,LAWTON MUNICIPAL AIRPORT OK US,20070408,0,-9999,78,28,29,150,160,58,67,1108,1542
GHCND:USW00003950,LAWTON MUNICIPAL AIRPORT OK US,20070409,0,-9999,106,39,40,120,140,67,80,1006,1245
GHCND:USW00003950,LAWTON MUNICIPAL AIRPORT OK US,20070410,0,-9999,256,94,61,360,360,165,183,2002,2003
GHCND:USW00003950,LAWTON MUNICIPAL AIRPORT OK US,20070411,0,-9999,206,39,39,300,280,103,139,1433,1434
GHCND:USW00003950,LAWTON MUNICIPAL AIRPORT OK US,20070412,0,-9999,217,33,51,110,100,103,125,1641,1616
GHCND:USW00003950,LAWTON MUNICIPAL AIRPORT OK US,20070413,56,-9999,156,72,78,10,10,156,179,1810,1810
GHCND:USW00003950,LAWTON MUNICIPAL AIRPORT OK US,20070414,0,-9999,139,22,58,350,360,116,148,605,605
GHCND:USW00003950,LAWTON MUNICIPAL AIRPORT OK US,20070415,0,-9999,217,6,21,130,210,45,63,1434,1700
GHCND:USW00003950,LAWTON MUNICIPAL AIRPORT OK US,20070416,0,-9999,222,44,44,160,170,94,112,1052,1056
GHCND:USW00003950,LAWTON MUNICIPAL AIRPORT OK US,20070417,109,-9999,172,94,39,350,360,76,103,2353,2358
GHCND:USW00003950,LAWTON MUNICIPAL AIRPORT OK US,20070418,0,-9999,211,106,31,350,350,89,107,7,8
GHCND:USW00003950,LAWTON MUNICIPAL AIRPORT OK US,20070419,0,-9999,250,78,44,150,150,94,112,1558,1559
GHCND:USW00003950,LAWTON MUNICIPAL AIRPORT OK US,20070420,0,-9999,272,156,60,160,130,112,139,1223,1210
GHCND:USW00003950,LAWTON MUNICIPAL AIRPORT OK US,20070421,0,-9999,256,150,74,160,150,130,156,1748,1609
GHCND:USW00003950,LAWTON MUNICIPAL AIRPORT OK US,20070422,0,-9999,278,139,57,160,160,112,148,234,235
GHCND:USW00003950,LAWTON MUNICIPAL AIRPORT OK US,20070423,0,-9999,256,144,49,150,150,89,112,1738,1738
GHCND:USW00003950,LAWTON MUNICIPAL AIRPORT OK US,20070424,135,-9999,261,144,39,170,250,112,139,1111,1040
GHCND:USW00003950,LAWTON MUNICIPAL AIRPORT OK US,20070425,0,-9999,189,89,48,310,310,98,134,1402,1544
GHCND:USW00003950,LAWTON MUNICIPAL AIRPORT OK US,20070426,0,-9999,222,89,34,350,310,80,107,1018,829
GHCND:USW00003950,LAWTON MUNICIPAL AIRPORT OK US,20070427,0,-9999,261,72,21,20,20,76,80,1803,1803
GHCND:USW00003950,LAWTON MUNICIPAL AIRPORT OK US,20070428,0,-9999,272,111,22,70,70,58,72,1445,1310
GHCND:USW00003950,LAWTON MUNICIPAL AIRPORT OK US,20070429,0,-9999,283,78,20,160,170,58,76,1604,1609
GHCND:USW00003950,LAWTON MUNICIPAL AIRPORT OK US,20070430,51,-9999,256,172,30,190,180,67,94,1919,1921
GHCND:USW00003950,LAWTON MUNICIPAL AIRPORT OK US,20070501,8,-9999,267,178,17,360,10,67,76,1515,1515
GHCND:USW00003950,LAWTON MUNICIPAL AIRPORT OK US,20070502,0,-9999,261,144,12,10,360,45,63,1206,1207
GHCND:USW00003950,LAWTON MUNICIPAL AIRPORT OK US,20070503,13,-9999,272,183,33,280,270,63,80,1536,1537
GHCND:USW00003950,LAWTON MUNICIPAL AIRPORT OK US,20070504,0,-9999,317,189,61,140,140,98,125,1734,1736
GHCND:USW00003950,LAWTON MUNICIPAL AIRPORT OK US,20070505,0,-9999,283,233,76,140,130,116,143,1909,1909
GHCND:USW00003950,LAWTON MUNICIPAL AIRPORT OK US,20070506,8,-9999,283,228,64,140,140,116,148,1554,1530
GHCND:USW00003950,LAWTON MUNICIPAL AIRPORT OK US,20070507,513,-9999,256,183,35,10,160,94,134,228,1228
GHCND:USW00003950,LAWTON MUNICIPAL AIRPORT OK US,20070508,394,-9999,261,167,49,360,350,125,148,703,707
GHCND:USW00003950,LAWTON MUNICIPAL AIRPORT OK US,20070509,3,-9999,261,178,21,180,170,58,72,2143,2144
GHCND:USW00003950,LAWTON MUNICIPAL AIRPORT OK US,20070510,114,-9999,261,172,26,90,100,98,116,1650,1651
GHCND:USW00003950,LAWTON MUNICIPAL AIRPORT OK US,20070511,0,-9999,278,156,18,280,280,58,76,1600,1601
GHCND:USW00003950,LAWTON MUNICIPAL AIRPORT OK US,20070512,0,-9999,300,161,18,80,60,58,76,1258,1703
GHCND:USW00003950,LAWTON MUNICIPAL AIRPORT OK US,20070513,0,-9999,300,161,17,100,160,54,67,1542,1609
GHCND:USW00003950,LAWTON MUNICIPAL AIRPORT OK US,20070514,0,-9999,306,178,28,170,200,67,116,1254,1447
GHCND:USW00003950,LAWTON MUNICIPAL AIRPORT OK US,20070515,43,-9999,228,144,45,360,10,116,156,1301,1318
GHCND:USW00003950,LAWTON MUNICIPAL AIRPORT OK US,20070516,0,-9999,239,106,37,10,20,63,76,1152,1445
GHCND:USW00003950,LAWTON MUNICIPAL AIRPORT OK US,20070517,0,-9999,256,122,23,120,110,63,76,1553,1446
GHCND:USW00003950,LAWTON MUNICIPAL AIRPORT OK US,20070518,0,-9999,228,122,19,250,240,58,72,1719,1715
GHCND:USW00003950,LAWTON MUNICIPAL AIRPORT OK US,20070519,0,-9999,233,167,34,120,120,67,80,1723,1724
GHCND:USW00003950,LAWTON MUNICIPAL AIRPORT OK US,20070520,0,-9999,267,156,43,160,170,76,112,1204,950
GHCND:USW00003950,LAWTON MUNICIPAL AIRPORT OK US,20070521,0,-9999,256,167,48,160,160,98,125,1440,1440
GHCND:USW00003950,LAWTON MUNICIPAL AIRPORT OK US,20070522,0,-9999,300,178,67,160,160,107,130,1319,1506
GHCND:USW00003950,LAWTON MUNICIPAL AIRPORT OK US,20070523,0,-9999,289,211,66,150,150,98,125,1636,1723
GHCND:USW00003950,LAWTON MUNICIPAL AIRPORT OK US,20070524,53,-9999,239,167,47,10,20,94,112,1205,1206
GHCND:USW00003950,LAWTON MUNICIPAL AIRPORT OK US,20070525,0,-9999,239,161,28,20,140,58,67,1544,518
GHCND:USW00003950,LAWTON MUNICIPAL AIRPORT OK US,20070526,30,-9999,239,183,42,120,120,89,107,1217,1218
GHCND:USW00003950,LAWTON MUNICIPAL AIRPORT OK US,20070527,0,-9999,283,189,21,130,100,80,103,1541,1557
GHCND:USW00003950,LAWTON MUNICIPAL AIRPORT OK US,20070528,0,-9999,272,189,44,120,120,94,103,1713,1714
GHCND:USW00003950,LAWTON MUNICIPAL AIRPORT OK US,20070529,0,-9999,278,189,53,120,120,89,107,1606,1607
GHCND:USW00003950,LAWTON MUNICIPAL AIRPORT OK US,20070530,170,-9999,228,161,26,350,360,125,148,422,423
GHCND:USW00003950,LAWTON MUNICIPAL AIRPORT OK US,20070531,0,-9999,283,144,34,160,150,76,98,2327,2343
GHCND:USW00003950,LAWTON MUNICIPAL AIRPORT OK US,20070601,15,-9999,294,178,47,140,130,156,183,1936,1925
GHCND:USW00003950,LAWTON MUNICIPAL AIRPORT OK US,20070602,0,-9999,311,172,17,280,300,45,63,850,902
GHCND:USW00003950,LAWTON MUNICIPAL AIRPORT OK US,20070603,20,-9999,306,183,26,270,270,98,134,513,514
GHCND:USW00003950,LAWTON MUNICIPAL AIRPORT OK US,20070604,0,-9999,311,178,27,350,350,72,89,1048,1048
GHCND:USW00003950,LAWTON MUNICIPAL AIRPORT OK US,20070605,0,-9999,328,150,19,130,130,63,76,1634,1634
GHCND:USW00003950,LAWTON MUNICIPAL AIRPORT OK US,20070606,0,-9999,322,194,73,160,150,139,170,1728,1745
GHCND:USW00003950,LAWTON MUNICIPAL AIRPORT OK US,20070607,0,-9999,356,233,52,190,190,94,116,829,938
GHCND:USW00003950,LAWTON MUNICIPAL AIRPORT OK US,20070608,0,-9999,278,167,66,10,360,139,170,154,447
GHCND:USW00003950,LAWTON MUNICIPAL AIRPORT OK US,20070609,0,-9999,339,183,31,120,130,76,94,2232,2221
GHCND:USW00003950,LAWTON MUNICIPAL AIRPORT OK US,20070610,74,-9999,333,217,37,270,280,103,143,1057,1058
GHCND:USW00003950,LAWTON MUNICIPAL AIRPORT OK US,20070611,28,-9999,339,228,36,190,200,94,125,230,231
GHCND:USW00003950,LAWTON MUNICIPAL AIRPORT OK US,20070612,0,-9999,333,217,30,160,150,76,94,1216,1217
GHCND:USW00003950,LAWTON MUNICIPAL AIRPORT OK US,20070613,0,-9999,344,222,47,120,120,98,116,2242,2312
GHCND:USW00003950,LAWTON MUNICIPAL AIRPORT OK US,20070614,574,-9999,294,183,43,110,110,112,179,1457,1458
GHCND:USW00003950,LAWTON MUNICIPAL AIRPORT OK US,20070615,102,-9999,267,194,19,180,180,89,112,1242,1246
GHCND:USW00003950,LAWTON MUNICIPAL AIRPORT OK US,20070616,84,-9999,256,200,26,120,100,72,94,1426,1429
GHCND:USW00003950,LAWTON MUNICIPAL AIRPORT OK US,20070617,33,-9999,267,211,40,130,120,80,98,1110,1117
GHCND:USW00003950,LAWTON MUNICIPAL AIRPORT OK US,20070618,15,-9999,317,228,53,130,150,94,112,1240,1501
GHCND:USW00003950,LAWTON MUNICIPAL AIRPORT OK US,20070619,0,-9999,344,211,44,20,10,165,201,2336,2346
GHCND:USW00003950,LAWTON MUNICIPAL AIRPORT OK US,20070620,714,-9999,283,189,36,360,360,174,215,53,54
GHCND:USW00003950,LAWTON MUNICIPAL AIRPORT OK US,20070621,119,-9999,306,222,44,170,160,98,125,1749,1752
GHCND:USW00003950,LAWTON MUNICIPAL AIRPORT OK US,20070622,0,-9999,311,228,41,180,160,72,94,1501,1202
GHCND:USW00003950,LAWTON MUNICIPAL AIRPORT OK US,20070623,0,-9999,328,222,39,350,360,89,107,2153,2154
GHCND:USW00003950,LAWTON MUNICIPAL AIRPORT OK US,20070624,15,-9999,294,211,26,130,130,107,125,1451,1452
GHCND:USW00003950,LAWTON MUNICIPAL AIRPORT OK US,20070625,8,-9999,300,217,37,120,110,103,125,1904,1859
GHCND:USW00003950,LAWTON MUNICIPAL AIRPORT OK US,20070626,518,-9999,267,206,20,120,120,125,148,311,312
GHCND:USW00003950,LAWTON MUNICIPAL AIRPORT OK US,20070627,168,-9999,283,211,26,150,150,63,80,541,1133
GHCND:USW00003950,LAWTON MUNICIPAL AIRPORT OK US,20070628,627,-9999,278,217,31,110,110,80,98,1310,1311
GHCND:USW00003950,LAWTON MUNICIPAL AIRPORT OK US,20070629,28,-9999,244,222,39,160,170,80,98,1221,1155
GHCND:USW00003950,LAWTON MUNICIPAL AIRPORT OK US,20070630,0,-9999,306,217,24,10,10,63,72,1621,1621
GHCND:USW00003950,LAWTON MUNICIPAL AIRPORT OK US,20070701,0,-9999,317,217,28,360,350,67,76,728,734
GHCND:USW00003950,LAWTON MUNICIPAL AIRPORT OK US,20070702,0,-9999,306,228,21,160,160,63,76,1437,1438
GHCND:USW00003950,LAWTON MUNICIPAL AIRPORT OK US,20070703,0,-9999,322,222,32,130,130,72,76,1851,1826
GHCND:USW00003950,LAWTON MUNICIPAL AIRPORT OK US,20070704,0,-9999,317,217,20,170,160,58,72,1506,1509
GHCND:USW00003950,LAWTON MUNICIPAL AIRPORT OK US,20070705,5,-9999,328,222,30,20,20,89,98,1855,1855
GHCND:USW00003950,LAWTON MUNICIPAL AIRPORT OK US,20070706,43,-9999,333,211,30,350,350,76,94,1554,1555
GHCND:USW00003950,LAWTON MUNICIPAL AIRPORT OK US,20070707,0,-9999,350,206,14,130,120,40,45,1930,1926
GHCND:USW00003950,LAWTON MUNICIPAL AIRPORT OK US,20070708,0,-9999,350,217,32,130,140,72,98,1922,1926
GHCND:USW00003950,LAWTON MUNICIPAL AIRPORT OK US,20070709,61,-9999,350,222,46,150,150,94,107,2347,2346
GHCND:USW00003950,LAWTON MUNICIPAL AIRPORT OK US,20070710,0,-9999,356,239,33,30,30,80,94,1829,1829
GHCND:USW00003950,LAWTON MUNICIPAL AIRPORT OK US,20070711,0,-9999,328,233,31,100,100,72,94,1804,1809
GHCND:USW00003950,LAWTON MUNICIPAL AIRPORT OK US,20070712,0,-9999,333,239,30,50,50,94,103,1101,1103
GHCND:USW00003950,LAWTON MUNICIPAL AIRPORT OK US,20070713,376,-9999,278,194,26,60,60,161,179,456,455
GHCND:USW00003950,LAWTON MUNICIPAL AIRPORT OK US,20070714,0,-9999,328,194,12,160,90,31,45,1616,2132
GHCND:USW00003950,LAWTON MUNICIPAL AIRPORT OK US,20070715,0,-9999,344,211,17,100,100,45,58,1726,1727
GHCND:USW00003950,LAWTON MUNICIPAL AIRPORT OK US,20070716,0,-9999,339,206,19,120,130,67,89,1409,1455
GHCND:USW00003950,LAWTON MUNICIPAL AIRPORT OK US,20070717,0,-9999,339,217,31,120,120,72,89,1635,1636
GHCND:USW00003950,LAWTON MUNICIPAL AIRPORT OK US,20070718,0,-9999,333,217,41,170,170,80,112,1724,1421
GHCND:USW00003950,LAWTON MUNICIPAL AIRPORT OK US,20070719,0,-9999,328,194,43,180,190,80,107,1512,1536
GHCND:USW00003950,LAWTON MUNICIPAL AIRPORT OK US,20070720,0,-9999,339,222,30,150,150,76,98,1945,1946
GHCND:USW00003950,LAWTON MUNICIPAL AIRPORT OK US,20070721,0,-9999,328,211,30,130,120,72,94,1307,1337
GHCND:USW00003950,LAWTON MUNICIPAL AIRPORT OK US,20070722,0,-9999,344,222,22,130,140,45,58,2304,2227
GHCND:USW00003950,LAWTON MUNICIPAL AIRPORT OK US,20070723,0,-9999,339,222,23,90,90,98,116,1528,1539
GHCND:USW00003950,LAWTON MUNICIPAL AIRPORT OK US,20070724,0,-9999,328,200,32,130,130,76,94,1600,1536
GHCND:USW00003950,LAWTON MUNICIPAL AIRPORT OK US,20070725,0,-9999,328,189,29,120,130,72,80,1528,1519
GHCND:USW00003950,LAWTON MUNICIPAL AIRPORT OK US,20070726,0,-9999,328,200,36,190,190,98,125,1846,1847
GHCND:USW00003950,LAWTON MUNICIPAL AIRPORT OK US,20070727,0,-9999,328,206,30,150,150,67,89,1455,1613
GHCND:USW00003950,LAWTON MUNICIPAL AIRPORT OK US,20070728,0,-9999,344,211,23,120,110,76,80,1631,1631
GHCND:USW00003950,LAWTON MUNICIPAL AIRPORT OK US,20070729,0,-9999,356,211,12,170,50,54,94,1359,2029
GHCND:USW00003950,LAWTON MUNICIPAL AIRPORT OK US,20070730,0,-9999,356,233,23,90,90,116,130,1716,1716
GHCND:USW00003950,LAWTON MUNICIPAL AIRPORT OK US,20070731,0,-9999,344,233,28,190,180,76,94,1539,1541
GHCND:USW00003950,LAWTON MUNICIPAL AIRPORT OK US,20070801,0,-9999,322,233,27,90,90,89,98,1320,1321
GHCND:USW00003950,LAWTON MUNICIPAL AIRPORT OK US,20070802,0,-9999,339,233,28,120,80,80,107,1419,1550
GHCND:USW00003950,LAWTON MUNICIPAL AIRPORT OK US,20070803,0,-9999,344,222,24,120,120,72,89,1609,1611
GHCND:USW00003950,LAWTON MUNICIPAL AIRPORT OK US,20070804,0,-9999,350,228,38,170,170,80,103,1532,1720
GHCND:USW00003950,LAWTON MUNICIPAL AIRPORT OK US,20070805,0,-9999,361,239,50,170,170,89,116,1214,1703
GHCND:USW00003950,LAWTON MUNICIPAL AIRPORT OK US,20070806,0,-9999,367,239,53,170,170,98,116,1654,1655
GHCND:USW00003950,LAWTON MUNICIPAL AIRPORT OK US,20070807,0,-9999,372,228,52,150,170,94,112,1526,1530
GHCND:USW00003950,LAWTON MUNICIPAL AIRPORT OK US,20070808,0,-9999,372,239,50,170,160,94,125,1534,1547
GHCND:USW00003950,LAWTON MUNICIPAL AIRPORT OK US,20070809,0,-9999,378,233,41,180,160,80,103,1721,1617
GHCND:USW00003950,LAWTON MUNICIPAL AIRPORT OK US,20070810,0,-9999,378,194,25,170,160,67,94,1358,1633
GHCND:USW00003950,LAWTON MUNICIPAL AIRPORT OK US,20070811,0,-9999,383,211,27,160,160,72,98,1313,1741
GHCND:USW00003950,LAWTON MUNICIPAL AIRPORT OK US,20070812,0,-9999,394,222,17,150,160,67,89,1457,1513
GHCND:USW00003950,LAWTON MUNICIPAL AIRPORT OK US,20070813,0,-9999,394,206,14,120,150,58,72,1404,1646
GHCND:USW00003950,LAWTON MUNICIPAL AIRPORT OK US,20070814,0,-9999,394,217,19,140,130,54,67,1548,1442
GHCND:USW00003950,LAWTON MUNICIPAL AIRPORT OK US,20070815,0,-9999,389,217,20,120,150,80,98,1440,1444
GHCND:USW00003950,LAWTON MUNICIPAL AIRPORT OK US,20070816,0,-9999,378,233,31,130,130,76,98,1415,1416
GHCND:USW00003950,LAWTON MUNICIPAL AIRPORT OK US,20070817,48,-9999,328,244,25,120,120,98,112,1207,1207
GHCND:USW00003950,LAWTON MUNICIPAL AIRPORT OK US,20070818,305,-9999,294,239,59,140,150,143,174,2253,2248
GHCND:USW00003950,LAWTON MUNICIPAL AIRPORT OK US,20070819,770,-9999,339,244,51,200,190,143,161,149,148
GHCND:USW00003950,LAWTON MUNICIPAL AIRPORT OK US,20070820,0,-9999,356,244,56,170,160,98,125,1500,1622
GHCND:USW00003950,LAWTON MUNICIPAL AIRPORT OK US,20070821,0,-9999,344,239,47,180,180,107,130,806,807
GHCND:USW00003950,LAWTON MUNICIPAL AIRPORT OK US,20070822,0,-9999,339,233,49,170,170,94,125,1630,1643
GHCND:USW00003950,LAWTON MUNICIPAL AIRPORT OK US,20070823,0,-9999,350,233,56,170,170,112,134,1514,1514
GHCND:USW00003950,LAWTON MUNICIPAL AIRPORT OK US,20070824,0,-9999,350,228,41,160,150,89,107,1601,1602
GHCND:USW00003950,LAWTON MUNICIPAL AIRPORT OK US,20070825,0,-9999,333,228,33,110,130,94,107,1435,1629
GHCND:USW00003950,LAWTON MUNICIPAL AIRPORT OK US,20070826,0,-9999,356,222,32,150,110,67,80,1759,1354
GHCND:USW00003950,LAWTON MUNICIPAL AIRPORT OK US,20070827,0,-9999,361,217,34,130,170,67,80,1324,1719
GHCND:USW00003950,LAWTON MUNICIPAL AIRPORT OK US,20070828,0,-9999,350,217,28,120,130,58,76,1633,1707
GHCND:USW00003950,LAWTON MUNICIPAL AIRPORT OK US,20070829,0,-9999,356,217,20,30,30,67,80,1934,1935
GHCND:USW00003950,LAWTON MUNICIPAL AIRPORT OK US,20070830,0,-9999,328,228,43,10,10,89,107,1421,1422
GHCND:USW00003950,LAWTON MUNICIPAL AIRPORT OK US,20070831,0,-9999,328,222,36,30,40,67,94,1318,1618
GHCND:USW00003950,LAWTON MUNICIPAL AIRPORT OK US,20070901,0,-9999,328,194,25,80,60,54,80,1517,1640
GHCND:USW00003950,LAWTON MUNICIPAL AIRPORT OK US,20070902,0,-9999,328,167,17,100,70,58,80,1755,1639
GHCND:USW00003950,LAWTON MUNICIPAL AIRPORT OK US,20070903,0,-9999,328,189,18,100,110,54,67,1446,1712
GHCND:USW00003950,LAWTON MUNICIPAL AIRPORT OK US,20070904,0,-9999,300,200,29,180,180,94,112,1648,1648
GHCND:USW00003950,LAWTON MUNICIPAL AIRPORT OK US,20070905,0,-9999,306,206,29,120,120,63,76,2209,2206
GHCND:USW00003950,LAWTON MUNICIPAL AIRPORT OK US,20070906,0,-9999,350,233,55,160,160,98,125,1540,1625
GHCND:USW00003950,LAWTON MUNICIPAL AIRPORT OK US,20070907,0,-9999,339,250,38,180,120,67,80,1613,248
GHCND:USW00003950,LAWTON MUNICIPAL AIRPORT OK US,20070908,0,-9999,339,244,30,230,230,63,80,1112,1112
GHCND:USW00003950,LAWTON MUNICIPAL AIRPORT OK US,20070909,15,-9999,294,222,36,50,40,89,103,1414,1421
GHCND:USW00003950,LAWTON MUNICIPAL AIRPORT OK US,20070910,0,-9999,306,178,45,360,360,125,156,1844,1845
GHCND:USW00003950,LAWTON MUNICIPAL AIRPORT OK US,20070911,0,-9999,267,128,50,360,360,112,130,250,248
GHCND:USW00003950,LAWTON MUNICIPAL AIRPORT OK US,20070912,0,-9999,278,100,14,130,130,54,63,1645,1646
GHCND:USW00003950,LAWTON MUNICIPAL AIRPORT OK US,20070913,0,-9999,306,144,22,160,180,58,67,1313,1203
GHCND:USW00003950,LAWTON MUNICIPAL AIRPORT OK US,20070914,0,-9999,311,156,36,10,10,89,103,1556,1619
GHCND:USW00003950,LAWTON MUNICIPAL AIRPORT OK US,20070915,0,-9999,306,139,33,190,160,63,76,1637,1712
GHCND:USW00003950,LAWTON MUNICIPAL AIRPORT OK US,20070916,0,-9999,344,189,46,150,170,89,112,1517,1725
GHCND:USW00003950,LAWTON MUNICIPAL AIRPORT OK US,20070917,0,-9999,333,194,62,160,150,103,130,1721,1725
GHCND:USW00003950,LAWTON MUNICIPAL AIRPORT OK US,20070918,0,-9999,328,200,46,170,180,89,103,1055,923
GHCND:USW00003950,LAWTON MUNICIPAL AIRPORT OK US,20070919,0,-9999,322,183,26,120,170,58,76,1313,1657
GHCND:USW00003950,LAWTON MUNICIPAL AIRPORT OK US,20070920,0,-9999,333,211,32,130,150,76,94,1550,1539
GHCND:USW00003950,LAWTON MUNICIPAL AIRPORT OK US,20070921,0,-9999,344,194,38,180,180,80,98,1331,1331
GHCND:USW00003950,LAWTON MUNICIPAL AIRPORT OK US,20070922,0,-9999,344,194,31,120,100,72,98,1501,1632
GHCND:USW00003950,LAWTON MUNICIPAL AIRPORT OK US,20070923,0,-9999,328,144,33,120,130,76,98,1214,1624
GHCND:USW00003950,LAWTON MUNICIPAL AIRPORT OK US,20070924,0,-9999,333,183,51,150,160,98,125,1507,1518
GHCND:USW00003950,LAWTON MUNICIPAL AIRPORT OK US,20070925,3,-9999,300,189,49,10,10,94,112,1548,1555
GHCND:USW00003950,LAWTON MUNICIPAL AIRPORT OK US,20070926,152,-9999,306,189,34,200,210,112,170,2359,2359
GHCND:USW00003950,LAWTON MUNICIPAL AIRPORT OK US,20070927,20,-9999,311,172,27,190,210,134,170,2359,0
GHCND:USW00003950,LAWTON MUNICIPAL AIRPORT OK US,20070928,0,-9999,306,206,42,130,130,89,107,1433,1434
GHCND:USW00003950,LAWTON MUNICIPAL AIRPORT OK US,20070929,0,-9999,306,183,53,160,160,94,112,857,1602
GHCND:USW00003950,LAWTON MUNICIPAL AIRPORT OK US,20070930,0,-9999,328,178,46,180,200,103,130,944,1023
GHCND:USW00003950,LAWTON MUNICIPAL AIRPORT OK US,20071001,0,-9999,333,172,31,130,130,58,67,1704,1705
GHCND:USW00003950,LAWTON MUNICIPAL AIRPORT OK US,20071002,185,-9999,339,217,53,330,320,139,183,2009,2010
GHCND:USW00003950,LAWTON MUNICIPAL AIRPORT OK US,20071003,0,-9999,283,183,39,30,40,67,76,909,920
GHCND:USW00003950,LAWTON MUNICIPAL AIRPORT OK US,20071004,0,-9999,328,211,52,170,170,94,112,1517,1422
GHCND:USW00003950,LAWTON MUNICIPAL AIRPORT OK US,20071005,0,-9999,328,194,46,150,160,80,107,1459,1427
GHCND:USW00003950,LAWTON MUNICIPAL AIRPORT OK US,20071006,0,-9999,306,211,47,130,130,94,107,1532,1537
GHCND:USW00003950,LAWTON MUNICIPAL AIRPORT OK US,20071007,0,-9999,317,222,47,170,160,80,98,1702,1658
GHCND:USW00003950,LAWTON MUNICIPAL AIRPORT OK US,20071008,0,-9999,272,167,47,30,40,107,139,1530,1529
GHCND:USW00003950,LAWTON MUNICIPAL AIRPORT OK US,20071009,0,-9999,283,122,28,50,50,63,72,1140,1140
GHCND:USW00003950,LAWTON MUNICIPAL AIRPORT OK US,20071010,0,-9999,289,94,9,100,110,36,45,1604,1604
GHCND:USW00003950,LAWTON MUNICIPAL AIRPORT OK US,20071011,0,-9999,272,128,25,110,110,63,67,1635,1613
GHCND:USW00003950,LAWTON MUNICIPAL AIRPORT OK US,20071012,0,-9999,300,144,51,130,130,98,116,1510,1511
GHCND:USW00003950,LAWTON MUNICIPAL AIRPORT OK US,20071013,0,-9999,317,167,67,140,130,116,148,1611,1612
GHCND:USW00003950,LAWTON MUNICIPAL AIRPORT OK US,20071014,193,-9999,278,167,58,160,160,112,134,1121,1122
GHCND:USW00003950,LAWTON MUNICIPAL AIRPORT OK US,20071015,0,-9999,228,117,27,360,10,72,80,946,118
GHCND:USW00003950,LAWTON MUNICIPAL AIRPORT OK US,20071016,0,-9999,250,94,35,130,130,107,148,1703,1704
GHCND:USW00003950,LAWTON MUNICIPAL AIRPORT OK US,20071017,3,-9999,317,183,71,170,230,125,161,1424,1148
GHCND:USW00003950,LAWTON MUNICIPAL AIRPORT OK US,20071018,0,-9999,250,94,37,330,320,89,112,1142,1146
GHCND:USW00003950,LAWTON MUNICIPAL AIRPORT OK US,20071019,0,-9999,261,56,14,200,200,54,72,1347,1422
GHCND:USW00003950,LAWTON MUNICIPAL AIRPORT OK US,20071020,0,-9999,333,61,47,170,180,112,143,1617,1608
GHCND:USW00003950,LAWTON MUNICIPAL AIRPORT OK US,20071021,46,-9999,317,106,74,360,360,148,183,1913,1914
GHCND:USW00003950,LAWTON MUNICIPAL AIRPORT OK US,20071022,81,-9999,139,61,74,350,340,134,174,1252,1116
GHCND:USW00003950,LAWTON MUNICIPAL AIRPORT OK US,20071023,0,-9999,217,17,24,340,340,63,89,1434,1607
GHCND:USW00003950,LAWTON MUNICIPAL AIRPORT OK US,20071024,0,-9999,222,89,72,360,360,161,183,1340,1024
GHCND:USW00003950,LAWTON MUNICIPAL AIRPORT OK US,20071025,0,-9999,200,39,34,20,10,80,98,1428,1345
GHCND:USW00003950,LAWTON MUNICIPAL AIRPORT OK US,20071026,0,-9999,206,11,7,30,90,31,45,1527,2016
GHCND:USW00003950,LAWTON MUNICIPAL AIRPORT OK US,20071027,0,-9999,222,39,22,10,10,58,72,1418,1544
GHCND:USW00003950,LAWTON MUNICIPAL AIRPORT OK US,20071028,0,-9999,222,72,17,10,30,45,58,1201,816
GHCND:USW00003950,LAWTON MUNICIPAL AIRPORT OK US,20071029,0,-9999,239,50,22,160,150,58,72,1452,1454
GHCND:USW00003950,LAWTON MUNICIPAL AIRPORT OK US,20071030,0,-9999,261,56,38,160,160,80,107,1325,1607
GHCND:USW00003950,LAWTON MUNICIPAL AIRPORT OK US,20071031,0,-9999,211,72,60,10,20,125,161,1357,1544
GHCND:USW00003950,LAWTON MUNICIPAL AIRPORT OK US,20071101,0,-9999,200,61,38,20,10,80,98,557,952
GHCND:USW00003950,LAWTON MUNICIPAL AIRPORT OK US,20071102,0,-9999,228,56,19,10,150,45,67,1315,2345
GHCND:USW00003950,LAWTON MUNICIPAL AIRPORT OK US,20071103,0,-9999,211,89,21,20,30,76,80,856,821
GHCND:USW00003950,LAWTON MUNICIPAL AIRPORT OK US,20071104,0,-9999,283,72,27,190,180,80,103,1509,1509
GHCND:USW00003950,LAWTON MUNICIPAL AIRPORT OK US,20071105,0,-9999,250,100,61,30,20,139,170,1457,1435
GHCND:USW00003950,LAWTON MUNICIPAL AIRPORT OK US,20071106,0,-9999,150,33,45,10,30,98,116,115,117
GHCND:USW00003950,LAWTON MUNICIPAL AIRPORT OK US,20071107,0,-9999,189,50,28,180,170,63,89,1602,1603
GHCND:USW00003950,LAWTON MUNICIPAL AIRPORT OK US,20071108,0,-9999,250,6,22,110,120,63,76,1452,1505
GHCND:USW00003950,LAWTON MUNICIPAL AIRPORT OK US,20071109,0,-9999,250,89,29,10,120,63,67,1604,1124
GHCND:USW00003950,LAWTON MUNICIPAL AIRPORT OK US,20071110,0,-9999,272,89,32,170,160,80,103,1530,1517
GHCND:USW00003950,LAWTON MUNICIPAL AIRPORT OK US,20071111,0,-9999,250,167,56,170,160,98,116,1502,1233
GHCND:USW00003950,LAWTON MUNICIPAL AIRPORT OK US,20071112,0,-9999,289,133,50,10,360,107,130,1943,1934
GHCND:USW00003950,LAWTON MUNICIPAL AIRPORT OK US,20071113,0,-9999,256,94,34,200,210,80,112,1533,1630
GHCND:USW00003950,LAWTON MUNICIPAL AIRPORT OK US,20071114,0,-9999,194,67,73,20,10,197,241,1018,1044
GHCND:USW00003950,LAWTON MUNICIPAL AIRPORT OK US,20071115,0,-9999,161,11,33,360,360,72,94,8,212
GHCND:USW00003950,LAWTON MUNICIPAL AIRPORT OK US,20071116,0,-9999,233,17,41,190,190,98,125,1117,1036
GHCND:USW00003950,LAWTON MUNICIPAL AIRPORT OK US,20071117,0,-9999,261,78,12,30,10,54,63,1136,1155
GHCND:USW00003950,LAWTON MUNICIPAL AIRPORT OK US,20071118,0,-9999,233,44,15,120,160,58,67,1429,1542
GHCND:USW00003950,LAWTON MUNICIPAL AIRPORT OK US,20071119,0,-9999,272,83,31,170,160,76,98,1548,1550
GHCND:USW00003950,LAWTON MUNICIPAL AIRPORT OK US,20071120,0,-9999,289,128,52,180,200,89,148,1557,1557
GHCND:USW00003950,LAWTON MUNICIPAL AIRPORT OK US,20071121,0,-9999,128,17,89,360,360,130,156,1331,1255
GHCND:USW00003950,LAWTON MUNICIPAL AIRPORT OK US,20071122,0,-9999,61,-39,38,360,360,89,116,6,7
GHCND:USW00003950,LAWTON MUNICIPAL AIRPORT OK US,20071123,0,-9999,67,-56,21,110,120,67,72,1118,1057
GHCND:USW00003950,LAWTON MUNICIPAL AIRPORT OK US,20071124,0,-9999,56,33,27,130,140,54,63,959,1014
GHCND:USW00003950,LAWTON MUNICIPAL AIRPORT OK US,20071125,114,-9999,78,11,35,10,10,94,107,1038,1039
GHCND:USW00003950,LAWTON MUNICIPAL AIRPORT OK US,20071126,8,-9999,144,-6,13,10,10,45,58,1135,1605
GHCND:USW00003950,LAWTON MUNICIPAL AIRPORT OK US,20071127,0,-9999,161,-11,31,160,160,72,89,2234,2227
GHCND:USW00003950,LAWTON MUNICIPAL AIRPORT OK US,20071128,0,-9999,194,44,62,360,10,130,165,1746,1729
GHCND:USW00003950,LAWTON MUNICIPAL AIRPORT OK US,20071129,0,-9999,144,-33,25,180,160,58,67,1514,1443
GHCND:USW00003950,LAWTON MUNICIPAL AIRPORT OK US,20071130,20,-9999,111,89,41,30,30,67,76,1558,1559
GHCND:USW00003950,LAWTON MUNICIPAL AIRPORT OK US,20071201,5,-9999,217,106,79,160,160,112,148,1018,1025
GHCND:USW00003950,LAWTON MUNICIPAL AIRPORT OK US,20071202,0,-9999,206,22,51,350,360,116,143,1304,1044
GHCND:USW00003950,LAWTON MUNICIPAL AIRPORT OK US,20071203,0,-9999,128,-44,22,210,210,54,63,1505,1507
GHCND:USW00003950,LAWTON MUNICIPAL AIRPORT OK US,20071204,0,-9999,211,-22,13,200,200,40,54,1748,1748
GHCND:USW00003950,LAWTON MUNICIPAL AIRPORT OK US,20071205,0,-9999,178,28,66,20,20,161,192,1324,1325
GHCND:USW00003950,LAWTON MUNICIPAL AIRPORT OK US,20071206,0,-9999,128,11,38,160,170,80,98,1010,1011
GHCND:USW00003950,LAWTON MUNICIPAL AIRPORT OK US,20071207,0,-9999,172,50,42,20,20,103,116,2316,2317
GHCND:USW00003950,LAWTON MUNICIPAL AIRPORT OK US,20071208,3,-9999,61,11,66,10,30,112,134,2026,2026
GHCND:USW00003950,LAWTON MUNICIPAL AIRPORT OK US,20071209,0,-9999,11,-28,67,10,10,112,139,644,616
GHCND:USW00003950,LAWTON MUNICIPAL AIRPORT OK US,20071210,140,-9999,11,-6,12,-9999,-9999,-9999,-9999,-9999,9999
GHCND:USW00003950,LAWTON MUNICIPAL AIRPORT OK US,20071211,452,-9999,67,11,43,360,360,98,125,1904,1943
GHCND:USW00003950,LAWTON MUNICIPAL AIRPORT OK US,20071212,0,-9999,28,-28,36,10,10,103,130,212,213
GHCND:USW00003950,LAWTON MUNICIPAL AIRPORT OK US,20071213,0,-9999,22,-44,24,50,50,58,63,2030,2032
GHCND:USW00003950,LAWTON MUNICIPAL AIRPORT OK US,20071214,23,-9999,44,0,34,60,60,63,67,1434,1434
GHCND:USW00003950,LAWTON MUNICIPAL AIRPORT OK US,20071215,0,-9999,33,-33,49,330,320,107,156,1318,1500
GHCND:USW00003950,LAWTON MUNICIPAL AIRPORT OK US,20071216,0,-9999,106,-67,22,200,200,63,72,1441,1442
GHCND:USW00003950,LAWTON MUNICIPAL AIRPORT OK US,20071217,0,-9999,139,-50,37,160,180,98,125,1431,1459
GHCND:USW00003950,LAWTON MUNICIPAL AIRPORT OK US,20071218,0,-9999,167,-28,21,10,360,63,72,1446,1447
GHCND:USW00003950,LAWTON MUNICIPAL AIRPORT OK US,20071219,0,-9999,178,-33,19,160,170,67,76,1340,1334
GHCND:USW00003950,LAWTON MUNICIPAL AIRPORT OK US,20071220,0,-9999,189,-17,25,350,360,80,103,558,643
GHCND:USW00003950,LAWTON MUNICIPAL AIRPORT OK US,20071221,0,-9999,206,-22,23,170,180,72,89,1412,1300
GHCND:USW00003950,LAWTON MUNICIPAL AIRPORT OK US,20071222,0,-9999,94,-56,66,360,340,130,161,1213,613
GHCND:USW00003950,LAWTON MUNICIPAL AIRPORT OK US,20071223,0,-9999,128,-78,26,190,170,67,89,1204,1206
GHCND:USW00003950,LAWTON MUNICIPAL AIRPORT OK US,20071224,0,-9999,133,-11,20,360,360,54,63,313,348
GHCND:USW00003950,LAWTON MUNICIPAL AIRPORT OK US,20071225,0,-9999,167,-39,41,160,170,103,130,1509,1540
GHCND:USW00003950,LAWTON MUNICIPAL AIRPORT OK US,20071226,0,-9999,50,-50,52,360,10,112,130,522,522
GHCND:USW00003950,LAWTON MUNICIPAL AIRPORT OK US,20071227,0,-9999,28,-67,34,100,90,80,98,1440,1427
GHCND:USW00003950,LAWTON MUNICIPAL AIRPORT OK US,20071228,0,-9999,67,-50,22,330,330,72,94,1028,1029
GHCND:USW00003950,LAWTON MUNICIPAL AIRPORT OK US,20071229,0,-9999,128,-67,26,180,180,76,98,1433,1213
GHCND:USW00003950,LAWTON MUNICIPAL AIRPORT OK US,20071230,0,-9999,133,-61,21,230,210,54,67,1405,1440
GHCND:USW00003950,LAWTON MUNICIPAL AIRPORT OK US,20071231,0,-9999,122,-44,50,340,320,107,134,1200,1352
GHCND:USW00003950,LAWTON MUNICIPAL AIRPORT OK US,20080101,0,-9999,78,-72,44,330,330,94,116,1443,1621
GHCND:USW00003950,LAWTON MUNICIPAL AIRPORT OK US,20080102,0,-9999,56,-83,22,110,110,63,67,2342,2342
GHCND:USW00003950,LAWTON MUNICIPAL AIRPORT OK US,20080103,0,-9999,106,-56,63,170,170,112,148,1349,1350
GHCND:USW00003950,LAWTON MUNICIPAL AIRPORT OK US,20080104,0,-9999,156,0,62,180,190,116,148,1143,1126
GHCND:USW00003950,LAWTON MUNICIPAL AIRPORT OK US,20080105,0,-9999,256,11,47,210,200,103,139,1542,1601
GHCND:USW00003950,LAWTON MUNICIPAL AIRPORT OK US,20080106,0,-9999,261,56,47,190,190,94,125,1454,1455
GHCND:USW00003950,LAWTON MUNICIPAL AIRPORT OK US,20080107,3,-9999,250,89,37,190,180,80,103,2332,2332
GHCND:USW00003950,LAWTON MUNICIPAL AIRPORT OK US,20080108,0,-9999,178,-28,45,330,340,98,134,552,1203
GHCND:USW00003950,LAWTON MUNICIPAL AIRPORT OK US,20080109,0,-9999,167,-50,38,170,150,94,112,1531,1621
GHCND:USW00003950,LAWTON MUNICIPAL AIRPORT OK US,20080110,0,-9999,150,-28,38,310,300,107,139,1119,850
GHCND:USW00003950,LAWTON MUNICIPAL AIRPORT OK US,20080111,0,-9999,183,-44,23,180,180,89,107,1116,1120
GHCND:USW00003950,LAWTON MUNICIPAL AIRPORT OK US,20080112,0,-9999,156,-17,57,360,360,130,161,943,943
GHCND:USW00003950,LAWTON MUNICIPAL AIRPORT OK US,20080113,0,-9999,144,-56,8,30,180,36,36,1401,946
GHCND:USW00003950,LAWTON MUNICIPAL AIRPORT OK US,20080114,0,-9999,172,-56,13,330,320,58,72,1433,1524
GHCND:USW00003950,LAWTON MUNICIPAL AIRPORT OK US,20080115,0,-9999,183,-44,33,190,190,103,130,1601,1542
GHCND:USW00003950,LAWTON MUNICIPAL AIRPORT OK US,20080116,0,-9999,111,-28,58,340,330,134,165,1811,1812
GHCND:USW00003950,LAWTON MUNICIPAL AIRPORT OK US,20080117,0,-9999,44,-78,28,340,330,103,125,17,18
GHCND:USW00003950,LAWTON MUNICIPAL AIRPORT OK US,20080118,0,-9999,100,-117,25,20,20,125,148,2105,2106
GHCND:USW00003950,LAWTON MUNICIPAL AIRPORT OK US,20080119,0,-9999,33,-78,34,10,10,112,139,29,30
GHCND:USW00003950,LAWTON MUNICIPAL AIRPORT OK US,20080120,0,-9999,117,-100,53,190,180,116,161,1416,1450
GHCND:USW00003950,LAWTON MUNICIPAL AIRPORT OK US,20080121,0,-9999,83,11,67,150,140,107,134,1201,1201
GHCND:USW00003950,LAWTON MUNICIPAL AIRPORT OK US,20080122,0,-9999,11,-100,52,10,10,125,148,335,424
GHCND:USW00003950,LAWTON MUNICIPAL AIRPORT OK US,20080123,0,-9999,78,-111,20,20,20,72,76,2346,2328
GHCND:USW00003950,LAWTON MUNICIPAL AIRPORT OK US,20080124,0,-9999,33,-72,43,20,20,76,94,330,345
GHCND:USW00003950,LAWTON MUNICIPAL AIRPORT OK US,20080125,0,-9999,100,-6,44,190,200,89,116,1326,1306
GHCND:USW00003950,LAWTON MUNICIPAL AIRPORT OK US,20080126,0,-9999,178,-28,15,150,150,45,58,10,11
GHCND:USW00003950,LAWTON MUNICIPAL AIRPORT OK US,20080127,0,-9999,222,-56,38,170,170,103,134,1429,1429
GHCND:USW00003950,LAWTON MUNICIPAL AIRPORT OK US,20080128,0,-9999,211,83,56,190,190,103,139,1110,1112
GHCND:USW00003950,LAWTON MUNICIPAL AIRPORT OK US,20080129,0,-9999,183,-39,64,340,290,143,206,954,1159
GHCND:USW00003950,LAWTON MUNICIPAL AIRPORT OK US,20080130,0,-9999,144,-61,59,160,160,125,156,1333,1334
GHCND:USW00003950,LAWTON MUNICIPAL AIRPORT OK US,20080131,0,-9999,78,-78,53,350,350,156,192,948,949
GHCND:USW00003950,LAWTON MUNICIPAL AIRPORT OK US,20080201,0,-9999,167,-106,44,180,180,112,143,1532,1626
GHCND:USW00003950,LAWTON MUNICIPAL AIRPORT OK US,20080202,0,-9999,183,-61,19,20,20,63,72,1001,1002
GHCND:USW00003950,LAWTON MUNICIPAL AIRPORT OK US,20080203,0,-9999,239,0,34,150,160,63,76,2153,2156
GHCND:USW00003950,LAWTON MUNICIPAL AIRPORT OK US,20080204,0,-9999,283,39,32,220,220,80,112,1232,1236
GHCND:USW00003950,LAWTON MUNICIPAL AIRPORT OK US,20080205,10,-9999,189,6,72,10,10,139,156,518,518
GHCND:USW00003950,LAWTON MUNICIPAL AIRPORT OK US,20080206,0,-9999,106,-33,40,310,310,80,112,135,152
GHCND:USW00003950,LAWTON MUNICIPAL AIRPORT OK US,20080207,0,-9999,128,-11,50,350,330,107,143,1025,1112
GHCND:USW00003950,LAWTON MUNICIPAL AIRPORT OK US,20080208,0,-9999,183,-44,32,360,350,125,148,1204,1205
GHCND:USW00003950,LAWTON MUNICIPAL AIRPORT OK US,20080209,0,-9999,194,-56,11,110,130,67,80,1338,1258
GHCND:USW00003950,LAWTON MUNICIPAL AIRPORT OK US,20080210,0,-9999,128,-44,47,10,10,103,112,1007,1002
GHCND:USW00003950,LAWTON MUNICIPAL AIRPORT OK US,20080211,0,-9999,94,0,54,10,10,130,148,1910,1911
GHCND:USW00003950,LAWTON MUNICIPAL AIRPORT OK US,20080212,0,-9999,106,-50,42,10,10,107,130,50,50
GHCND:USW00003950,LAWTON MUNICIPAL AIRPORT OK US,20080213,0,-9999,183,-72,40,150,160,94,116,1651,2206
GHCND:USW00003950,LAWTON MUNICIPAL AIRPORT OK US,20080214,0,-9999,256,17,73,20,10,156,197,2050,2051
GHCND:USW00003950,LAWTON MUNICIPAL AIRPORT OK US,20080215,5,-9999,17,-17,79,10,20,139,161,8,5
GHCND:USW00003950,LAWTON MUNICIPAL AIRPORT OK US,20080216,305,-9999,44,0,38,20,20,98,116,506,1449
GHCND:USW00003950,LAWTON MUNICIPAL AIRPORT OK US,20080217,0,-9999,139,-6,53,360,360,107,130,1438,1607
GHCND:USW00003950,LAWTON MUNICIPAL AIRPORT OK US,20080218,0,-9999,133,-17,25,230,260,67,94,1541,1628
GHCND:USW00003950,LAWTON MUNICIPAL AIRPORT OK US,20080219,0,-9999,200,-17,30,190,180,98,116,1610,1610
GHCND:USW00003950,LAWTON MUNICIPAL AIRPORT OK US,20080220,0,-9999,150,11,64,10,10,139,161,1641,1642
GHCND:USW00003950,LAWTON MUNICIPAL AIRPORT OK US,20080221,0,-9999,28,-22,54,20,10,98,112,58,59
GHCND:USW00003950,LAWTON MUNICIPAL AIRPORT OK US,20080222,0,-9999,122,-39,27,60,360,58,67,1412,2008
GHCND:USW00003950,LAWTON MUNICIPAL AIRPORT OK US,20080223,0,-9999,156,-11,48,110,120,103,112,929,929
GHCND:USW00003950,LAWTON MUNICIPAL AIRPORT OK US,20080224,0,-9999,150,11,36,360,360,89,103,129,130
GHCND:USW00003950,LAWTON MUNICIPAL AIRPORT OK US,20080225,0,-9999,256,6,58,340,340,161,210,1824,1825
GHCND:USW00003950,LAWTON MUNICIPAL AIRPORT OK US,20080226,0,-9999,100,-39,66,10,360,130,174,609,1245
GHCND:USW00003950,LAWTON MUNICIPAL AIRPORT OK US,20080227,0,-9999,189,-50,16,180,180,63,80,1437,1523
GHCND:USW00003950,LAWTON MUNICIPAL AIRPORT OK US,20080228,0,-9999,256,-6,41,190,180,103,134,1348,1401
GHCND:USW00003950,LAWTON MUNICIPAL AIRPORT OK US,20080229,0,-9999,217,22,43,50,50,107,130,1236,1234
GHCND:USW00003950,LAWTON MUNICIPAL AIRPORT OK US,20080301,0,-9999,267,0,34,190,180,98,116,1548,1555
GHCND:USW00003950,LAWTON MUNICIPAL AIRPORT OK US,20080302,0,-9999,261,61,88,10,360,201,264,2357,2240
GHCND:USW00003950,LAWTON MUNICIPAL AIRPORT OK US,20080303,0,-9999,67,17,110,10,360,201,264,2357,951
GHCND:USW00003950,LAWTON MUNICIPAL AIRPORT OK US,20080304,0,-9999,150,-44,42,120,120,98,112,2257,2147
GHCND:USW00003950,LAWTON MUNICIPAL AIRPORT OK US,20080305,0,-9999,161,0,74,360,10,143,165,1634,1630
GHCND:USW00003950,LAWTON MUNICIPAL AIRPORT OK US,20080306,0,-9999,72,-11,81,10,20,134,156,1029,954
GHCND:USW00003950,LAWTON MUNICIPAL AIRPORT OK US,20080307,0,-9999,111,-44,57,10,10,148,170,1234,1234
GHCND:USW00003950,LAWTON MUNICIPAL AIRPORT OK US,20080308,0,-9999,100,-89,30,170,150,67,76,1552,1545
GHCND:USW00003950,LAWTON MUNICIPAL AIRPORT OK US,20080309,0,-9999,194,-11,30,20,20,76,98,1934,1928
GHCND:USW00003950,LAWTON MUNICIPAL AIRPORT OK US,20080310,0,-9999,206,22,34,20,30,80,112,1351,1332
GHCND:USW00003950,LAWTON MUNICIPAL AIRPORT OK US,20080311,0,-9999,233,-11,29,230,230,72,103,1653,1654
GHCND:USW00003950,LAWTON MUNICIPAL AIRPORT OK US,20080312,0,-9999,278,6,42,190,190,98,134,1455,1505
GHCND:USW00003950,LAWTON MUNICIPAL AIRPORT OK US,20080313,0,-9999,233,67,36,170,210,80,98,935,859
GHCND:USW00003950,LAWTON MUNICIPAL AIRPORT OK US,20080314,0,-9999,289,33,39,360,10,112,134,2127,2128
GHCND:USW00003950,LAWTON MUNICIPAL AIRPORT OK US,20080315,0,-9999,161,61,68,360,360,130,156,624,624
GHCND:USW00003950,LAWTON MUNICIPAL AIRPORT OK US,20080316,0,-9999,217,56,72,110,120,134,148,2357,2357
GHCND:USW00003950,LAWTON MUNICIPAL AIRPORT OK US,20080317,0,-9999,261,111,80,360,360,139,161,2325,2325
GHCND:USW00003950,LAWTON MUNICIPAL AIRPORT OK US,20080318,41,-9999,117,78,90,360,10,170,197,529,518
GHCND:USW00003950,LAWTON MUNICIPAL AIRPORT OK US,20080319,0,-9999,206,72,43,340,340,98,116,139,130
GHCND:USW00003950,LAWTON MUNICIPAL AIRPORT OK US,20080320,0,-9999,256,17,44,170,170,116,156,1607,1618
GHCND:USW00003950,LAWTON MUNICIPAL AIRPORT OK US,20080321,0,-9999,244,33,44,10,10,116,139,1319,1300
GHCND:USW00003950,LAWTON MUNICIPAL AIRPORT OK US,20080322,3,-9999,222,33,54,20,20,116,139,2205,2205
GHCND:USW00003950,LAWTON MUNICIPAL AIRPORT OK US,20080323,0,-9999,139,6,59,20,10,107,125,912,942
GHCND:USW00003950,LAWTON MUNICIPAL AIRPORT OK US,20080324,0,-9999,194,-22,48,180,180,116,148,1546,1546
GHCND:USW00003950,LAWTON MUNICIPAL AIRPORT OK US,20080325,0,-9999,283,78,56,200,200,103,134,1013,939
GHCND:USW00003950,LAWTON MUNICIPAL AIRPORT OK US,20080326,0,-9999,294,133,47,190,160,89,107,1425,948
GHCND:USW00003950,LAWTON MUNICIPAL AIRPORT OK US,20080327,0,-9999,328,100,59,10,20,139,165,1844,1844
GHCND:USW00003950,LAWTON MUNICIPAL AIRPORT OK US,20080328,0,-9999,128,72,72,20,10,134,165,644,650
GHCND:USW00003950,LAWTON MUNICIPAL AIRPORT OK US,20080329,0,-9999,161,106,30,150,150,72,80,1833,1759
GHCND:USW00003950,LAWTON MUNICIPAL AIRPORT OK US,20080330,0,-9999,311,144,57,130,120,116,161,2056,2129
GHCND:USW00003950,LAWTON MUNICIPAL AIRPORT OK US,20080331,0,-9999,311,133,65,20,20,125,148,1835,1837
GHCND:USW00003950,LAWTON MUNICIPAL AIRPORT OK US,20080401,0,-9999,172,72,92,10,10,170,197,256,350
GHCND:USW00003950,LAWTON MUNICIPAL AIRPORT OK US,20080402,8,-9999,139,67,44,100,100,72,76,1058,1052
GHCND:USW00003950,LAWTON MUNICIPAL AIRPORT OK US,20080403,58,-9999,306,117,62,10,10,161,192,2343,2348
GHCND:USW00003950,LAWTON MUNICIPAL AIRPORT OK US,20080404,0,-9999,183,50,67,10,10,148,179,45,46
GHCND:USW00003950,LAWTON MUNICIPAL AIRPORT OK US,20080405,0,-9999,228,11,46,130,130,98,125,2111,2134
GHCND:USW00003950,LAWTON MUNICIPAL AIRPORT OK US,20080406,0,-9999,250,72,49,170,170,98,116,812,809
GHCND:USW00003950,LAWTON MUNICIPAL AIRPORT OK US,20080407,0,-9999,278,111,60,140,160,112,143,1036,1012
GHCND:USW00003950,LAWTON MUNICIPAL AIRPORT OK US,20080408,0,-9999,217,94,74,360,10,148,174,503,509
GHCND:USW00003950,LAWTON MUNICIPAL AIRPORT OK US,20080409,564,-9999,139,72,61,30,30,130,139,1537,1537
GHCND:USW00003950,LAWTON MUNICIPAL AIRPORT OK US,20080410,163,-9999,239,111,61,230,220,156,206,1258,1300
GHCND:USW00003950,LAWTON MUNICIPAL AIRPORT OK US,20080411,0,-9999,194,44,47,340,340,94,116,1439,1415
GHCND:USW00003950,LAWTON MUNICIPAL AIRPORT OK US,20080412,0,-9999,194,50,43,340,330,94,134,1149,1622
GHCND:USW00003950,LAWTON MUNICIPAL AIRPORT OK US,20080413,0,-9999,172,39,52,350,360,112,139,1229,1229
GHCND:USW00003950,LAWTON MUNICIPAL AIRPORT OK US,20080414,0,-9999,200,6,26,150,150,63,80,2245,2245
GHCND:USW00003950,LAWTON MUNICIPAL AIRPORT OK US,20080415,0,-9999,261,50,70,160,150,130,161,1552,1554
GHCND:USW00003950,LAWTON MUNICIPAL AIRPORT OK US,20080416,0,-9999,278,128,77,150,140,125,148,1715,1708
GHCND:USW00003950,LAWTON MUNICIPAL AIRPORT OK US,20080417,0,-9999,244,89,64,340,320,103,139,1943,2019
GHCND:USW00003950,LAWTON MUNICIPAL AIRPORT OK US,20080418,0,-9999,233,50,38,270,230,80,103,1532,1508
GHCND:USW00003950,LAWTON MUNICIPAL AIRPORT OK US,20080419,0,-9999,306,39,32,160,160,94,107,1655,1638
GHCND:USW00003950,LAWTON MUNICIPAL AIRPORT OK US,20080420,0,-9999,278,139,57,160,180,112,139,1304,1456
GHCND:USW00003950,LAWTON MUNICIPAL AIRPORT OK US,20080421,0,-9999,328,183,36,200,190,67,89,957,950
GHCND:USW00003950,LAWTON MUNICIPAL AIRPORT OK US,20080422,0,-9999,272,167,42,20,20,98,112,1151,1205
GHCND:USW00003950,LAWTON MUNICIPAL AIRPORT OK US,20080423,0,-9999,267,167,37,150,150,94,107,1456,1456
GHCND:USW00003950,LAWTON MUNICIPAL AIRPORT OK US,20080424,0,-9999,339,156,65,160,140,116,148,1628,1734
GHCND:USW00003950,LAWTON MUNICIPAL AIRPORT OK US,20080425,0,-9999,244,83,71,360,360,143,174,933,933
GHCND:USW00003950,LAWTON MUNICIPAL AIRPORT OK US,20080426,0,-9999,244,50,31,10,10,130,161,2352,2359
GHCND:USW00003950,LAWTON MUNICIPAL AIRPORT OK US,20080427,3,-9999,194,39,72,360,360,174,206,200,201
GHCND:USW00003950,LAWTON MUNICIPAL AIRPORT OK US,20080428,0,-9999,289,22,27,250,250,67,89,1233,1244
GHCND:USW00003950,LAWTON MUNICIPAL AIRPORT OK US,20080429,0,-9999,306,61,56,180,180,116,143,1701,1702
GHCND:USW00003950,LAWTON MUNICIPAL AIRPORT OK US,20080430,0,-9999,289,94,72,160,150,125,156,1557,1617
GHCND:USW00003950,LAWTON MUNICIPAL AIRPORT OK US,20080501,0,-9999,344,189,72,170,170,125,156,2323,2152
GHCND:USW00003950,LAWTON MUNICIPAL AIRPORT OK US,20080502,0,-9999,250,117,53,340,350,148,174,1958,1959
GHCND:USW00003950,LAWTON MUNICIPAL AIRPORT OK US,20080503,0,-9999,211,56,45,360,340,116,161,35,752
GHCND:USW00003950,LAWTON MUNICIPAL AIRPORT OK US,20080504,0,-9999,261,28,33,140,130,72,89,1511,1705
GHCND:USW00003950,LAWTON MUNICIPAL AIRPORT OK US,20080505,0,-9999,267,133,43,160,150,80,98,1303,1305
GHCND:USW00003950,LAWTON MUNICIPAL AIRPORT OK US,20080506,99,-9999,267,178,50,170,160,89,103,2344,1129
GHCND:USW00003950,LAWTON MUNICIPAL AIRPORT OK US,20080507,655,-9999,233,144,45,270,290,165,219,1453,1454
GHCND:USW00003950,LAWTON MUNICIPAL AIRPORT OK US,20080508,0,-9999,261,139,33,170,170,72,89,1755,1756
GHCND:USW00003950,LAWTON MUNICIPAL AIRPORT OK US,20080509,0,-9999,283,150,35,10,360,76,94,934,936
GHCND:USW00003950,LAWTON MUNICIPAL AIRPORT OK US,20080510,0,-9999,322,150,54,350,10,130,161,2010,2323
GHCND:USW00003950,LAWTON MUNICIPAL AIRPORT OK US,20080511,0,-9999,217,72,36,360,350,125,148,105,50
GHCND:USW00003950,LAWTON MUNICIPAL AIRPORT OK US,20080512,0,-9999,272,67,57,160,160,112,139,1731,1731
GHCND:USW00003950,LAWTON MUNICIPAL AIRPORT OK US,20080513,0,-9999,306,172,45,20,10,107,130,2339,2340
GHCND:USW00003950,LAWTON MUNICIPAL AIRPORT OK US,20080514,66,-9999,239,133,68,20,10,125,143,112,113
GHCND:USW00003950,LAWTON MUNICIPAL AIRPORT OK US,20080515,0,-9999,233,122,49,10,10,98,116,858,1003
GHCND:USW00003950,LAWTON MUNICIPAL AIRPORT OK US,20080516,0,-9999,267,94,24,20,30,80,94,1317,1113
GHCND:USW00003950,LAWTON MUNICIPAL AIRPORT OK US,20080517,0,-9999,300,94,19,210,210,58,76,1531,1532
GHCND:USW00003950,LAWTON MUNICIPAL AIRPORT OK US,20080518,0,-9999,317,122,24,20,10,72,80,1228,931
GHCND:USW00003950,LAWTON MUNICIPAL AIRPORT OK US,20080519,0,-9999,378,106,36,200,230,94,125,1230,1318
GHCND:USW00003950,LAWTON MUNICIPAL AIRPORT OK US,20080520,0,-9999,306,172,60,40,30,116,139,1007,1008
GHCND:USW00003950,LAWTON MUNICIPAL AIRPORT OK US,20080521,33,-9999,317,139,61,130,140,116,139,933,934
GHCND:USW00003950,LAWTON MUNICIPAL AIRPORT OK US,20080522,0,-9999,333,228,80,160,160,125,161,849,1251
GHCND:USW00003950,LAWTON MUNICIPAL AIRPORT OK US,20080523,0,-9999,344,250,77,140,130,112,143,159,1750
GHCND:USW00003950,LAWTON MUNICIPAL AIRPORT OK US,20080524,0,-9999,356,211,65,200,180,112,148,2353,2356
GHCND:USW00003950,LAWTON MUNICIPAL AIRPORT OK US,20080525,25,-9999,339,189,57,80,180,112,143,22,57
GHCND:USW00003950,LAWTON MUNICIPAL AIRPORT OK US,20080526,0,-9999,344,239,61,160,160,112,134,1459,1448
GHCND:USW00003950,LAWTON MUNICIPAL AIRPORT OK US,20080527,0,-9999,289,211,61,150,160,116,148,1930,1926
GHCND:USW00003950,LAWTON MUNICIPAL AIRPORT OK US,20080528,0,-9999,328,206,36,100,40,72,89,713,1830
GHCND:USW00003950,LAWTON MUNICIPAL AIRPORT OK US,20080529,0,-9999,344,217,60,150,150,98,125,1528,1208
GHCND:USW00003950,LAWTON MUNICIPAL AIRPORT OK US,20080530,0,-9999,350,217,58,190,200,98,134,844,1051
GHCND:USW00003950,LAWTON MUNICIPAL AIRPORT OK US,20080531,0,-9999,367,217,60,160,160,103,134,1136,1623
GHCND:USW00003950,LAWTON MUNICIPAL AIRPORT OK US,20080601,0,-9999,356,222,49,130,150,98,112,1448,1458
GHCND:USW00003950,LAWTON MUNICIPAL AIRPORT OK US,20080602,0,-9999,361,217,66,170,160,112,143,1750,1534
GHCND:USW00003950,LAWTON MUNICIPAL AIRPORT OK US,20080603,0,-9999,389,239,77,170,180,116,156,1010,1851
GHCND:USW00003950,LAWTON MUNICIPAL AIRPORT OK US,20080604,0,-9999,372,250,87,160,160,143,179,1712,1847
GHCND:USW00003950,LAWTON MUNICIPAL AIRPORT OK US,20080605,137,-9999,367,200,105,160,160,179,232,1815,1837
GHCND:USW00003950,LAWTON MUNICIPAL AIRPORT OK US,20080606,0,-9999,344,200,49,180,180,103,139,1608,1607
GHCND:USW00003950,LAWTON MUNICIPAL AIRPORT OK US,20080607,0,-9999,350,256,86,160,160,130,174,1526,1731
GHCND:USW00003950,LAWTON MUNICIPAL AIRPORT OK US,20080608,0,-9999,356,250,82,180,180,130,165,838,838
GHCND:USW00003950,LAWTON MUNICIPAL AIRPORT OK US,20080609,81,-9999,283,167,41,20,310,98,125,706,809
GHCND:USW00003950,LAWTON MUNICIPAL AIRPORT OK US,20080610,0,-9999,333,144,47,130,130,94,112,1839,1815
GHCND:USW00003950,LAWTON MUNICIPAL AIRPORT OK US,20080611,0,-9999,367,233,85,160,160,134,161,1655,1704
GHCND:USW00003950,LAWTON MUNICIPAL AIRPORT OK US,20080612,0,-9999,361,244,71,190,150,107,134,1103,857
GHCND:USW00003950,LAWTON MUNICIPAL AIRPORT OK US,20080613,0,-9999,361,239,57,10,360,107,130,2004,2025
GHCND:USW00003950,LAWTON MUNICIPAL AIRPORT OK US,20080614,0,-9999,361,211,47,20,100,103,116,1347,18
GHCND:USW00003950,LAWTON MUNICIPAL AIRPORT OK US,20080615,0,-9999,383,206,42,170,160,98,125,1609,1523
GHCND:USW00003950,LAWTON MUNICIPAL AIRPORT OK US,20080616,0,-9999,378,222,68,10,10,148,192,1936,1937
GHCND:USW00003950,LAWTON MUNICIPAL AIRPORT OK US,20080617,61,-9999,272,183,51,10,30,148,215,1148,1148
GHCND:USW00003950,LAWTON MUNICIPAL AIRPORT OK US,20080618,0,-9999,328,189,32,20,20,76,94,824,825
GHCND:USW00003950,LAWTON MUNICIPAL AIRPORT OK US,20080619,43,-9999,339,211,33,20,20,94,107,1942,1943
GHCND:USW00003950,LAWTON MUNICIPAL AIRPORT OK US,20080620,0,-9999,344,200,34,40,50,80,107,1646,1326
GHCND:USW00003950,LAWTON MUNICIPAL AIRPORT OK US,20080621,0,-9999,339,200,21,20,30,54,67,1534,1704
GHCND:USW00003950,LAWTON MUNICIPAL AIRPORT OK US,20080622,0,-9999,378,178,27,100,230,67,80,910,1800
GHCND:USW00003950,LAWTON MUNICIPAL AIRPORT OK US,20080623,0,-9999,378,222,48,120,110,116,139,1659,1727
GHCND:USW00003950,LAWTON MUNICIPAL AIRPORT OK US,20080624,0,-9999,361,206,40,190,190,89,112,1746,1756
GHCND:USW00003950,LAWTON MUNICIPAL AIRPORT OK US,20080625,0,-9999,367,222,50,190,170,89,116,1144,1335
GHCND:USW00003950,LAWTON MUNICIPAL AIRPORT OK US,20080626,0,-9999,378,222,56,170,180,94,125,1559,1756
GHCND:USW00003950,LAWTON MUNICIPAL AIRPORT OK US,20080627,0,-9999,389,244,66,160,160,125,148,1626,1535
GHCND:USW00003950,LAWTON MUNICIPAL AIRPORT OK US,20080628,0,-9999,339,222,36,10,10,98,116,1345,1345
GHCND:USW00003950,LAWTON MUNICIPAL AIRPORT OK US,20080629,0,-9999,333,183,31,10,30,72,80,1446,1037
GHCND:USW00003950,LAWTON MUNICIPAL AIRPORT OK US,20080630,0,-9999,356,150,21,140,250,45,72,1348,2102
GHCND:USW00003950,LAWTON MUNICIPAL AIRPORT OK US,20080701,0,-9999,367,172,37,180,190,80,103,1747,1706
GHCND:USW00003950,LAWTON MUNICIPAL AIRPORT OK US,20080702,0,-9999,367,206,48,180,180,94,125,1548,1548
GHCND:USW00003950,LAWTON MUNICIPAL AIRPORT OK US,20080703,13,-9999,361,200,24,50,40,98,107,1546,1547
GHCND:USW00003950,LAWTON MUNICIPAL AIRPORT OK US,20080704,0,-9999,367,211,23,150,140,112,134,1814,1815
GHCND:USW00003950,LAWTON MUNICIPAL AIRPORT OK US,20080705,0,-9999,383,200,32,170,170,89,112,1428,1619
GHCND:USW00003950,LAWTON MUNICIPAL AIRPORT OK US,20080706,0,-9999,367,222,51,160,190,103,134,1713,1757
GHCND:USW00003950,LAWTON MUNICIPAL AIRPORT OK US,20080707,0,-9999,372,233,62,170,190,107,134,2239,1759
GHCND:USW00003950,LAWTON MUNICIPAL AIRPORT OK US,20080708,0,-9999,367,228,47,180,170,98,125,1158,1158
GHCND:USW00003950,LAWTON MUNICIPAL AIRPORT OK US,20080709,3,-9999,350,217,37,20,20,107,116,1545,1546
GHCND:USW00003950,LAWTON MUNICIPAL AIRPORT OK US,20080710,0,-9999,356,211,39,150,150,80,103,1719,1720
GHCND:USW00003950,LAWTON MUNICIPAL AIRPORT OK US,20080711,0,-9999,378,244,60,180,180,103,134,1316,1350
GHCND:USW00003950,LAWTON MUNICIPAL AIRPORT OK US,20080712,0,-9999,400,239,58,340,350,112,134,1849,1850
GHCND:USW00003950,LAWTON MUNICIPAL AIRPORT OK US,20080713,157,-9999,278,222,38,10,20,103,116,145,138
GHCND:USW00003950,LAWTON MUNICIPAL AIRPORT OK US,20080714,0,-9999,350,206,25,120,130,58,67,2222,2045
GHCND:USW00003950,LAWTON MUNICIPAL AIRPORT OK US,20080715,122,-9999,339,222,38,170,160,165,197,1654,1651
GHCND:USW00003950,LAWTON MUNICIPAL AIRPORT OK US,20080716,38,-9999,333,222,38,160,160,76,98,1351,1423
GHCND:USW00003950,LAWTON MUNICIPAL AIRPORT OK US,20080717,0,-9999,356,244,28,130,160,63,76,1801,1715
GHCND:USW00003950,LAWTON MUNICIPAL AIRPORT OK US,20080718,0,-9999,378,211,34,130,130,76,94,1804,1804
GHCND:USW00003950,LAWTON MUNICIPAL AIRPORT OK US,20080719,0,-9999,372,194,32,120,130,72,89,1452,1716
GHCND:USW00003950,LAWTON MUNICIPAL AIRPORT OK US,20080720,0,-9999,383,211,34,170,170,67,94,1531,1531
GHCND:USW00003950,LAWTON MUNICIPAL AIRPORT OK US,20080721,0,-9999,389,211,32,150,130,67,89,1418,1505
GHCND:USW00003950,LAWTON MUNICIPAL AIRPORT OK US,20080722,0,-9999,400,211,29,140,140,72,89,1404,1405
GHCND:USW00003950,LAWTON MUNICIPAL AIRPORT OK US,20080723,0,-9999,389,217,31,120,110,76,98,1505,1608
GHCND:USW00003950,LAWTON MUNICIPAL AIRPORT OK US,20080724,0,-9999,372,222,41,130,160,76,112,1346,1450
GHCND:USW00003950,LAWTON MUNICIPAL AIRPORT OK US,20080725,0,-9999,372,222,36,160,210,80,112,1227,1617
GHCND:USW00003950,LAWTON MUNICIPAL AIRPORT OK US,20080726,0,-9999,389,206,30,160,170,67,89,1449,1655
GHCND:USW00003950,LAWTON MUNICIPAL AIRPORT OK US,20080727,0,-9999,411,217,35,180,140,76,94,1952,1210
GHCND:USW00003950,LAWTON MUNICIPAL AIRPORT OK US,20080728,0,-9999,428,217,58,160,120,107,130,1821,1512
GHCND:USW00003950,LAWTON MUNICIPAL AIRPORT OK US,20080729,28,-9999,356,233,42,170,170,130,161,916,918
GHCND:USW00003950,LAWTON MUNICIPAL AIRPORT OK US,20080730,0,-9999,350,233,30,20,360,72,89,1649,1723
GHCND:USW00003950,LAWTON MUNICIPAL AIRPORT OK US,20080731,0,-9999,378,228,33,50,20,63,89,1617,1802
GHCND:USW00003950,LAWTON MUNICIPAL AIRPORT OK US,20080801,0,-9999,411,244,25,110,160,67,76,1734,1628
GHCND:USW00003950,LAWTON MUNICIPAL AIRPORT OK US,20080802,0,-9999,406,217,29,190,160,72,98,1350,1433
GHCND:USW00003950,LAWTON MUNICIPAL AIRPORT OK US,20080803,0,-9999,422,211,37,160,190,89,116,1559,1406
GHCND:USW00003950,LAWTON MUNICIPAL AIRPORT OK US,20080804,0,-9999,422,211,33,140,160,80,125,1349,1350
GHCND:USW00003950,LAWTON MUNICIPAL AIRPORT OK US,20080805,0,-9999,406,222,30,120,120,98,116,1909,1913
GHCND:USW00003950,LAWTON MUNICIPAL AIRPORT OK US,20080806,0,-9999,339,222,45,110,110,103,130,1504,1505
GHCND:USW00003950,LAWTON MUNICIPAL AIRPORT OK US,20080807,0,-9999,361,233,36,40,40,125,143,1806,1806
GHCND:USW00003950,LAWTON MUNICIPAL AIRPORT OK US,20080808,10,-9999,344,233,37,90,80,72,80,1655,1656
GHCND:USW00003950,LAWTON MUNICIPAL AIRPORT OK US,20080809,0,-9999,400,250,49,150,170,80,98,1743,1642
GHCND:USW00003950,LAWTON MUNICIPAL AIRPORT OK US,20080810,0,-9999,372,250,42,10,10,98,116,1505,1533
GHCND:USW00003950,LAWTON MUNICIPAL AIRPORT OK US,20080811,64,-9999,311,239,30,30,10,67,80,1530,1521
GHCND:USW00003950,LAWTON MUNICIPAL AIRPORT OK US,20080812,0,-9999,344,206,44,10,10,94,103,1505,1505
GHCND:USW00003950,LAWTON MUNICIPAL AIRPORT OK US,20080813,0,-9999,350,183,20,100,90,67,103,1735,1316
GHCND:USW00003950,LAWTON MUNICIPAL AIRPORT OK US,20080814,203,-9999,378,200,46,10,10,116,143,2123,2119
GHCND:USW00003950,LAWTON MUNICIPAL AIRPORT OK US,20080815,18,-9999,317,200,23,10,20,63,72,1759,325
GHCND:USW00003950,LAWTON MUNICIPAL AIRPORT OK US,20080816,0,-9999,272,211,30,50,40,63,72,1332,1333
GHCND:USW00003950,LAWTON MUNICIPAL AIRPORT OK US,20080817,3,-9999,306,183,31,90,90,67,80,1350,1352
GHCND:USW00003950,LAWTON MUNICIPAL AIRPORT OK US,20080818,973,-9999,244,200,38,70,50,72,89,834,2151
GHCND:USW00003950,LAWTON MUNICIPAL AIRPORT OK US,20080819,147,-9999,222,194,48,10,10,98,107,438,428
GHCND:USW00003950,LAWTON MUNICIPAL AIRPORT OK US,20080820,0,-9999,289,206,27,60,360,54,63,1608,1832
GHCND:USW00003950,LAWTON MUNICIPAL AIRPORT OK US,20080821,0,-9999,306,200,16,120,180,45,67,1310,1519
GHCND:USW00003950,LAWTON MUNICIPAL AIRPORT OK US,20080822,0,-9999,361,228,45,170,170,89,107,1535,1326
GHCND:USW00003950,LAWTON MUNICIPAL AIRPORT OK US,20080823,0,-9999,350,211,21,90,80,67,89,1734,1822
GHCND:USW00003950,LAWTON MUNICIPAL AIRPORT OK US,20080824,0,-9999,339,217,23,70,50,67,125,1502,1635
GHCND:USW00003950,LAWTON MUNICIPAL AIRPORT OK US,20080825,8,-9999,322,206,38,20,350,76,98,1333,1234
GHCND:USW00003950,LAWTON MUNICIPAL AIRPORT OK US,20080826,0,-9999,339,189,26,110,110,67,76,1753,1752
GHCND:USW00003950,LAWTON MUNICIPAL AIRPORT OK US,20080827,0,-9999,350,217,30,140,130,63,76,1457,1458
GHCND:USW00003950,LAWTON MUNICIPAL AIRPORT OK US,20080828,0,-9999,356,217,28,170,170,72,80,1625,1603
GHCND:USW00003950,LAWTON MUNICIPAL AIRPORT OK US,20080829,0,-9999,367,211,14,130,130,63,89,1409,1457
GHCND:USW00003950,LAWTON MUNICIPAL AIRPORT OK US,20080830,69,-9999,344,211,26,200,200,80,103,1908,1909
GHCND:USW00003950,LAWTON MUNICIPAL AIRPORT OK US,20080831,0,-9999,333,211,31,120,120,72,80,1805,1806
GHCND:USW00003950,LAWTON MUNICIPAL AIRPORT OK US,20080901,0,-9999,328,206,24,120,120,67,76,1528,1529
GHCND:USW00003950,LAWTON MUNICIPAL AIRPORT OK US,20080902,0,-9999,339,211,73,20,10,156,201,1754,1755
GHCND:USW00003950,LAWTON MUNICIPAL AIRPORT OK US,20080903,0,-9999,211,178,91,360,360,148,183,1056,1051
GHCND:USW00003950,LAWTON MUNICIPAL AIRPORT OK US,20080904,0,-9999,300,161,35,10,10,80,98,1126,1128
GHCND:USW00003950,LAWTON MUNICIPAL AIRPORT OK US,20080905,0,-9999,311,167,36,80,80,67,80,2104,2105
GHCND:USW00003950,LAWTON MUNICIPAL AIRPORT OK US,20080906,0,-9999,344,178,39,160,160,72,107,1425,1127
GHCND:USW00003950,LAWTON MUNICIPAL AIRPORT OK US,20080907,0,-9999,339,178,38,120,130,76,98,2003,1752
GHCND:USW00003950,LAWTON MUNICIPAL AIRPORT OK US,20080908,20,-9999,294,183,32,10,10,94,112,2239,2241
GHCND:USW00003950,LAWTON MUNICIPAL AIRPORT OK US,20080909,8,-9999,211,167,44,10,360,94,116,126,502
GHCND:USW00003950,LAWTON MUNICIPAL AIRPORT OK US,20080910,53,-9999,239,200,25,130,120,58,72,2350,2355
GHCND:USW00003950,LAWTON MUNICIPAL AIRPORT OK US,20080911,3,-9999,300,222,46,160,160,80,107,1034,1121
GHCND:USW00003950,LAWTON MUNICIPAL AIRPORT OK US,20080912,0,-9999,322,233,43,130,130,76,103,1552,1552
GHCND:USW00003950,LAWTON MUNICIPAL AIRPORT OK US,20080913,0,-9999,283,211,51,10,10,116,139,1452,1452
GHCND:USW00003950,LAWTON MUNICIPAL AIRPORT OK US,20080914,0,-9999,267,144,60,10,360,125,156,805,905
GHCND:USW00003950,LAWTON MUNICIPAL AIRPORT OK US,20080915,0,-9999,261,106,25,20,20,72,94,1448,1446
GHCND:USW00003950,LAWTON MUNICIPAL AIRPORT OK US,20080916,0,-9999,283,72,11,80,130,40,58,1051,1535
GHCND:USW00003950,LAWTON MUNICIPAL AIRPORT OK US,20080917,0,-9999,278,83,16,130,130,54,72,1407,1407
GHCND:USW00003950,LAWTON MUNICIPAL AIRPORT OK US,20080918,0,-9999,261,111,22,130,120,63,80,1325,1346
GHCND:USW00003950,LAWTON MUNICIPAL AIRPORT OK US,20080919,0,-9999,283,106,14,140,130,45,72,1222,1748
GHCND:USW00003950,LAWTON MUNICIPAL AIRPORT OK US,20080920,0,-9999,294,122,13,130,110,58,76,1556,1626
GHCND:USW00003950,LAWTON MUNICIPAL AIRPORT OK US,20080921,0,-9999,306,128,31,120,160,72,94,1307,1633
GHCND:USW00003950,LAWTON MUNICIPAL AIRPORT OK US,20080922,0,-9999,311,167,43,130,120,80,103,1449,1647
GHCND:USW00003950,LAWTON MUNICIPAL AIRPORT OK US,20080923,0,-9999,317,167,39,110,160,89,103,1229,1601
GHCND:USW00003950,LAWTON MUNICIPAL AIRPORT OK US,20080924,0,-9999,317,156,22,120,120,67,80,1435,1450
GHCND:USW00003950,LAWTON MUNICIPAL AIRPORT OK US,20080925,0,-9999,311,139,10,110,120,54,67,1600,1601
GHCND:USW00003950,LAWTON MUNICIPAL AIRPORT OK US,20080926,0,-9999,322,122,12,170,140,45,58,1647,1415
GHCND:USW00003950,LAWTON MUNICIPAL AIRPORT OK US,20080927,0,-9999,328,122,14,120,120,58,67,1537,1537
GHCND:USW00003950,LAWTON MUNICIPAL AIRPORT OK US,20080928,0,-9999,317,133,13,10,100,54,72,1325,1307
GHCND:USW00003950,LAWTON MUNICIPAL AIRPORT OK US,20080929,0,-9999,339,106,22,20,20,67,80,2352,2352
GHCND:USW00003950,LAWTON MUNICIPAL AIRPORT OK US,20080930,0,-9999,283,117,33,10,10,67,76,1357,1356
GHCND:USW00003950,LAWTON MUNICIPAL AIRPORT OK US,20081001,0,-9999,311,111,14,20,20,63,67,2359,2351
GHCND:USW00003950,LAWTON MUNICIPAL AIRPORT OK US,20081002,0,-9999,283,111,30,90,30,63,76,3,1107
GHCND:USW00003950,LAWTON MUNICIPAL AIRPORT OK US,20081003,0,-9999,317,161,52,120,120,98,112,604,1636
GHCND:USW00003950,LAWTON MUNICIPAL AIRPORT OK US,20081004,0,-9999,333,156,59,160,150,107,148,1555,1558
GHCND:USW00003950,LAWTON MUNICIPAL AIRPORT OK US,20081005,0,-9999,294,183,73,120,130,125,143,2113,2211
GHCND:USW00003950,LAWTON MUNICIPAL AIRPORT OK US,20081006,173,-9999,267,161,47,130,130,107,134,14,14
GHCND:USW00003950,LAWTON MUNICIPAL AIRPORT OK US,20081007,0,-9999,256,94,52,330,350,112,143,1424,1323
GHCND:USW00003950,LAWTON MUNICIPAL AIRPORT OK US,20081008,0,-9999,289,72,24,160,170,63,76,1511,1536
GHCND:USW00003950,LAWTON MUNICIPAL AIRPORT OK US,20081009,0,-9999,294,106,41,140,160,89,112,1445,1558
GHCND:USW00003950,LAWTON MUNICIPAL AIRPORT OK US,20081010,0,-9999,294,139,62,150,140,103,130,1527,1605
GHCND:USW00003950,LAWTON MUNICIPAL AIRPORT OK US,20081011,0,-9999,294,167,62,120,120,98,116,1559,1647
GHCND:USW00003950,LAWTON MUNICIPAL AIRPORT OK US,20081012,0,-9999,283,178,72,120,120,116,139,2228,2229
GHCND:USW00003950,LAWTON MUNICIPAL AIRPORT OK US,20081013,208,-9999,239,133,64,360,10,112,125,2038,2032
GHCND:USW00003950,LAWTON MUNICIPAL AIRPORT OK US,20081014,142,-9999,272,128,40,10,10,89,107,239,240
GHCND:USW00003950,LAWTON MUNICIPAL AIRPORT OK US,20081015,0,-9999,167,122,61,350,360,103,125,806,825
GHCND:USW00003950,LAWTON MUNICIPAL AIRPORT OK US,20081016,0,-9999,217,72,43,360,10,80,103,1033,1039
GHCND:USW00003950,LAWTON MUNICIPAL AIRPORT OK US,20081017,0,-9999,250,50,9,230,220,40,58,1322,1322
GHCND:USW00003950,LAWTON MUNICIPAL AIRPORT OK US,20081018,0,-9999,250,78,16,160,160,45,63,1518,1519
GHCND:USW00003950,LAWTON MUNICIPAL AIRPORT OK US,20081019,0,-9999,267,78,36,170,170,98,116,1417,1247
GHCND:USW00003950,LAWTON MUNICIPAL AIRPORT OK US,20081020,0,-9999,272,89,21,10,10,67,80,2057,2117
GHCND:USW00003950,LAWTON MUNICIPAL AIRPORT OK US,20081021,0,-9999,267,122,37,170,150,80,94,1640,1528
GHCND:USW00003950,LAWTON MUNICIPAL AIRPORT OK US,20081022,0,-9999,183,50,57,330,330,112,148,1428,1601
GHCND:USW00003950,LAWTON MUNICIPAL AIRPORT OK US,20081023,0,-9999,189,28,38,270,250,98,134,1257,1258
GHCND:USW00003950,LAWTON MUNICIPAL AIRPORT OK US,20081024,0,-9999,189,17,18,240,200,45,67,1335,1506
GHCND:USW00003950,LAWTON MUNICIPAL AIRPORT OK US,20081025,0,-9999,239,22,17,160,150,58,67,1622,1623
GHCND:USW00003950,LAWTON MUNICIPAL AIRPORT OK US,20081026,0,-9999,244,50,50,20,10,143,174,1507,1331
GHCND:USW00003950,LAWTON MUNICIPAL AIRPORT OK US,20081027,0,-9999,161,-11,33,10,330,72,89,1415,1406
GHCND:USW00003950,LAWTON MUNICIPAL AIRPORT OK US,20081028,0,-9999,183,-6,25,170,130,72,103,1316,1442
GHCND:USW00003950,LAWTON MUNICIPAL AIRPORT OK US,20081029,0,-9999,244,17,22,170,170,72,94,1457,1545
GHCND:USW00003950,LAWTON MUNICIPAL AIRPORT OK US,20081030,0,-9999,267,44,37,170,170,94,112,1500,1610
GHCND:USW00003950,LAWTON MUNICIPAL AIRPORT OK US,20081031,0,-9999,289,94,13,170,170,54,63,641,548
GHCND:USW00003950,LAWTON MUNICIPAL AIRPORT OK US,20081101,0,-9999,294,61,10,60,50,40,58,1321,1207
GHCND:USW00003950,LAWTON MUNICIPAL AIRPORT OK US,20081102,0,-9999,289,72,30,170,180,76,103,1453,1548
GHCND:USW00003950,LAWTON MUNICIPAL AIRPORT OK US,20081103,0,-9999,267,94,51,180,170,116,143,1338,1338
GHCND:USW00003950,LAWTON MUNICIPAL AIRPORT OK US,20081104,0,-9999,267,144,71,160,160,125,148,1629,1629
GHCND:USW00003950,LAWTON MUNICIPAL AIRPORT OK US,20081105,10,-9999,289,144,69,170,170,116,156,1653,1654
GHCND:USW00003950,LAWTON MUNICIPAL AIRPORT OK US,20081106,0,-9999,206,50,22,10,360,72,94,2258,2301
GHCND:USW00003950,LAWTON MUNICIPAL AIRPORT OK US,20081107,0,-9999,211,28,37,250,250,76,103,1516,1515
GHCND:USW00003950,LAWTON MUNICIPAL AIRPORT OK US,20081108,0,-9999,228,11,20,10,360,76,94,1438,1452
GHCND:USW00003950,LAWTON MUNICIPAL AIRPORT OK US,20081109,0,-9999,194,22,48,120,120,89,103,2305,2306
GHCND:USW00003950,LAWTON MUNICIPAL AIRPORT OK US,20081110,8,-9999,183,117,68,110,130,116,143,1505,1433
GHCND:USW00003950,LAWTON MUNICIPAL AIRPORT OK US,20081111,0,-9999,211,100,29,360,10,58,67,2355,2356
GHCND:USW00003950,LAWTON MUNICIPAL AIRPORT OK US,20081112,0,-9999,189,39,29,360,10,63,76,7,8
GHCND:USW00003950,LAWTON MUNICIPAL AIRPORT OK US,20081113,0,-9999,244,6,34,190,190,98,112,1619,1544
GHCND:USW00003950,LAWTON MUNICIPAL AIRPORT OK US,20081114,0,-9999,194,39,55,360,360,143,174,949,949
GHCND:USW00003950,LAWTON MUNICIPAL AIRPORT OK US,20081115,0,-9999,117,-22,53,350,340,134,165,1015,1010
GHCND:USW00003950,LAWTON MUNICIPAL AIRPORT OK US,20081116,0,-9999,228,-39,20,230,220,54,63,1540,1542
GHCND:USW00003950,LAWTON MUNICIPAL AIRPORT OK US,20081117,0,-9999,217,0,41,20,20,94,103,1857,1550
GHCND:USW00003950,LAWTON MUNICIPAL AIRPORT OK US,20081118,0,-9999,156,28,35,70,170,58,67,1253,917
GHCND:USW00003950,LAWTON MUNICIPAL AIRPORT OK US,20081119,0,-9999,267,-17,24,230,210,80,116,1403,1250
GHCND:USW00003950,LAWTON MUNICIPAL AIRPORT OK US,20081120,0,-9999,128,28,107,10,10,174,215,925,814
GHCND:USW00003950,LAWTON MUNICIPAL AIRPORT OK US,20081121,0,-9999,78,-33,39,20,20,89,103,209,224
GHCND:USW00003950,LAWTON MUNICIPAL AIRPORT OK US,20081122,0,-9999,161,-44,35,170,160,80,103,1036,1100
GHCND:USW00003950,LAWTON MUNICIPAL AIRPORT OK US,20081123,0,-9999,217,0,42,190,190,103,134,1612,1455
GHCND:USW00003950,LAWTON MUNICIPAL AIRPORT OK US,20081124,0,-9999,178,-11,51,360,10,134,165,433,405
GHCND:USW00003950,LAWTON MUNICIPAL AIRPORT OK US,20081125,0,-9999,233,-33,24,220,210,94,112,1505,1354
GHCND:USW00003950,LAWTON MUNICIPAL AIRPORT OK US,20081126,0,-9999,206,17,24,20,20,80,89,1120,1117
GHCND:USW00003950,LAWTON MUNICIPAL AIRPORT OK US,20081127,0,-9999,194,-11,23,10,20,94,107,2219,2220
GHCND:USW00003950,LAWTON MUNICIPAL AIRPORT OK US,20081128,3,-9999,161,61,43,10,20,94,107,22,148
GHCND:USW00003950,LAWTON MUNICIPAL AIRPORT OK US,20081129,0,-9999,139,44,43,360,320,107,139,2134,108
GHCND:USW00003950,LAWTON MUNICIPAL AIRPORT OK US,20081130,0,-9999,139,39,68,330,340,161,192,1019,1020
GHCND:USW00003950,LAWTON MUNICIPAL AIRPORT OK US,20081201,0,-9999,100,-17,49,330,340,103,139,1008,1129
GHCND:USW00003950,LAWTON MUNICIPAL AIRPORT OK US,20081202,0,-9999,206,-33,46,170,180,80,112,1415,1420
GHCND:USW00003950,LAWTON MUNICIPAL AIRPORT OK US,20081203,0,-9999,111,0,76,360,350,170,206,926,1046
GHCND:USW00003950,LAWTON MUNICIPAL AIRPORT OK US,20081204,0,-9999,56,-50,51,20,20,94,107,59,59
GHCND:USW00003950,LAWTON MUNICIPAL AIRPORT OK US,20081205,0,-9999,72,-50,32,180,190,63,76,1510,1511
GHCND:USW00003950,LAWTON MUNICIPAL AIRPORT OK US,20081206,0,-9999,178,-50,13,20,10,67,76,1318,1320
GHCND:USW00003950,LAWTON MUNICIPAL AIRPORT OK US,20081207,0,-9999,211,-39,45,180,180,107,130,1450,1451
GHCND:USW00003950,LAWTON MUNICIPAL AIRPORT OK US,20081208,3,-9999,233,89,58,190,180,116,148,1317,1359
GHCND:USW00003950,LAWTON MUNICIPAL AIRPORT OK US,20081209,0,-9999,117,-17,89,360,360,161,183,2206,2206
GHCND:USW00003950,LAWTON MUNICIPAL AIRPORT OK US,20081210,0,-9999,72,-67,54,360,360,112,139,45,12
GHCND:USW00003950,LAWTON MUNICIPAL AIRPORT OK US,20081211,0,-9999,167,-78,17,360,360,67,76,1523,1525
GHCND:USW00003950,LAWTON MUNICIPAL AIRPORT OK US,20081212,0,-9999,150,-17,49,160,150,80,107,2204,2258
GHCND:USW00003950,LAWTON MUNICIPAL AIRPORT OK US,20081213,0,-9999,200,100,75,190,190,139,174,1430,1232
GHCND:USW00003950,LAWTON MUNICIPAL AIRPORT OK US,20081214,0,-9999,267,-50,88,360,360,179,215,1741,1743
GHCND:USW00003950,LAWTON MUNICIPAL AIRPORT OK US,20081215,0,-9999,-22,-83,91,10,10,139,170,205,206
GHCND:USW00003950,LAWTON MUNICIPAL AIRPORT OK US,20081216,0,-9999,-11,-83,28,20,180,63,72,1541,21
GHCND:USW00003950,LAWTON MUNICIPAL AIRPORT OK US,20081217,0,-9999,44,-28,34,100,110,63,80,1339,1440
GHCND:USW00003950,LAWTON MUNICIPAL AIRPORT OK US,20081218,0,-9999,156,33,33,150,150,80,103,1703,1703
GHCND:USW00003950,LAWTON MUNICIPAL AIRPORT OK US,20081219,0,-9999,167,-11,17,160,130,58,67,1440,1551
GHCND:USW00003950,LAWTON MUNICIPAL AIRPORT OK US,20081220,0,-9999,128,-50,58,360,360,143,170,1106,1109
GHCND:USW00003950,LAWTON MUNICIPAL AIRPORT OK US,20081221,0,-9999,-11,-100,56,20,10,112,148,222,303
GHCND:USW00003950,LAWTON MUNICIPAL AIRPORT OK US,20081222,0,-9999,0,-67,54,150,150,107,130,1857,1857
GHCND:USW00003950,LAWTON MUNICIPAL AIRPORT OK US,20081223,0,-9999,67,-6,55,160,160,107,130,49,49
GHCND:USW00003950,LAWTON MUNICIPAL AIRPORT OK US,20081224,0,-9999,94,-39,31,340,340,94,125,453,455
GHCND:USW00003950,LAWTON MUNICIPAL AIRPORT OK US,20081225,0,-9999,194,-50,44,160,160,107,134,1422,1423
GHCND:USW00003950,LAWTON MUNICIPAL AIRPORT OK US,20081226,0,-9999,256,94,55,190,190,116,156,1309,1503
GHCND:USW00003950,LAWTON MUNICIPAL AIRPORT OK US,20081227,127,-9999,211,-39,54,160,210,125,161,338,242
GHCND:USW00003950,LAWTON MUNICIPAL AIRPORT OK US,20081228,0,-9999,133,-44,18,220,210,67,89,1341,1508
GHCND:USW00003950,LAWTON MUNICIPAL AIRPORT OK US,20081229,0,-9999,194,-44,19,170,170,58,72,1514,1515
GHCND:USW00003950,LAWTON MUNICIPAL AIRPORT OK US,20081230,0,-9999,228,-50,41,10,20,116,143,2028,2038
GHCND:USW00003950,LAWTON MUNICIPAL AIRPORT OK US,20081231,0,-9999,83,-39,49,10,360,98,112,852,638
