STATION,STATION_NAME,DATE,PRCP,SNWD,TMAX,TMIN,AWND,WDF2,WDF5,WSF2,WSF5,PGTM,WT01,WT02,WT08,WT03,WT10
GHCND:USW00093184,SANTA ANA JOHN WAYNE AIRPORT CA US,20070101,0,-9999,211,83,19,60,70,81,107,2300,-9999,-9999,1,-9999,-9999
GHCND:USW00093184,SANTA ANA JOHN WAYNE AIRPORT CA US,20070102,0,-9999,244,117,28,60,70,94,116,518,-9999,-9999,-9999,-9999,-9999
GHCND:USW00093184,SANTA ANA JOHN WAYNE AIRPORT CA US,20070103,0,-9999,200,100,22,210,200,67,72,1506,1,-9999,1,-9999,-9999
GHCND:USW00093184,SANTA ANA JOHN WAYNE AIRPORT CA US,20070104,3,-9999,161,106,31,250,250,67,103,2132,1,-9999,1,-9999,-9999
GHCND:USW00093184,SANTA ANA JOHN WAYNE AIRPORT CA US,20070105,0,-9999,178,83,59,50,60,130,174,1207,-9999,-9999,-9999,-9999,-9999
GHCND:USW00093184,SANTA ANA JOHN WAYNE AIRPORT CA US,20070106,0,-9999,194,61,26,40,60,112,157,31,-9999,-9999,-9999,-9999,-9999
GHCND:USW00093184,SANTA ANA JOHN WAYNE AIRPORT CA US,20070107,0,-9999,272,67,27,50,60,112,157,1414,-9999,-9999,-9999,-9999,-9999
GHCND:USW00093184,SANTA ANA JOHN WAYNE AIRPORT CA US,20070108,0,-9999,306,122,41,60,50,98,125,1115,-9999,-9999,-9999,-9999,-9999
GHCND:USW00093184,SANTA ANA JOHN WAYNE AIRPORT CA US,20070109,0,-9999,283,100,10,210,210,54,58,1505,-9999,-9999,-9999,-9999,-9999
GHCND:USW00093184,SANTA ANA JOHN WAYNE AIRPORT CA US,20070110,0,-9999,206,89,13,190,200,76,89,1528,-9999,-9999,-9999,-9999,-9999
GHCND:USW00093184,SANTA ANA JOHN WAYNE AIRPORT CA US,20070111,0,-9999,156,111,33,180,180,76,94,1311,-9999,-9999,1,-9999,-9999
GHCND:USW00093184,SANTA ANA JOHN WAYNE AIRPORT CA US,20070112,0,-9999,133,72,26,230,250,67,89,1557,-9999,-9999,-9999,-9999,-9999
GHCND:USW00093184,SANTA ANA JOHN WAYNE AIRPORT CA US,20070113,0,-9999,133,39,38,60,80,72,89,1115,-9999,-9999,-9999,-9999,-9999
GHCND:USW00093184,SANTA ANA JOHN WAYNE AIRPORT CA US,20070114,0,-9999,128,6,13,60,60,54,63,2342,-9999,-9999,-9999,-9999,-9999
GHCND:USW00093184,SANTA ANA JOHN WAYNE AIRPORT CA US,20070115,0,-9999,161,33,61,60,60,139,165,900,-9999,-9999,-9999,-9999,-9999
GHCND:USW00093184,SANTA ANA JOHN WAYNE AIRPORT CA US,20070116,0,-9999,178,61,30,30,40,81,107,152,-9999,-9999,-9999,-9999,-9999
GHCND:USW00093184,SANTA ANA JOHN WAYNE AIRPORT CA US,20070117,0,-9999,150,50,24,200,270,67,81,1232,-9999,-9999,-9999,-9999,-9999
GHCND:USW00093184,SANTA ANA JOHN WAYNE AIRPORT CA US,20070118,0,-9999,211,28,37,60,60,94,116,1747,-9999,-9999,-9999,-9999,-9999
GHCND:USW00093184,SANTA ANA JOHN WAYNE AIRPORT CA US,20070119,0,-9999,189,100,32,190,230,63,81,1316,-9999,-9999,-9999,-9999,-9999
GHCND:USW00093184,SANTA ANA JOHN WAYNE AIRPORT CA US,20070120,0,-9999,172,72,28,200,180,72,89,1508,-9999,-9999,-9999,-9999,-9999
GHCND:USW00093184,SANTA ANA JOHN WAYNE AIRPORT CA US,20070121,0,-9999,194,61,47,60,60,112,134,1659,-9999,-9999,-9999,-9999,-9999
GHCND:USW00093184,SANTA ANA JOHN WAYNE AIRPORT CA US,20070122,0,-9999,211,56,26,30,10,89,116,954,-9999,-9999,-9999,-9999,-9999
GHCND:USW00093184,SANTA ANA JOHN WAYNE AIRPORT CA US,20070123,0,-9999,194,56,11,220,220,45,58,1420,-9999,-9999,1,-9999,-9999
GHCND:USW00093184,SANTA ANA JOHN WAYNE AIRPORT CA US,20070124,0,-9999,217,56,8,200,200,45,54,1124,-9999,-9999,-9999,-9999,-9999
GHCND:USW00093184,SANTA ANA JOHN WAYNE AIRPORT CA US,20070125,0,-9999,239,67,13,200,240,45,54,1537,-9999,-9999,-9999,-9999,-9999
GHCND:USW00093184,SANTA ANA JOHN WAYNE AIRPORT CA US,20070126,0,-9999,178,67,25,220,210,72,81,1239,-9999,-9999,1,-9999,-9999
GHCND:USW00093184,SANTA ANA JOHN WAYNE AIRPORT CA US,20070127,0,-9999,161,106,31,210,200,67,76,1446,-9999,-9999,-9999,-9999,-9999
GHCND:USW00093184,SANTA ANA JOHN WAYNE AIRPORT CA US,20070128,0,-9999,167,78,18,210,220,54,63,1227,-9999,-9999,-9999,-9999,-9999
GHCND:USW00093184,SANTA ANA JOHN WAYNE AIRPORT CA US,20070129,0,-9999,183,100,14,260,240,45,58,1445,-9999,-9999,1,-9999,-9999
GHCND:USW00093184,SANTA ANA JOHN WAYNE AIRPORT CA US,20070130,10,-9999,150,111,23,180,190,58,72,1335,1,-9999,1,1,-9999
GHCND:USW00093184,SANTA ANA JOHN WAYNE AIRPORT CA US,20070131,3,-9999,156,100,17,200,210,54,63,1613,-9999,-9999,-9999,1,-9999
GHCND:USW00093184,SANTA ANA JOHN WAYNE AIRPORT CA US,20070201,0,-9999,156,94,15,220,200,54,63,1330,-9999,-9999,-9999,-9999,-9999
GHCND:USW00093184,SANTA ANA JOHN WAYNE AIRPORT CA US,20070202,0,-9999,178,61,13,220,230,54,63,1439,-9999,-9999,1,-9999,-9999
GHCND:USW00093184,SANTA ANA JOHN WAYNE AIRPORT CA US,20070203,0,-9999,222,61,13,260,270,45,63,1342,-9999,-9999,1,-9999,-9999
GHCND:USW00093184,SANTA ANA JOHN WAYNE AIRPORT CA US,20070204,0,-9999,278,56,9,210,200,45,54,1601,-9999,-9999,1,-9999,-9999
GHCND:USW00093184,SANTA ANA JOHN WAYNE AIRPORT CA US,20070205,0,-9999,289,94,13,210,230,63,72,1350,-9999,-9999,-9999,-9999,-9999
GHCND:USW00093184,SANTA ANA JOHN WAYNE AIRPORT CA US,20070206,0,-9999,217,100,13,220,200,54,63,1114,1,1,1,-9999,-9999
GHCND:USW00093184,SANTA ANA JOHN WAYNE AIRPORT CA US,20070207,0,-9999,183,94,18,250,240,54,67,1536,1,1,1,-9999,-9999
GHCND:USW00093184,SANTA ANA JOHN WAYNE AIRPORT CA US,20070208,0,-9999,194,72,16,280,120,45,58,2056,1,-9999,1,-9999,-9999
GHCND:USW00093184,SANTA ANA JOHN WAYNE AIRPORT CA US,20070209,0,-9999,200,100,12,220,260,54,63,1536,1,-9999,1,-9999,-9999
GHCND:USW00093184,SANTA ANA JOHN WAYNE AIRPORT CA US,20070210,0,-9999,200,106,19,220,220,58,67,1400,1,-9999,1,-9999,-9999
GHCND:USW00093184,SANTA ANA JOHN WAYNE AIRPORT CA US,20070211,58,-9999,183,128,25,230,220,58,76,1401,1,-9999,1,-9999,-9999
GHCND:USW00093184,SANTA ANA JOHN WAYNE AIRPORT CA US,20070212,0,-9999,172,111,26,190,200,72,89,1330,-9999,-9999,-9999,-9999,1
GHCND:USW00093184,SANTA ANA JOHN WAYNE AIRPORT CA US,20070213,0,-9999,172,100,24,230,260,67,81,1654,-9999,-9999,-9999,-9999,-9999
GHCND:USW00093184,SANTA ANA JOHN WAYNE AIRPORT CA US,20070214,0,-9999,183,89,21,210,230,58,72,1224,-9999,-9999,1,-9999,-9999
GHCND:USW00093184,SANTA ANA JOHN WAYNE AIRPORT CA US,20070215,0,-9999,206,89,20,210,190,63,76,1406,-9999,-9999,-9999,-9999,-9999
GHCND:USW00093184,SANTA ANA JOHN WAYNE AIRPORT CA US,20070216,0,-9999,272,89,16,220,210,58,63,1734,-9999,-9999,1,-9999,-9999
GHCND:USW00093184,SANTA ANA JOHN WAYNE AIRPORT CA US,20070217,0,-9999,317,122,28,60,70,81,112,1006,-9999,-9999,1,-9999,-9999
GHCND:USW00093184,SANTA ANA JOHN WAYNE AIRPORT CA US,20070218,15,-9999,228,128,36,190,180,94,112,1621,1,-9999,1,-9999,-9999
GHCND:USW00093184,SANTA ANA JOHN WAYNE AIRPORT CA US,20070219,8,-9999,172,111,34,120,110,67,89,811,1,-9999,-9999,-9999,-9999
GHCND:USW00093184,SANTA ANA JOHN WAYNE AIRPORT CA US,20070220,0,-9999,172,94,21,190,210,63,81,1305,-9999,-9999,-9999,-9999,-9999
GHCND:USW00093184,SANTA ANA JOHN WAYNE AIRPORT CA US,20070221,0,-9999,183,89,18,210,220,58,67,1411,-9999,-9999,1,-9999,-9999
GHCND:USW00093184,SANTA ANA JOHN WAYNE AIRPORT CA US,20070222,51,-9999,167,117,31,180,210,76,94,1518,1,-9999,-9999,-9999,-9999
GHCND:USW00093184,SANTA ANA JOHN WAYNE AIRPORT CA US,20070223,0,-9999,156,78,28,260,230,76,112,1320,-9999,-9999,-9999,-9999,-9999
GHCND:USW00093184,SANTA ANA JOHN WAYNE AIRPORT CA US,20070224,0,-9999,172,56,17,200,200,54,67,1247,-9999,-9999,-9999,-9999,-9999
GHCND:USW00093184,SANTA ANA JOHN WAYNE AIRPORT CA US,20070225,0,-9999,167,72,-9999,230,220,67,89,1554,-9999,-9999,-9999,-9999,-9999
GHCND:USW00093184,SANTA ANA JOHN WAYNE AIRPORT CA US,20070226,0,-9999,167,139,-9999,210,210,63,81,1315,-9999,-9999,-9999,-9999,-9999
GHCND:USW00093184,SANTA ANA JOHN WAYNE AIRPORT CA US,20070227,48,-9999,161,94,38,220,240,72,103,1240,1,-9999,1,-9999,-9999
GHCND:USW00093184,SANTA ANA JOHN WAYNE AIRPORT CA US,20070228,13,-9999,150,83,25,230,240,72,98,1416,-9999,-9999,-9999,-9999,-9999
GHCND:USW00093184,SANTA ANA JOHN WAYNE AIRPORT CA US,20070301,0,-9999,161,50,24,220,210,58,76,1417,-9999,-9999,-9999,-9999,-9999
GHCND:USW00093184,SANTA ANA JOHN WAYNE AIRPORT CA US,20070302,0,-9999,239,61,26,20,50,98,130,1221,-9999,-9999,-9999,-9999,-9999
GHCND:USW00093184,SANTA ANA JOHN WAYNE AIRPORT CA US,20070303,0,-9999,261,89,25,40,60,81,112,1328,-9999,-9999,-9999,-9999,-9999
GHCND:USW00093184,SANTA ANA JOHN WAYNE AIRPORT CA US,20070304,0,-9999,267,83,18,190,220,63,72,1519,-9999,-9999,-9999,-9999,-9999
GHCND:USW00093184,SANTA ANA JOHN WAYNE AIRPORT CA US,20070305,0,-9999,244,117,17,200,200,63,72,1237,-9999,-9999,-9999,-9999,-9999
GHCND:USW00093184,SANTA ANA JOHN WAYNE AIRPORT CA US,20070306,0,-9999,283,133,17,200,200,67,76,1230,-9999,-9999,-9999,-9999,-9999
GHCND:USW00093184,SANTA ANA JOHN WAYNE AIRPORT CA US,20070307,0,-9999,228,133,22,230,250,67,81,1532,-9999,-9999,-9999,-9999,-9999
GHCND:USW00093184,SANTA ANA JOHN WAYNE AIRPORT CA US,20070308,0,-9999,194,106,22,180,200,63,81,1435,1,-9999,1,-9999,-9999
GHCND:USW00093184,SANTA ANA JOHN WAYNE AIRPORT CA US,20070309,3,-9999,183,122,17,260,220,54,67,1223,1,-9999,1,-9999,-9999
GHCND:USW00093184,SANTA ANA JOHN WAYNE AIRPORT CA US,20070310,0,-9999,194,111,19,210,220,45,63,1127,1,-9999,1,-9999,-9999
GHCND:USW00093184,SANTA ANA JOHN WAYNE AIRPORT CA US,20070311,3,-9999,350,100,17,200,210,76,89,1237,1,1,1,-9999,-9999
GHCND:USW00093184,SANTA ANA JOHN WAYNE AIRPORT CA US,20070312,0,-9999,294,128,14,200,200,63,67,1337,-9999,-9999,1,-9999,-9999
GHCND:USW00093184,SANTA ANA JOHN WAYNE AIRPORT CA US,20070313,0,-9999,244,128,28,210,210,81,89,1750,1,-9999,1,-9999,-9999
GHCND:USW00093184,SANTA ANA JOHN WAYNE AIRPORT CA US,20070314,0,-9999,189,128,24,200,210,58,72,1304,-9999,-9999,1,-9999,-9999
GHCND:USW00093184,SANTA ANA JOHN WAYNE AIRPORT CA US,20070315,0,-9999,200,133,19,220,240,45,63,1242,1,-9999,1,-9999,-9999
GHCND:USW00093184,SANTA ANA JOHN WAYNE AIRPORT CA US,20070316,0,-9999,211,122,16,210,210,45,58,1356,1,1,1,-9999,-9999
GHCND:USW00093184,SANTA ANA JOHN WAYNE AIRPORT CA US,20070317,0,-9999,194,128,22,210,220,58,89,1320,1,-9999,1,-9999,-9999
GHCND:USW00093184,SANTA ANA JOHN WAYNE AIRPORT CA US,20070318,0,-9999,167,128,28,200,190,58,67,1658,1,-9999,1,-9999,-9999
GHCND:USW00093184,SANTA ANA JOHN WAYNE AIRPORT CA US,20070319,0,-9999,189,139,24,220,210,54,67,1602,-9999,-9999,-9999,-9999,-9999
GHCND:USW00093184,SANTA ANA JOHN WAYNE AIRPORT CA US,20070320,0,-9999,178,139,29,200,190,81,94,1357,-9999,-9999,-9999,-9999,-9999
GHCND:USW00093184,SANTA ANA JOHN WAYNE AIRPORT CA US,20070321,3,-9999,172,128,26,200,210,58,72,1631,-9999,-9999,-9999,-9999,-9999
GHCND:USW00093184,SANTA ANA JOHN WAYNE AIRPORT CA US,20070322,0,-9999,267,100,21,140,130,89,112,1807,-9999,-9999,-9999,-9999,-9999
GHCND:USW00093184,SANTA ANA JOHN WAYNE AIRPORT CA US,20070323,0,-9999,211,128,29,210,220,67,89,1247,-9999,-9999,-9999,-9999,-9999
GHCND:USW00093184,SANTA ANA JOHN WAYNE AIRPORT CA US,20070324,0,-9999,206,144,23,210,230,58,81,1319,-9999,-9999,-9999,-9999,-9999
GHCND:USW00093184,SANTA ANA JOHN WAYNE AIRPORT CA US,20070325,0,-9999,200,139,18,240,220,54,72,1356,1,-9999,1,-9999,-9999
GHCND:USW00093184,SANTA ANA JOHN WAYNE AIRPORT CA US,20070326,0,-9999,183,139,30,190,210,58,72,1535,1,-9999,1,-9999,-9999
GHCND:USW00093184,SANTA ANA JOHN WAYNE AIRPORT CA US,20070327,0,-9999,172,117,51,260,280,112,161,1237,-9999,-9999,-9999,-9999,-9999
GHCND:USW00093184,SANTA ANA JOHN WAYNE AIRPORT CA US,20070328,0,-9999,194,83,26,220,230,72,89,1250,-9999,-9999,-9999,-9999,-9999
GHCND:USW00093184,SANTA ANA JOHN WAYNE AIRPORT CA US,20070329,0,-9999,250,89,22,270,280,67,94,1617,-9999,-9999,1,-9999,-9999
GHCND:USW00093184,SANTA ANA JOHN WAYNE AIRPORT CA US,20070330,0,-9999,233,100,20,220,220,58,67,1556,1,-9999,1,-9999,-9999
GHCND:USW00093184,SANTA ANA JOHN WAYNE AIRPORT CA US,20070331,0,-9999,228,89,22,220,210,58,67,1448,1,1,1,-9999,-9999
GHCND:USW00093184,SANTA ANA JOHN WAYNE AIRPORT CA US,20070401,0,-9999,211,117,24,210,200,58,72,1356,1,-9999,1,-9999,-9999
GHCND:USW00093184,SANTA ANA JOHN WAYNE AIRPORT CA US,20070402,3,-9999,194,122,27,210,200,58,72,1259,-9999,-9999,1,-9999,-9999
GHCND:USW00093184,SANTA ANA JOHN WAYNE AIRPORT CA US,20070403,0,-9999,200,139,26,200,200,63,98,1224,-9999,-9999,-9999,-9999,-9999
GHCND:USW00093184,SANTA ANA JOHN WAYNE AIRPORT CA US,20070404,0,-9999,217,139,18,210,220,58,67,1035,-9999,-9999,1,-9999,-9999
GHCND:USW00093184,SANTA ANA JOHN WAYNE AIRPORT CA US,20070405,0,-9999,200,144,26,210,220,72,89,1456,-9999,-9999,1,-9999,-9999
GHCND:USW00093184,SANTA ANA JOHN WAYNE AIRPORT CA US,20070406,0,-9999,189,150,25,210,200,63,72,1532,-9999,-9999,1,-9999,-9999
GHCND:USW00093184,SANTA ANA JOHN WAYNE AIRPORT CA US,20070407,0,-9999,178,150,19,190,220,45,63,1551,-9999,-9999,1,-9999,-9999
GHCND:USW00093184,SANTA ANA JOHN WAYNE AIRPORT CA US,20070408,0,-9999,194,150,26,210,200,63,72,1037,-9999,-9999,-9999,-9999,-9999
GHCND:USW00093184,SANTA ANA JOHN WAYNE AIRPORT CA US,20070409,0,-9999,206,144,30,190,200,76,103,1606,-9999,-9999,-9999,-9999,-9999
GHCND:USW00093184,SANTA ANA JOHN WAYNE AIRPORT CA US,20070410,0,-9999,217,133,26,200,220,58,89,1222,-9999,-9999,-9999,-9999,-9999
GHCND:USW00093184,SANTA ANA JOHN WAYNE AIRPORT CA US,20070411,0,-9999,206,139,34,210,220,72,98,1532,-9999,-9999,1,-9999,-9999
GHCND:USW00093184,SANTA ANA JOHN WAYNE AIRPORT CA US,20070412,0,-9999,211,133,37,320,290,94,139,1308,-9999,-9999,-9999,-9999,-9999
GHCND:USW00093184,SANTA ANA JOHN WAYNE AIRPORT CA US,20070413,0,-9999,244,106,26,250,260,72,94,1551,-9999,-9999,-9999,-9999,-9999
GHCND:USW00093184,SANTA ANA JOHN WAYNE AIRPORT CA US,20070414,0,-9999,239,111,31,210,210,81,98,1232,-9999,-9999,-9999,-9999,-9999
GHCND:USW00093184,SANTA ANA JOHN WAYNE AIRPORT CA US,20070415,0,-9999,178,122,36,230,240,72,103,1129,-9999,-9999,1,-9999,-9999
GHCND:USW00093184,SANTA ANA JOHN WAYNE AIRPORT CA US,20070416,0,-9999,189,117,34,210,210,72,89,1338,-9999,-9999,-9999,-9999,-9999
GHCND:USW00093184,SANTA ANA JOHN WAYNE AIRPORT CA US,20070417,0,-9999,183,122,30,220,200,67,89,1424,-9999,-9999,1,-9999,-9999
GHCND:USW00093184,SANTA ANA JOHN WAYNE AIRPORT CA US,20070418,0,-9999,206,111,33,280,270,103,157,1434,-9999,-9999,1,-9999,-9999
GHCND:USW00093184,SANTA ANA JOHN WAYNE AIRPORT CA US,20070419,0,-9999,200,94,29,200,220,67,76,1338,-9999,-9999,1,-9999,-9999
GHCND:USW00093184,SANTA ANA JOHN WAYNE AIRPORT CA US,20070420,58,-9999,144,111,27,190,220,81,94,1112,-9999,-9999,-9999,-9999,-9999
GHCND:USW00093184,SANTA ANA JOHN WAYNE AIRPORT CA US,20070421,0,-9999,178,94,22,190,190,63,76,1257,-9999,-9999,-9999,-9999,-9999
GHCND:USW00093184,SANTA ANA JOHN WAYNE AIRPORT CA US,20070422,18,-9999,183,111,22,210,210,67,76,1339,1,-9999,1,-9999,-9999
GHCND:USW00093184,SANTA ANA JOHN WAYNE AIRPORT CA US,20070423,3,-9999,189,128,28,190,200,72,89,1237,-9999,-9999,-9999,-9999,-9999
GHCND:USW00093184,SANTA ANA JOHN WAYNE AIRPORT CA US,20070424,0,-9999,228,111,20,210,220,58,76,1052,-9999,-9999,-9999,-9999,-9999
GHCND:USW00093184,SANTA ANA JOHN WAYNE AIRPORT CA US,20070425,0,-9999,250,133,23,190,200,58,72,1357,-9999,-9999,-9999,-9999,-9999
GHCND:USW00093184,SANTA ANA JOHN WAYNE AIRPORT CA US,20070426,0,-9999,206,144,28,190,190,67,76,1503,-9999,-9999,-9999,-9999,-9999
GHCND:USW00093184,SANTA ANA JOHN WAYNE AIRPORT CA US,20070427,0,-9999,244,139,24,200,230,67,76,1329,-9999,-9999,1,-9999,-9999
GHCND:USW00093184,SANTA ANA JOHN WAYNE AIRPORT CA US,20070428,0,-9999,228,150,25,210,210,63,76,1248,1,-9999,1,-9999,-9999
GHCND:USW00093184,SANTA ANA JOHN WAYNE AIRPORT CA US,20070429,0,-9999,211,150,31,190,190,63,76,1406,1,-9999,1,-9999,-9999
GHCND:USW00093184,SANTA ANA JOHN WAYNE AIRPORT CA US,20070430,0,-9999,217,156,23,210,200,58,98,1326,1,-9999,1,-9999,-9999
GHCND:USW00093184,SANTA ANA JOHN WAYNE AIRPORT CA US,20070501,0,-9999,211,156,33,210,180,63,89,1353,1,-9999,1,-9999,-9999
GHCND:USW00093184,SANTA ANA JOHN WAYNE AIRPORT CA US,20070502,0,-9999,211,156,28,220,240,67,81,1553,-9999,-9999,-9999,-9999,-9999
GHCND:USW00093184,SANTA ANA JOHN WAYNE AIRPORT CA US,20070503,0,-9999,206,133,31,200,200,76,98,1227,-9999,-9999,-9999,-9999,-9999
GHCND:USW00093184,SANTA ANA JOHN WAYNE AIRPORT CA US,20070504,0,-9999,194,133,39,220,230,81,107,1407,-9999,-9999,-9999,-9999,-9999
GHCND:USW00093184,SANTA ANA JOHN WAYNE AIRPORT CA US,20070505,0,-9999,211,144,27,250,190,72,94,1128,-9999,-9999,-9999,-9999,-9999
GHCND:USW00093184,SANTA ANA JOHN WAYNE AIRPORT CA US,20070506,0,-9999,322,156,38,40,30,98,134,752,-9999,-9999,-9999,-9999,-9999
GHCND:USW00093184,SANTA ANA JOHN WAYNE AIRPORT CA US,20070507,0,-9999,339,144,26,270,270,72,98,1551,-9999,-9999,-9999,-9999,-9999
GHCND:USW00093184,SANTA ANA JOHN WAYNE AIRPORT CA US,20070508,0,-9999,333,167,26,220,210,72,81,1313,-9999,-9999,-9999,-9999,-9999
GHCND:USW00093184,SANTA ANA JOHN WAYNE AIRPORT CA US,20070509,0,-9999,261,139,26,210,220,76,89,1235,-9999,-9999,1,-9999,-9999
GHCND:USW00093184,SANTA ANA JOHN WAYNE AIRPORT CA US,20070510,0,-9999,250,128,26,210,200,63,76,1128,1,1,1,-9999,-9999
GHCND:USW00093184,SANTA ANA JOHN WAYNE AIRPORT CA US,20070511,0,-9999,217,128,27,220,220,67,76,1431,-9999,-9999,1,-9999,-9999
GHCND:USW00093184,SANTA ANA JOHN WAYNE AIRPORT CA US,20070512,0,-9999,200,139,26,200,210,63,89,1511,-9999,-9999,1,-9999,-9999
GHCND:USW00093184,SANTA ANA JOHN WAYNE AIRPORT CA US,20070513,0,-9999,200,128,29,200,200,67,76,1258,1,-9999,1,-9999,-9999
GHCND:USW00093184,SANTA ANA JOHN WAYNE AIRPORT CA US,20070514,0,-9999,200,144,33,190,190,67,81,1240,1,-9999,1,-9999,-9999
GHCND:USW00093184,SANTA ANA JOHN WAYNE AIRPORT CA US,20070515,0,-9999,206,144,28,200,210,67,76,1505,-9999,-9999,1,-9999,-9999
GHCND:USW00093184,SANTA ANA JOHN WAYNE AIRPORT CA US,20070516,0,-9999,194,144,22,190,200,63,76,1454,-9999,-9999,1,-9999,-9999
GHCND:USW00093184,SANTA ANA JOHN WAYNE AIRPORT CA US,20070517,0,-9999,200,144,26,210,210,58,72,1610,1,-9999,1,-9999,-9999
GHCND:USW00093184,SANTA ANA JOHN WAYNE AIRPORT CA US,20070518,0,-9999,200,144,26,220,230,54,67,1406,1,-9999,1,-9999,-9999
GHCND:USW00093184,SANTA ANA JOHN WAYNE AIRPORT CA US,20070519,0,-9999,211,144,26,220,220,58,72,1344,1,-9999,1,-9999,-9999
GHCND:USW00093184,SANTA ANA JOHN WAYNE AIRPORT CA US,20070520,0,-9999,194,150,31,190,200,63,72,1535,1,-9999,1,-9999,-9999
GHCND:USW00093184,SANTA ANA JOHN WAYNE AIRPORT CA US,20070521,0,-9999,178,144,30,200,190,58,72,1047,-9999,-9999,-9999,-9999,-9999
GHCND:USW00093184,SANTA ANA JOHN WAYNE AIRPORT CA US,20070522,0,-9999,211,150,25,190,200,63,81,1307,-9999,-9999,-9999,-9999,-9999
GHCND:USW00093184,SANTA ANA JOHN WAYNE AIRPORT CA US,20070523,0,-9999,217,150,22,220,220,63,76,1318,-9999,-9999,1,-9999,-9999
GHCND:USW00093184,SANTA ANA JOHN WAYNE AIRPORT CA US,20070524,0,-9999,222,139,24,200,180,63,72,1737,1,-9999,1,-9999,-9999
GHCND:USW00093184,SANTA ANA JOHN WAYNE AIRPORT CA US,20070525,0,-9999,211,156,29,200,220,63,81,1428,-9999,-9999,1,-9999,-9999
GHCND:USW00093184,SANTA ANA JOHN WAYNE AIRPORT CA US,20070526,0,-9999,211,150,24,210,210,63,76,1328,-9999,-9999,1,-9999,-9999
GHCND:USW00093184,SANTA ANA JOHN WAYNE AIRPORT CA US,20070527,0,-9999,211,156,25,200,190,63,94,1616,-9999,-9999,-9999,-9999,-9999
GHCND:USW00093184,SANTA ANA JOHN WAYNE AIRPORT CA US,20070528,0,-9999,200,150,35,210,210,72,94,1408,-9999,-9999,-9999,-9999,-9999
GHCND:USW00093184,SANTA ANA JOHN WAYNE AIRPORT CA US,20070529,0,-9999,206,150,28,200,200,63,81,1557,-9999,-9999,-9999,-9999,-9999
GHCND:USW00093184,SANTA ANA JOHN WAYNE AIRPORT CA US,20070530,0,-9999,206,144,25,210,210,63,76,1441,-9999,-9999,-9999,-9999,-9999
GHCND:USW00093184,SANTA ANA JOHN WAYNE AIRPORT CA US,20070531,0,-9999,211,144,22,220,220,63,76,1624,-9999,-9999,-9999,-9999,-9999
GHCND:USW00093184,SANTA ANA JOHN WAYNE AIRPORT CA US,20070601,0,-9999,211,150,24,210,220,67,81,1104,-9999,-9999,-9999,-9999,-9999
GHCND:USW00093184,SANTA ANA JOHN WAYNE AIRPORT CA US,20070602,0,-9999,206,161,33,210,220,67,81,1512,-9999,-9999,1,-9999,-9999
GHCND:USW00093184,SANTA ANA JOHN WAYNE AIRPORT CA US,20070603,0,-9999,217,161,24,220,230,58,67,1519,-9999,-9999,1,-9999,-9999
GHCND:USW00093184,SANTA ANA JOHN WAYNE AIRPORT CA US,20070604,0,-9999,222,156,20,210,220,58,67,1403,-9999,-9999,1,-9999,-9999
GHCND:USW00093184,SANTA ANA JOHN WAYNE AIRPORT CA US,20070605,0,-9999,200,150,32,200,220,72,89,1347,1,-9999,1,-9999,-9999
GHCND:USW00093184,SANTA ANA JOHN WAYNE AIRPORT CA US,20070606,0,-9999,206,144,32,210,210,72,103,1202,-9999,-9999,-9999,-9999,-9999
GHCND:USW00093184,SANTA ANA JOHN WAYNE AIRPORT CA US,20070607,0,-9999,222,133,33,200,200,67,89,1237,-9999,-9999,-9999,-9999,-9999
GHCND:USW00093184,SANTA ANA JOHN WAYNE AIRPORT CA US,20070608,0,-9999,211,144,37,210,210,81,94,1521,-9999,-9999,-9999,-9999,-9999
GHCND:USW00093184,SANTA ANA JOHN WAYNE AIRPORT CA US,20070609,0,-9999,200,150,35,190,230,67,89,1501,-9999,-9999,-9999,-9999,-9999
GHCND:USW00093184,SANTA ANA JOHN WAYNE AIRPORT CA US,20070610,0,-9999,217,150,31,200,200,67,94,1502,-9999,-9999,-9999,-9999,-9999
GHCND:USW00093184,SANTA ANA JOHN WAYNE AIRPORT CA US,20070611,0,-9999,211,156,33,200,190,72,89,1311,-9999,-9999,-9999,-9999,-9999
GHCND:USW00093184,SANTA ANA JOHN WAYNE AIRPORT CA US,20070612,0,-9999,233,161,27,210,210,58,76,1441,1,-9999,1,-9999,-9999
GHCND:USW00093184,SANTA ANA JOHN WAYNE AIRPORT CA US,20070613,0,-9999,256,161,26,210,190,72,81,1830,-9999,-9999,1,-9999,-9999
GHCND:USW00093184,SANTA ANA JOHN WAYNE AIRPORT CA US,20070614,0,-9999,233,161,30,190,190,67,81,1441,-9999,-9999,1,-9999,-9999
GHCND:USW00093184,SANTA ANA JOHN WAYNE AIRPORT CA US,20070615,0,-9999,233,161,32,200,190,72,89,1203,-9999,-9999,-9999,-9999,-9999
GHCND:USW00093184,SANTA ANA JOHN WAYNE AIRPORT CA US,20070616,0,-9999,228,161,27,210,210,63,94,1158,1,-9999,1,-9999,-9999
GHCND:USW00093184,SANTA ANA JOHN WAYNE AIRPORT CA US,20070617,0,-9999,217,161,30,200,200,67,81,1401,1,-9999,-9999,-9999,-9999
GHCND:USW00093184,SANTA ANA JOHN WAYNE AIRPORT CA US,20070618,0,-9999,217,150,32,200,190,63,76,1521,-9999,-9999,-9999,-9999,-9999
GHCND:USW00093184,SANTA ANA JOHN WAYNE AIRPORT CA US,20070619,0,-9999,233,150,26,200,220,63,72,1439,-9999,-9999,-9999,-9999,-9999
GHCND:USW00093184,SANTA ANA JOHN WAYNE AIRPORT CA US,20070620,0,-9999,250,161,22,220,210,54,67,1032,-9999,-9999,1,-9999,-9999
GHCND:USW00093184,SANTA ANA JOHN WAYNE AIRPORT CA US,20070621,0,-9999,244,161,30,200,200,67,81,1250,-9999,-9999,1,-9999,-9999
GHCND:USW00093184,SANTA ANA JOHN WAYNE AIRPORT CA US,20070622,0,-9999,233,144,32,200,200,72,81,1514,1,-9999,1,-9999,-9999
GHCND:USW00093184,SANTA ANA JOHN WAYNE AIRPORT CA US,20070623,0,-9999,222,167,34,210,200,89,103,1243,-9999,-9999,-9999,-9999,-9999
GHCND:USW00093184,SANTA ANA JOHN WAYNE AIRPORT CA US,20070624,0,-9999,222,161,28,200,220,63,76,1545,-9999,-9999,1,-9999,-9999
GHCND:USW00093184,SANTA ANA JOHN WAYNE AIRPORT CA US,20070625,0,-9999,233,161,28,200,200,67,76,1328,1,-9999,1,-9999,-9999
GHCND:USW00093184,SANTA ANA JOHN WAYNE AIRPORT CA US,20070626,0,-9999,228,167,28,200,200,72,81,1506,1,-9999,1,-9999,-9999
GHCND:USW00093184,SANTA ANA JOHN WAYNE AIRPORT CA US,20070627,0,-9999,244,167,29,200,240,72,81,1353,-9999,-9999,1,-9999,-9999
GHCND:USW00093184,SANTA ANA JOHN WAYNE AIRPORT CA US,20070628,0,-9999,244,167,33,200,200,67,81,1440,-9999,-9999,1,-9999,-9999
GHCND:USW00093184,SANTA ANA JOHN WAYNE AIRPORT CA US,20070629,0,-9999,250,167,30,200,190,67,81,1223,1,-9999,1,-9999,-9999
GHCND:USW00093184,SANTA ANA JOHN WAYNE AIRPORT CA US,20070630,0,-9999,256,172,27,200,200,63,81,1241,1,-9999,1,-9999,-9999
GHCND:USW00093184,SANTA ANA JOHN WAYNE AIRPORT CA US,20070701,0,-9999,267,172,29,190,190,67,81,1336,-9999,-9999,1,-9999,-9999
GHCND:USW00093184,SANTA ANA JOHN WAYNE AIRPORT CA US,20070702,0,-9999,283,183,22,200,200,67,81,1116,1,-9999,1,-9999,-9999
GHCND:USW00093184,SANTA ANA JOHN WAYNE AIRPORT CA US,20070703,0,-9999,272,183,29,200,200,67,81,1326,-9999,-9999,1,-9999,-9999
GHCND:USW00093184,SANTA ANA JOHN WAYNE AIRPORT CA US,20070704,0,-9999,250,183,29,200,210,67,81,1517,-9999,-9999,1,-9999,-9999
GHCND:USW00093184,SANTA ANA JOHN WAYNE AIRPORT CA US,20070705,0,-9999,250,183,29,210,200,72,81,1206,1,-9999,1,-9999,-9999
GHCND:USW00093184,SANTA ANA JOHN WAYNE AIRPORT CA US,20070706,0,-9999,256,194,28,200,180,72,89,1327,1,-9999,1,-9999,-9999
GHCND:USW00093184,SANTA ANA JOHN WAYNE AIRPORT CA US,20070707,0,-9999,256,194,28,200,200,63,76,1645,1,-9999,1,-9999,-9999
GHCND:USW00093184,SANTA ANA JOHN WAYNE AIRPORT CA US,20070708,0,-9999,239,183,37,200,200,81,98,1344,-9999,-9999,-9999,-9999,-9999
GHCND:USW00093184,SANTA ANA JOHN WAYNE AIRPORT CA US,20070709,0,-9999,244,178,29,220,120,63,81,828,-9999,-9999,-9999,-9999,-9999
GHCND:USW00093184,SANTA ANA JOHN WAYNE AIRPORT CA US,20070710,0,-9999,239,189,28,190,200,72,89,1149,-9999,-9999,-9999,-9999,-9999
GHCND:USW00093184,SANTA ANA JOHN WAYNE AIRPORT CA US,20070711,0,-9999,244,183,22,220,220,58,72,1701,-9999,-9999,-9999,-9999,-9999
GHCND:USW00093184,SANTA ANA JOHN WAYNE AIRPORT CA US,20070712,0,-9999,261,172,22,220,240,63,72,1516,-9999,-9999,-9999,-9999,-9999
GHCND:USW00093184,SANTA ANA JOHN WAYNE AIRPORT CA US,20070713,0,-9999,289,178,24,220,250,58,67,1401,-9999,-9999,-9999,-9999,-9999
GHCND:USW00093184,SANTA ANA JOHN WAYNE AIRPORT CA US,20070714,0,-9999,250,189,40,200,210,76,89,1433,-9999,-9999,-9999,-9999,-9999
GHCND:USW00093184,SANTA ANA JOHN WAYNE AIRPORT CA US,20070715,0,-9999,233,178,38,210,210,72,89,1545,-9999,-9999,-9999,-9999,-9999
GHCND:USW00093184,SANTA ANA JOHN WAYNE AIRPORT CA US,20070716,0,-9999,233,183,33,210,220,63,89,1430,1,-9999,1,-9999,-9999
GHCND:USW00093184,SANTA ANA JOHN WAYNE AIRPORT CA US,20070717,0,-9999,239,189,30,200,200,67,81,1201,-9999,-9999,1,-9999,-9999
GHCND:USW00093184,SANTA ANA JOHN WAYNE AIRPORT CA US,20070718,0,-9999,261,183,26,220,220,58,72,1130,-9999,-9999,-9999,-9999,-9999
GHCND:USW00093184,SANTA ANA JOHN WAYNE AIRPORT CA US,20070719,0,-9999,239,178,33,210,210,76,94,1458,1,-9999,1,-9999,-9999
GHCND:USW00093184,SANTA ANA JOHN WAYNE AIRPORT CA US,20070720,0,-9999,233,172,34,220,210,76,94,1315,1,-9999,1,-9999,-9999
GHCND:USW00093184,SANTA ANA JOHN WAYNE AIRPORT CA US,20070721,0,-9999,233,178,27,200,210,67,81,1447,-9999,-9999,1,-9999,-9999
GHCND:USW00093184,SANTA ANA JOHN WAYNE AIRPORT CA US,20070722,0,-9999,250,183,28,200,200,63,81,1222,1,-9999,1,-9999,-9999
GHCND:USW00093184,SANTA ANA JOHN WAYNE AIRPORT CA US,20070723,0,-9999,283,194,28,200,190,67,76,1659,-9999,-9999,1,-9999,-9999
GHCND:USW00093184,SANTA ANA JOHN WAYNE AIRPORT CA US,20070724,0,-9999,250,189,34,210,200,72,81,1553,-9999,-9999,-9999,-9999,-9999
GHCND:USW00093184,SANTA ANA JOHN WAYNE AIRPORT CA US,20070725,0,-9999,278,194,26,210,210,63,76,1610,-9999,-9999,-9999,-9999,-9999
GHCND:USW00093184,SANTA ANA JOHN WAYNE AIRPORT CA US,20070726,0,-9999,294,200,26,200,220,54,67,1152,-9999,-9999,1,-9999,-9999
GHCND:USW00093184,SANTA ANA JOHN WAYNE AIRPORT CA US,20070727,0,-9999,300,206,26,200,210,58,76,1422,1,-9999,1,-9999,-9999
GHCND:USW00093184,SANTA ANA JOHN WAYNE AIRPORT CA US,20070728,0,-9999,256,139,34,210,210,76,94,1352,-9999,-9999,-9999,-9999,-9999
GHCND:USW00093184,SANTA ANA JOHN WAYNE AIRPORT CA US,20070729,0,-9999,250,194,31,200,220,63,81,1528,-9999,-9999,-9999,-9999,-9999
GHCND:USW00093184,SANTA ANA JOHN WAYNE AIRPORT CA US,20070730,0,-9999,244,189,33,190,180,63,76,1515,-9999,-9999,-9999,-9999,-9999
GHCND:USW00093184,SANTA ANA JOHN WAYNE AIRPORT CA US,20070731,0,-9999,244,194,30,200,200,63,76,1514,-9999,-9999,-9999,-9999,-9999
GHCND:USW00093184,SANTA ANA JOHN WAYNE AIRPORT CA US,20070801,0,-9999,256,194,25,200,210,63,81,1220,-9999,-9999,-9999,-9999,-9999
GHCND:USW00093184,SANTA ANA JOHN WAYNE AIRPORT CA US,20070802,0,-9999,267,200,22,220,210,58,67,1434,-9999,-9999,1,-9999,-9999
GHCND:USW00093184,SANTA ANA JOHN WAYNE AIRPORT CA US,20070803,0,-9999,272,200,26,200,210,58,72,1715,1,-9999,1,-9999,-9999
GHCND:USW00093184,SANTA ANA JOHN WAYNE AIRPORT CA US,20070804,0,-9999,250,200,34,190,200,67,81,1401,-9999,-9999,-9999,-9999,-9999
GHCND:USW00093184,SANTA ANA JOHN WAYNE AIRPORT CA US,20070805,0,-9999,250,200,27,200,220,63,76,1612,-9999,-9999,-9999,-9999,-9999
GHCND:USW00093184,SANTA ANA JOHN WAYNE AIRPORT CA US,20070806,0,-9999,256,194,26,200,250,58,67,1442,-9999,-9999,-9999,-9999,-9999
GHCND:USW00093184,SANTA ANA JOHN WAYNE AIRPORT CA US,20070807,0,-9999,239,194,29,190,200,63,89,1214,-9999,-9999,-9999,-9999,-9999
GHCND:USW00093184,SANTA ANA JOHN WAYNE AIRPORT CA US,20070808,0,-9999,250,178,22,220,230,58,72,1215,-9999,-9999,-9999,-9999,-9999
GHCND:USW00093184,SANTA ANA JOHN WAYNE AIRPORT CA US,20070809,0,-9999,256,183,22,200,220,63,72,1514,-9999,-9999,-9999,-9999,-9999
GHCND:USW00093184,SANTA ANA JOHN WAYNE AIRPORT CA US,20070810,0,-9999,250,189,26,200,200,63,81,1106,1,-9999,-9999,-9999,-9999
GHCND:USW00093184,SANTA ANA JOHN WAYNE AIRPORT CA US,20070811,0,-9999,256,189,26,200,220,58,72,1353,1,-9999,1,-9999,-9999
GHCND:USW00093184,SANTA ANA JOHN WAYNE AIRPORT CA US,20070812,0,-9999,267,183,24,210,220,54,63,1710,1,-9999,1,-9999,-9999
GHCND:USW00093184,SANTA ANA JOHN WAYNE AIRPORT CA US,20070813,0,-9999,294,183,23,220,220,58,72,1519,-9999,-9999,1,-9999,-9999
GHCND:USW00093184,SANTA ANA JOHN WAYNE AIRPORT CA US,20070814,0,-9999,317,200,24,200,210,63,72,1813,-9999,-9999,-9999,-9999,-9999
GHCND:USW00093184,SANTA ANA JOHN WAYNE AIRPORT CA US,20070815,0,-9999,300,206,-9999,210,220,58,67,1550,-9999,-9999,-9999,-9999,-9999
GHCND:USW00093184,SANTA ANA JOHN WAYNE AIRPORT CA US,20070816,0,-9999,294,200,20,210,200,63,72,1648,-9999,-9999,-9999,-9999,-9999
GHCND:USW00093184,SANTA ANA JOHN WAYNE AIRPORT CA US,20070817,0,-9999,267,211,26,210,220,72,98,1324,-9999,-9999,-9999,-9999,-9999
GHCND:USW00093184,SANTA ANA JOHN WAYNE AIRPORT CA US,20070818,0,-9999,283,206,23,220,210,54,76,1549,-9999,-9999,1,-9999,-9999
GHCND:USW00093184,SANTA ANA JOHN WAYNE AIRPORT CA US,20070819,0,-9999,300,200,23,210,230,58,76,1418,-9999,-9999,1,-9999,-9999
GHCND:USW00093184,SANTA ANA JOHN WAYNE AIRPORT CA US,20070820,0,-9999,311,189,20,220,230,58,72,1519,-9999,-9999,1,-9999,-9999
GHCND:USW00093184,SANTA ANA JOHN WAYNE AIRPORT CA US,20070821,0,-9999,294,194,21,210,290,58,72,1449,-9999,-9999,1,-9999,-9999
GHCND:USW00093184,SANTA ANA JOHN WAYNE AIRPORT CA US,20070822,0,-9999,244,194,33,210,210,67,89,1333,-9999,-9999,1,-9999,-9999
GHCND:USW00093184,SANTA ANA JOHN WAYNE AIRPORT CA US,20070823,0,-9999,244,200,28,190,210,63,76,1538,-9999,-9999,-9999,-9999,-9999
GHCND:USW00093184,SANTA ANA JOHN WAYNE AIRPORT CA US,20070824,0,-9999,250,194,20,220,200,58,72,1419,-9999,-9999,1,-9999,-9999
GHCND:USW00093184,SANTA ANA JOHN WAYNE AIRPORT CA US,20070825,0,-9999,267,194,16,260,350,45,76,743,1,-9999,1,-9999,-9999
GHCND:USW00093184,SANTA ANA JOHN WAYNE AIRPORT CA US,20070826,0,-9999,283,194,17,230,220,72,98,1345,-9999,-9999,-9999,-9999,-9999
GHCND:USW00093184,SANTA ANA JOHN WAYNE AIRPORT CA US,20070827,0,-9999,278,194,13,220,200,45,67,1348,-9999,-9999,1,-9999,-9999
GHCND:USW00093184,SANTA ANA JOHN WAYNE AIRPORT CA US,20070828,0,-9999,294,194,20,220,240,54,72,1413,-9999,-9999,1,-9999,-9999
GHCND:USW00093184,SANTA ANA JOHN WAYNE AIRPORT CA US,20070829,0,-9999,300,189,19,200,210,63,67,2103,-9999,-9999,1,-9999,-9999
GHCND:USW00093184,SANTA ANA JOHN WAYNE AIRPORT CA US,20070830,0,-9999,289,206,25,220,220,76,98,1454,-9999,-9999,-9999,-9999,-9999
GHCND:USW00093184,SANTA ANA JOHN WAYNE AIRPORT CA US,20070831,0,-9999,333,200,22,210,200,63,72,1317,-9999,-9999,1,-9999,-9999
GHCND:USW00093184,SANTA ANA JOHN WAYNE AIRPORT CA US,20070901,0,-9999,311,222,21,200,190,63,76,1744,-9999,-9999,-9999,-9999,-9999
GHCND:USW00093184,SANTA ANA JOHN WAYNE AIRPORT CA US,20070902,0,-9999,344,222,17,210,200,63,72,1705,-9999,-9999,-9999,-9999,-9999
GHCND:USW00093184,SANTA ANA JOHN WAYNE AIRPORT CA US,20070903,0,-9999,372,233,20,210,220,54,63,1848,-9999,-9999,-9999,-9999,-9999
GHCND:USW00093184,SANTA ANA JOHN WAYNE AIRPORT CA US,20070904,0,-9999,294,211,24,210,220,67,89,1221,-9999,-9999,1,-9999,-9999
GHCND:USW00093184,SANTA ANA JOHN WAYNE AIRPORT CA US,20070905,0,-9999,261,189,40,220,210,81,103,1512,-9999,-9999,-9999,-9999,-9999
GHCND:USW00093184,SANTA ANA JOHN WAYNE AIRPORT CA US,20070906,0,-9999,244,189,31,210,210,72,94,1536,-9999,-9999,-9999,-9999,-9999
GHCND:USW00093184,SANTA ANA JOHN WAYNE AIRPORT CA US,20070907,0,-9999,244,172,17,220,240,58,76,1253,-9999,-9999,1,-9999,-9999
GHCND:USW00093184,SANTA ANA JOHN WAYNE AIRPORT CA US,20070908,0,-9999,244,178,15,230,230,54,72,1437,-9999,-9999,-9999,-9999,-9999
GHCND:USW00093184,SANTA ANA JOHN WAYNE AIRPORT CA US,20070909,0,-9999,244,178,17,230,210,54,72,1341,-9999,-9999,-9999,-9999,-9999
GHCND:USW00093184,SANTA ANA JOHN WAYNE AIRPORT CA US,20070910,0,-9999,272,161,16,230,230,45,67,1245,-9999,-9999,-9999,-9999,-9999
GHCND:USW00093184,SANTA ANA JOHN WAYNE AIRPORT CA US,20070911,0,-9999,289,167,17,220,220,45,58,1503,-9999,-9999,-9999,-9999,-9999
GHCND:USW00093184,SANTA ANA JOHN WAYNE AIRPORT CA US,20070912,0,-9999,283,167,17,220,210,45,63,1224,-9999,-9999,1,-9999,-9999
GHCND:USW00093184,SANTA ANA JOHN WAYNE AIRPORT CA US,20070913,0,-9999,256,167,26,220,220,45,63,1621,-9999,-9999,-9999,-9999,-9999
GHCND:USW00093184,SANTA ANA JOHN WAYNE AIRPORT CA US,20070914,0,-9999,244,161,18,230,210,54,112,1510,-9999,-9999,-9999,-9999,-9999
GHCND:USW00093184,SANTA ANA JOHN WAYNE AIRPORT CA US,20070915,0,-9999,256,150,17,190,220,58,67,1404,-9999,-9999,1,-9999,-9999
GHCND:USW00093184,SANTA ANA JOHN WAYNE AIRPORT CA US,20070916,0,-9999,228,150,22,230,210,58,72,1533,1,-9999,1,-9999,-9999
GHCND:USW00093184,SANTA ANA JOHN WAYNE AIRPORT CA US,20070917,0,-9999,233,172,30,220,210,67,98,1207,-9999,-9999,-9999,-9999,-9999
GHCND:USW00093184,SANTA ANA JOHN WAYNE AIRPORT CA US,20070918,0,-9999,233,161,25,210,200,58,81,1224,-9999,-9999,-9999,-9999,-9999
GHCND:USW00093184,SANTA ANA JOHN WAYNE AIRPORT CA US,20070919,0,-9999,217,172,33,210,210,67,98,1230,-9999,-9999,1,-9999,-9999
GHCND:USW00093184,SANTA ANA JOHN WAYNE AIRPORT CA US,20070920,0,-9999,217,156,24,210,200,63,94,1530,-9999,-9999,-9999,-9999,-9999
GHCND:USW00093184,SANTA ANA JOHN WAYNE AIRPORT CA US,20070921,97,-9999,239,133,22,200,200,94,130,1558,1,-9999,-9999,1,-9999
GHCND:USW00093184,SANTA ANA JOHN WAYNE AIRPORT CA US,20070922,58,-9999,217,161,32,210,200,76,98,1323,1,-9999,1,-9999,1
GHCND:USW00093184,SANTA ANA JOHN WAYNE AIRPORT CA US,20070923,0,-9999,217,150,14,220,210,58,81,1132,-9999,-9999,-9999,-9999,-9999
GHCND:USW00093184,SANTA ANA JOHN WAYNE AIRPORT CA US,20070924,0,-9999,239,144,16,220,230,58,72,1324,-9999,-9999,1,-9999,-9999
GHCND:USW00093184,SANTA ANA JOHN WAYNE AIRPORT CA US,20070925,0,-9999,239,156,19,210,180,58,94,1400,-9999,-9999,1,-9999,-9999
GHCND:USW00093184,SANTA ANA JOHN WAYNE AIRPORT CA US,20070926,0,-9999,272,156,15,230,230,54,67,1152,-9999,-9999,1,-9999,-9999
GHCND:USW00093184,SANTA ANA JOHN WAYNE AIRPORT CA US,20070927,0,-9999,250,167,17,270,330,81,130,158,-9999,-9999,1,-9999,-9999
GHCND:USW00093184,SANTA ANA JOHN WAYNE AIRPORT CA US,20070928,0,-9999,206,172,16,200,190,45,67,1425,-9999,-9999,-9999,-9999,-9999
GHCND:USW00093184,SANTA ANA JOHN WAYNE AIRPORT CA US,20070929,0,-9999,233,161,20,210,210,58,76,1358,-9999,-9999,-9999,-9999,-9999
GHCND:USW00093184,SANTA ANA JOHN WAYNE AIRPORT CA US,20070930,0,-9999,272,139,13,200,220,40,54,1535,-9999,-9999,1,-9999,-9999
GHCND:USW00093184,SANTA ANA JOHN WAYNE AIRPORT CA US,20071001,0,-9999,261,161,15,210,250,45,67,1347,-9999,-9999,1,-9999,-9999
GHCND:USW00093184,SANTA ANA JOHN WAYNE AIRPORT CA US,20071002,0,-9999,278,150,13,230,200,45,63,1423,-9999,-9999,1,-9999,-9999
GHCND:USW00093184,SANTA ANA JOHN WAYNE AIRPORT CA US,20071003,3,-9999,272,144,16,220,200,58,72,1234,1,1,1,-9999,-9999
GHCND:USW00093184,SANTA ANA JOHN WAYNE AIRPORT CA US,20071004,0,-9999,228,144,36,190,210,89,107,1255,1,1,1,-9999,-9999
GHCND:USW00093184,SANTA ANA JOHN WAYNE AIRPORT CA US,20071005,0,-9999,194,139,34,250,250,76,116,1352,-9999,-9999,-9999,-9999,-9999
GHCND:USW00093184,SANTA ANA JOHN WAYNE AIRPORT CA US,20071006,0,-9999,244,117,18,270,280,45,67,1453,-9999,-9999,-9999,-9999,-9999
GHCND:USW00093184,SANTA ANA JOHN WAYNE AIRPORT CA US,20071007,0,-9999,317,133,23,60,60,103,134,900,-9999,-9999,-9999,-9999,-9999
GHCND:USW00093184,SANTA ANA JOHN WAYNE AIRPORT CA US,20071008,0,-9999,294,122,15,230,260,54,67,1333,-9999,-9999,-9999,-9999,-9999
GHCND:USW00093184,SANTA ANA JOHN WAYNE AIRPORT CA US,20071009,0,-9999,250,128,13,250,220,58,72,1402,-9999,-9999,1,-9999,-9999
GHCND:USW00093184,SANTA ANA JOHN WAYNE AIRPORT CA US,20071010,0,-9999,222,128,17,270,250,54,67,1653,-9999,-9999,1,-9999,-9999
GHCND:USW00093184,SANTA ANA JOHN WAYNE AIRPORT CA US,20071011,0,-9999,217,150,18,220,220,54,72,1317,1,-9999,1,-9999,-9999
GHCND:USW00093184,SANTA ANA JOHN WAYNE AIRPORT CA US,20071012,8,-9999,211,144,21,220,210,63,81,1110,1,-9999,1,-9999,-9999
GHCND:USW00093184,SANTA ANA JOHN WAYNE AIRPORT CA US,20071013,41,-9999,200,150,21,110,220,45,58,1352,1,-9999,1,-9999,-9999
GHCND:USW00093184,SANTA ANA JOHN WAYNE AIRPORT CA US,20071014,3,-9999,211,128,14,220,220,54,72,1437,1,-9999,1,-9999,-9999
GHCND:USW00093184,SANTA ANA JOHN WAYNE AIRPORT CA US,20071015,0,-9999,178,150,12,240,100,36,63,727,1,-9999,1,-9999,-9999
GHCND:USW00093184,SANTA ANA JOHN WAYNE AIRPORT CA US,20071016,0,-9999,200,150,20,220,230,58,76,1337,-9999,-9999,1,-9999,-9999
GHCND:USW00093184,SANTA ANA JOHN WAYNE AIRPORT CA US,20071017,0,-9999,206,144,16,200,200,67,81,1324,-9999,-9999,1,-9999,-9999
GHCND:USW00093184,SANTA ANA JOHN WAYNE AIRPORT CA US,20071018,0,-9999,233,128,9,210,230,45,58,1348,-9999,-9999,-9999,-9999,-9999
GHCND:USW00093184,SANTA ANA JOHN WAYNE AIRPORT CA US,20071019,0,-9999,289,139,16,200,230,45,67,1513,-9999,-9999,1,-9999,-9999
GHCND:USW00093184,SANTA ANA JOHN WAYNE AIRPORT CA US,20071020,0,-9999,211,144,22,200,200,67,81,1007,-9999,-9999,-9999,-9999,-9999
GHCND:USW00093184,SANTA ANA JOHN WAYNE AIRPORT CA US,20071021,0,-9999,289,133,67,50,40,139,183,2056,-9999,-9999,1,-9999,-9999
GHCND:USW00093184,SANTA ANA JOHN WAYNE AIRPORT CA US,20071022,0,-9999,311,222,68,20,30,116,161,2001,-9999,-9999,1,-9999,-9999
GHCND:USW00093184,SANTA ANA JOHN WAYNE AIRPORT CA US,20071023,0,-9999,372,194,24,80,70,81,116,454,-9999,-9999,1,-9999,-9999
GHCND:USW00093184,SANTA ANA JOHN WAYNE AIRPORT CA US,20071024,0,-9999,333,189,-9999,200,220,36,45,1256,1,-9999,1,-9999,-9999
GHCND:USW00093184,SANTA ANA JOHN WAYNE AIRPORT CA US,20071025,0,-9999,289,161,10,210,190,40,67,1333,-9999,-9999,1,-9999,-9999
GHCND:USW00093184,SANTA ANA JOHN WAYNE AIRPORT CA US,20071026,0,-9999,217,139,16,210,220,67,76,1245,-9999,-9999,1,-9999,-9999
GHCND:USW00093184,SANTA ANA JOHN WAYNE AIRPORT CA US,20071027,0,-9999,261,156,8,280,250,40,45,1529,-9999,-9999,1,-9999,-9999
GHCND:USW00093184,SANTA ANA JOHN WAYNE AIRPORT CA US,20071028,0,-9999,278,156,9,230,220,40,54,1354,-9999,-9999,1,-9999,-9999
GHCND:USW00093184,SANTA ANA JOHN WAYNE AIRPORT CA US,20071029,0,-9999,256,167,16,200,230,58,72,1553,-9999,-9999,1,-9999,-9999
GHCND:USW00093184,SANTA ANA JOHN WAYNE AIRPORT CA US,20071030,0,-9999,200,139,16,200,200,58,72,1246,1,-9999,1,-9999,-9999
GHCND:USW00093184,SANTA ANA JOHN WAYNE AIRPORT CA US,20071031,3,-9999,222,128,-9999,220,240,54,58,1529,1,1,1,-9999,-9999
GHCND:USW00093184,SANTA ANA JOHN WAYNE AIRPORT CA US,20071101,0,-9999,189,156,-9999,220,200,54,63,1516,-9999,-9999,1,-9999,-9999
GHCND:USW00093184,SANTA ANA JOHN WAYNE AIRPORT CA US,20071102,0,-9999,200,156,16,210,230,45,63,1429,1,-9999,1,-9999,-9999
GHCND:USW00093184,SANTA ANA JOHN WAYNE AIRPORT CA US,20071103,0,-9999,222,144,13,200,220,45,58,1450,1,-9999,1,-9999,-9999
GHCND:USW00093184,SANTA ANA JOHN WAYNE AIRPORT CA US,20071104,0,-9999,194,144,13,220,230,45,63,1116,1,-9999,1,-9999,-9999
GHCND:USW00093184,SANTA ANA JOHN WAYNE AIRPORT CA US,20071105,0,-9999,189,133,7,220,220,40,54,1612,1,-9999,1,-9999,-9999
GHCND:USW00093184,SANTA ANA JOHN WAYNE AIRPORT CA US,20071106,0,-9999,183,133,12,230,220,40,58,1537,1,-9999,1,-9999,-9999
GHCND:USW00093184,SANTA ANA JOHN WAYNE AIRPORT CA US,20071107,0,-9999,183,117,10,220,210,54,63,1457,1,-9999,1,-9999,-9999
GHCND:USW00093184,SANTA ANA JOHN WAYNE AIRPORT CA US,20071108,0,-9999,167,144,8,250,270,36,45,1604,1,-9999,1,-9999,-9999
GHCND:USW00093184,SANTA ANA JOHN WAYNE AIRPORT CA US,20071109,0,-9999,189,139,9,240,220,40,63,1138,-9999,-9999,1,-9999,-9999
GHCND:USW00093184,SANTA ANA JOHN WAYNE AIRPORT CA US,20071110,0,-9999,189,111,12,220,210,45,67,1427,-9999,-9999,-9999,-9999,-9999
GHCND:USW00093184,SANTA ANA JOHN WAYNE AIRPORT CA US,20071111,3,-9999,189,117,20,200,190,54,67,1319,1,-9999,-9999,-9999,-9999
GHCND:USW00093184,SANTA ANA JOHN WAYNE AIRPORT CA US,20071112,0,-9999,261,128,12,280,350,54,72,951,1,-9999,1,-9999,-9999
GHCND:USW00093184,SANTA ANA JOHN WAYNE AIRPORT CA US,20071113,0,-9999,311,128,9,240,220,40,58,1350,-9999,-9999,-9999,-9999,-9999
GHCND:USW00093184,SANTA ANA JOHN WAYNE AIRPORT CA US,20071114,0,-9999,289,139,10,210,210,40,54,1110,-9999,-9999,-9999,-9999,-9999
GHCND:USW00093184,SANTA ANA JOHN WAYNE AIRPORT CA US,20071115,0,-9999,294,133,12,190,210,45,58,1500,1,-9999,1,-9999,-9999
GHCND:USW00093184,SANTA ANA JOHN WAYNE AIRPORT CA US,20071116,0,-9999,200,139,16,210,210,63,72,1536,1,1,1,-9999,-9999
GHCND:USW00093184,SANTA ANA JOHN WAYNE AIRPORT CA US,20071117,0,-9999,194,133,17,190,190,54,67,1411,1,-9999,1,-9999,-9999
GHCND:USW00093184,SANTA ANA JOHN WAYNE AIRPORT CA US,20071118,0,-9999,183,133,7,210,250,31,40,1455,1,-9999,1,-9999,-9999
GHCND:USW00093184,SANTA ANA JOHN WAYNE AIRPORT CA US,20071119,0,-9999,200,117,11,210,210,36,54,1620,1,1,1,-9999,-9999
GHCND:USW00093184,SANTA ANA JOHN WAYNE AIRPORT CA US,20071120,0,-9999,178,117,20,200,210,58,72,1450,1,1,1,-9999,-9999
GHCND:USW00093184,SANTA ANA JOHN WAYNE AIRPORT CA US,20071121,0,-9999,200,128,16,200,200,58,72,1445,1,-9999,1,-9999,-9999
GHCND:USW00093184,SANTA ANA JOHN WAYNE AIRPORT CA US,20071122,0,-9999,183,117,14,210,200,58,72,1538,1,-9999,1,-9999,-9999
GHCND:USW00093184,SANTA ANA JOHN WAYNE AIRPORT CA US,20071123,0,-9999,200,128,21,50,60,89,116,2041,1,-9999,1,-9999,-9999
GHCND:USW00093184,SANTA ANA JOHN WAYNE AIRPORT CA US,20071124,0,-9999,272,78,22,50,60,103,134,1006,-9999,-9999,-9999,-9999,-9999
GHCND:USW00093184,SANTA ANA JOHN WAYNE AIRPORT CA US,20071125,0,-9999,228,100,15,190,170,76,98,1242,-9999,-9999,-9999,-9999,-9999
GHCND:USW00093184,SANTA ANA JOHN WAYNE AIRPORT CA US,20071126,0,-9999,228,106,8,270,270,36,54,1506,-9999,-9999,-9999,-9999,-9999
GHCND:USW00093184,SANTA ANA JOHN WAYNE AIRPORT CA US,20071127,0,-9999,228,100,10,220,220,67,81,1645,-9999,-9999,-9999,-9999,-9999
GHCND:USW00093184,SANTA ANA JOHN WAYNE AIRPORT CA US,20071128,0,-9999,261,106,7,90,90,36,58,1313,-9999,-9999,1,-9999,-9999
GHCND:USW00093184,SANTA ANA JOHN WAYNE AIRPORT CA US,20071129,0,-9999,211,94,7,230,230,54,67,1027,-9999,-9999,1,-9999,-9999
GHCND:USW00093184,SANTA ANA JOHN WAYNE AIRPORT CA US,20071130,297,-9999,172,122,15,240,240,45,63,2215,1,-9999,1,-9999,-9999
GHCND:USW00093184,SANTA ANA JOHN WAYNE AIRPORT CA US,20071201,3,-9999,150,94,26,250,250,72,103,1242,-9999,-9999,-9999,-9999,-9999
GHCND:USW00093184,SANTA ANA JOHN WAYNE AIRPORT CA US,20071202,0,-9999,167,67,12,240,10,40,67,1212,-9999,-9999,-9999,-9999,-9999
GHCND:USW00093184,SANTA ANA JOHN WAYNE AIRPORT CA US,20071203,0,-9999,228,56,9,220,220,36,45,1438,-9999,-9999,-9999,-9999,-9999
GHCND:USW00093184,SANTA ANA JOHN WAYNE AIRPORT CA US,20071204,0,-9999,228,67,6,200,180,40,54,1457,-9999,-9999,1,-9999,-9999
GHCND:USW00093184,SANTA ANA JOHN WAYNE AIRPORT CA US,20071205,0,-9999,239,94,15,210,210,63,72,1437,1,-9999,1,-9999,-9999
GHCND:USW00093184,SANTA ANA JOHN WAYNE AIRPORT CA US,20071206,0,-9999,178,117,34,180,160,67,89,2217,-9999,-9999,-9999,-9999,-9999
GHCND:USW00093184,SANTA ANA JOHN WAYNE AIRPORT CA US,20071207,69,-9999,161,117,37,190,260,81,107,1318,1,-9999,1,-9999,-9999
GHCND:USW00093184,SANTA ANA JOHN WAYNE AIRPORT CA US,20071208,25,-9999,144,83,17,240,250,63,76,1321,-9999,-9999,-9999,-9999,-9999
GHCND:USW00093184,SANTA ANA JOHN WAYNE AIRPORT CA US,20071209,8,-9999,178,72,39,60,80,94,134,843,-9999,-9999,-9999,-9999,-9999
GHCND:USW00093184,SANTA ANA JOHN WAYNE AIRPORT CA US,20071210,0,-9999,183,67,10,260,230,54,72,1339,-9999,-9999,-9999,-9999,-9999
GHCND:USW00093184,SANTA ANA JOHN WAYNE AIRPORT CA US,20071211,0,-9999,183,89,36,60,80,72,112,1322,-9999,-9999,-9999,-9999,-9999
GHCND:USW00093184,SANTA ANA JOHN WAYNE AIRPORT CA US,20071212,0,-9999,189,56,8,260,320,40,63,1235,-9999,-9999,1,-9999,-9999
GHCND:USW00093184,SANTA ANA JOHN WAYNE AIRPORT CA US,20071213,0,-9999,161,56,13,200,210,45,63,1218,-9999,-9999,-9999,-9999,-9999
GHCND:USW00093184,SANTA ANA JOHN WAYNE AIRPORT CA US,20071214,0,-9999,167,50,9,200,220,45,58,1437,-9999,-9999,1,-9999,-9999
GHCND:USW00093184,SANTA ANA JOHN WAYNE AIRPORT CA US,20071215,0,-9999,189,50,7,210,40,40,58,702,1,-9999,1,-9999,-9999
GHCND:USW00093184,SANTA ANA JOHN WAYNE AIRPORT CA US,20071216,0,-9999,183,56,7,210,220,45,54,1422,1,-9999,1,-9999,-9999
GHCND:USW00093184,SANTA ANA JOHN WAYNE AIRPORT CA US,20071217,0,-9999,161,78,8,230,220,40,63,1341,1,-9999,1,-9999,-9999
GHCND:USW00093184,SANTA ANA JOHN WAYNE AIRPORT CA US,20071218,28,-9999,161,94,20,210,200,54,67,1836,1,-9999,-9999,-9999,-9999
GHCND:USW00093184,SANTA ANA JOHN WAYNE AIRPORT CA US,20071219,38,-9999,167,122,19,200,190,58,72,1434,1,-9999,1,-9999,-9999
GHCND:USW00093184,SANTA ANA JOHN WAYNE AIRPORT CA US,20071220,107,-9999,161,106,15,230,120,45,63,1843,1,-9999,1,-9999,-9999
GHCND:USW00093184,SANTA ANA JOHN WAYNE AIRPORT CA US,20071221,0,-9999,183,67,17,40,70,76,116,923,1,-9999,1,-9999,-9999
GHCND:USW00093184,SANTA ANA JOHN WAYNE AIRPORT CA US,20071222,0,-9999,200,50,12,30,40,89,116,327,-9999,-9999,-9999,-9999,-9999
GHCND:USW00093184,SANTA ANA JOHN WAYNE AIRPORT CA US,20071223,0,-9999,239,56,13,200,60,54,67,1908,-9999,-9999,-9999,-9999,-9999
GHCND:USW00093184,SANTA ANA JOHN WAYNE AIRPORT CA US,20071224,0,-9999,228,78,9,200,210,40,54,1357,-9999,-9999,-9999,-9999,-9999
GHCND:USW00093184,SANTA ANA JOHN WAYNE AIRPORT CA US,20071225,0,-9999,217,78,49,60,60,139,201,705,-9999,-9999,-9999,-9999,-9999
GHCND:USW00093184,SANTA ANA JOHN WAYNE AIRPORT CA US,20071226,0,-9999,156,56,20,340,340,67,98,1951,-9999,-9999,-9999,-9999,-9999
GHCND:USW00093184,SANTA ANA JOHN WAYNE AIRPORT CA US,20071227,0,-9999,150,33,21,30,20,98,134,1111,-9999,-9999,1,-9999,-9999
GHCND:USW00093184,SANTA ANA JOHN WAYNE AIRPORT CA US,20071228,0,-9999,139,56,11,220,220,45,67,1314,-9999,-9999,-9999,-9999,-9999
GHCND:USW00093184,SANTA ANA JOHN WAYNE AIRPORT CA US,20071229,0,-9999,139,83,9,210,200,40,63,1559,-9999,-9999,1,-9999,-9999
GHCND:USW00093184,SANTA ANA JOHN WAYNE AIRPORT CA US,20071230,0,-9999,150,56,8,210,210,40,58,1446,1,-9999,1,-9999,-9999
GHCND:USW00093184,SANTA ANA JOHN WAYNE AIRPORT CA US,20071231,0,-9999,228,56,17,70,50,72,103,1825,1,1,1,-9999,-9999
GHCND:USW00093184,SANTA ANA JOHN WAYNE AIRPORT CA US,20080101,0,-9999,244,72,3,50,90,36,54,1846,-9999,-9999,-9999,-9999,-9999
GHCND:USW00093184,SANTA ANA JOHN WAYNE AIRPORT CA US,20080102,0,-9999,222,94,8,210,200,58,63,1419,-9999,-9999,-9999,-9999,-9999
GHCND:USW00093184,SANTA ANA JOHN WAYNE AIRPORT CA US,20080103,0,-9999,189,94,16,170,180,63,89,1748,-9999,-9999,-9999,-9999,-9999
GHCND:USW00093184,SANTA ANA JOHN WAYNE AIRPORT CA US,20080104,89,-9999,161,122,46,180,190,112,157,2332,1,-9999,1,-9999,-9999
GHCND:USW00093184,SANTA ANA JOHN WAYNE AIRPORT CA US,20080105,180,-9999,228,122,24,180,180,116,165,33,1,-9999,-9999,-9999,-9999
GHCND:USW00093184,SANTA ANA JOHN WAYNE AIRPORT CA US,20080106,102,-9999,144,94,29,180,190,63,89,147,1,-9999,-9999,-9999,-9999
GHCND:USW00093184,SANTA ANA JOHN WAYNE AIRPORT CA US,20080107,0,-9999,161,83,9,220,100,40,58,2230,-9999,-9999,-9999,-9999,-9999
GHCND:USW00093184,SANTA ANA JOHN WAYNE AIRPORT CA US,20080108,0,-9999,150,72,8,180,200,40,58,1413,-9999,-9999,1,-9999,-9999
GHCND:USW00093184,SANTA ANA JOHN WAYNE AIRPORT CA US,20080109,3,-9999,156,72,6,210,200,45,58,1608,1,-9999,1,-9999,-9999
GHCND:USW00093184,SANTA ANA JOHN WAYNE AIRPORT CA US,20080110,0,-9999,167,72,9,210,210,40,58,1511,1,-9999,1,-9999,-9999
GHCND:USW00093184,SANTA ANA JOHN WAYNE AIRPORT CA US,20080111,3,-9999,194,72,7,210,240,45,54,1505,1,-9999,1,-9999,-9999
GHCND:USW00093184,SANTA ANA JOHN WAYNE AIRPORT CA US,20080112,3,-9999,194,83,10,200,210,40,54,1539,1,1,1,-9999,-9999
GHCND:USW00093184,SANTA ANA JOHN WAYNE AIRPORT CA US,20080113,3,-9999,267,72,23,50,50,94,125,1048,1,-9999,1,-9999,-9999
GHCND:USW00093184,SANTA ANA JOHN WAYNE AIRPORT CA US,20080114,0,-9999,250,100,25,90,100,76,130,833,-9999,-9999,-9999,-9999,-9999
GHCND:USW00093184,SANTA ANA JOHN WAYNE AIRPORT CA US,20080115,0,-9999,189,67,13,220,220,58,72,1513,-9999,-9999,-9999,-9999,-9999
GHCND:USW00093184,SANTA ANA JOHN WAYNE AIRPORT CA US,20080116,0,-9999,206,61,31,60,50,170,219,2216,1,1,1,-9999,-9999
GHCND:USW00093184,SANTA ANA JOHN WAYNE AIRPORT CA US,20080117,0,-9999,217,83,35,50,50,116,174,102,-9999,-9999,-9999,-9999,-9999
GHCND:USW00093184,SANTA ANA JOHN WAYNE AIRPORT CA US,20080118,0,-9999,167,50,13,200,200,63,72,1355,-9999,-9999,-9999,-9999,-9999
GHCND:USW00093184,SANTA ANA JOHN WAYNE AIRPORT CA US,20080119,0,-9999,194,39,9,220,220,40,58,1327,-9999,-9999,-9999,-9999,-9999
GHCND:USW00093184,SANTA ANA JOHN WAYNE AIRPORT CA US,20080120,0,-9999,156,50,22,220,190,54,63,1751,-9999,-9999,-9999,-9999,-9999
GHCND:USW00093184,SANTA ANA JOHN WAYNE AIRPORT CA US,20080121,18,-9999,133,83,23,240,250,63,76,940,1,-9999,-9999,-9999,-9999
GHCND:USW00093184,SANTA ANA JOHN WAYNE AIRPORT CA US,20080122,15,-9999,161,83,18,210,210,58,67,1312,-9999,-9999,-9999,-9999,-9999
GHCND:USW00093184,SANTA ANA JOHN WAYNE AIRPORT CA US,20080123,183,-9999,161,67,26,170,180,76,103,1348,1,-9999,-9999,-9999,-9999
GHCND:USW00093184,SANTA ANA JOHN WAYNE AIRPORT CA US,20080124,36,-9999,139,72,37,200,190,98,130,1508,-9999,-9999,-9999,-9999,-9999
GHCND:USW00093184,SANTA ANA JOHN WAYNE AIRPORT CA US,20080125,25,-9999,156,89,36,170,150,89,107,132,-9999,-9999,-9999,-9999,-9999
GHCND:USW00093184,SANTA ANA JOHN WAYNE AIRPORT CA US,20080126,43,-9999,200,67,17,180,190,58,72,2039,1,-9999,-9999,-9999,-9999
GHCND:USW00093184,SANTA ANA JOHN WAYNE AIRPORT CA US,20080127,53,-9999,167,111,60,160,150,134,179,1431,1,-9999,1,-9999,-9999
GHCND:USW00093184,SANTA ANA JOHN WAYNE AIRPORT CA US,20080128,114,-9999,139,100,30,210,210,81,103,430,1,-9999,1,-9999,-9999
GHCND:USW00093184,SANTA ANA JOHN WAYNE AIRPORT CA US,20080129,0,-9999,144,89,20,210,210,63,72,1446,-9999,-9999,-9999,-9999,-9999
GHCND:USW00093184,SANTA ANA JOHN WAYNE AIRPORT CA US,20080130,0,-9999,167,72,9,230,250,58,89,1510,-9999,-9999,-9999,-9999,-9999
GHCND:USW00093184,SANTA ANA JOHN WAYNE AIRPORT CA US,20080131,0,-9999,172,56,8,230,220,45,63,1449,-9999,-9999,-9999,-9999,-9999
GHCND:USW00093184,SANTA ANA JOHN WAYNE AIRPORT CA US,20080201,0,-9999,150,56,19,190,190,63,76,1528,-9999,-9999,-9999,-9999,-9999
GHCND:USW00093184,SANTA ANA JOHN WAYNE AIRPORT CA US,20080202,0,-9999,150,72,12,220,210,54,67,1305,-9999,-9999,-9999,-9999,-9999
GHCND:USW00093184,SANTA ANA JOHN WAYNE AIRPORT CA US,20080203,109,-9999,139,94,37,270,230,72,103,1603,1,-9999,1,-9999,-9999
GHCND:USW00093184,SANTA ANA JOHN WAYNE AIRPORT CA US,20080204,0,-9999,161,61,10,210,30,63,94,1228,-9999,-9999,-9999,-9999,-9999
GHCND:USW00093184,SANTA ANA JOHN WAYNE AIRPORT CA US,20080205,0,-9999,172,50,15,210,150,67,89,1241,-9999,-9999,-9999,-9999,-9999
GHCND:USW00093184,SANTA ANA JOHN WAYNE AIRPORT CA US,20080206,0,-9999,150,50,14,210,210,58,72,1431,-9999,-9999,-9999,-9999,-9999
GHCND:USW00093184,SANTA ANA JOHN WAYNE AIRPORT CA US,20080207,0,-9999,200,56,8,230,230,36,54,1325,-9999,-9999,1,-9999,-9999
GHCND:USW00093184,SANTA ANA JOHN WAYNE AIRPORT CA US,20080208,0,-9999,228,67,9,200,200,54,63,1343,-9999,-9999,1,-9999,-9999
GHCND:USW00093184,SANTA ANA JOHN WAYNE AIRPORT CA US,20080209,0,-9999,250,78,10,210,230,45,58,1541,-9999,-9999,1,-9999,-9999
GHCND:USW00093184,SANTA ANA JOHN WAYNE AIRPORT CA US,20080210,0,-9999,228,83,10,200,210,40,54,1402,-9999,-9999,1,-9999,-9999
GHCND:USW00093184,SANTA ANA JOHN WAYNE AIRPORT CA US,20080211,0,-9999,228,83,9,210,210,40,58,1357,-9999,-9999,1,-9999,-9999
GHCND:USW00093184,SANTA ANA JOHN WAYNE AIRPORT CA US,20080212,0,-9999,228,94,13,220,210,54,67,1157,1,-9999,1,-9999,-9999
GHCND:USW00093184,SANTA ANA JOHN WAYNE AIRPORT CA US,20080213,3,-9999,156,94,28,200,200,94,107,1248,1,1,1,-9999,-9999
GHCND:USW00093184,SANTA ANA JOHN WAYNE AIRPORT CA US,20080214,25,-9999,167,78,29,50,50,103,157,1440,1,-9999,-9999,-9999,-9999
GHCND:USW00093184,SANTA ANA JOHN WAYNE AIRPORT CA US,20080215,0,-9999,178,56,29,40,80,89,116,708,-9999,-9999,-9999,-9999,-9999
GHCND:USW00093184,SANTA ANA JOHN WAYNE AIRPORT CA US,20080216,0,-9999,178,61,17,210,200,76,98,1318,-9999,-9999,-9999,-9999,-9999
GHCND:USW00093184,SANTA ANA JOHN WAYNE AIRPORT CA US,20080217,0,-9999,161,83,13,230,220,54,76,1224,1,-9999,1,-9999,-9999
GHCND:USW00093184,SANTA ANA JOHN WAYNE AIRPORT CA US,20080218,0,-9999,167,89,15,220,210,54,76,1406,-9999,-9999,1,-9999,-9999
GHCND:USW00093184,SANTA ANA JOHN WAYNE AIRPORT CA US,20080219,0,-9999,150,122,11,200,220,54,58,1435,-9999,-9999,1,-9999,-9999
GHCND:USW00093184,SANTA ANA JOHN WAYNE AIRPORT CA US,20080220,23,-9999,150,111,23,250,240,72,98,1753,1,-9999,1,-9999,-9999
GHCND:USW00093184,SANTA ANA JOHN WAYNE AIRPORT CA US,20080221,48,-9999,161,106,28,210,210,76,98,1450,1,-9999,-9999,-9999,-9999
GHCND:USW00093184,SANTA ANA JOHN WAYNE AIRPORT CA US,20080222,150,-9999,156,100,30,270,260,76,103,1539,1,-9999,-9999,-9999,-9999
GHCND:USW00093184,SANTA ANA JOHN WAYNE AIRPORT CA US,20080223,3,-9999,156,67,16,210,100,72,89,2138,-9999,-9999,-9999,-9999,-9999
GHCND:USW00093184,SANTA ANA JOHN WAYNE AIRPORT CA US,20080224,112,-9999,161,100,21,160,160,72,94,129,1,-9999,1,-9999,-9999
GHCND:USW00093184,SANTA ANA JOHN WAYNE AIRPORT CA US,20080225,3,-9999,189,94,8,220,250,45,72,1342,1,-9999,1,-9999,-9999
GHCND:USW00093184,SANTA ANA JOHN WAYNE AIRPORT CA US,20080226,0,-9999,250,78,10,200,210,45,58,1238,-9999,-9999,-9999,-9999,-9999
GHCND:USW00093184,SANTA ANA JOHN WAYNE AIRPORT CA US,20080227,0,-9999,256,100,12,220,230,54,67,1504,-9999,-9999,-9999,-9999,-9999
GHCND:USW00093184,SANTA ANA JOHN WAYNE AIRPORT CA US,20080228,0,-9999,206,94,25,220,220,76,94,1505,1,-9999,1,-9999,-9999
GHCND:USW00093184,SANTA ANA JOHN WAYNE AIRPORT CA US,20080229,0,-9999,161,122,17,220,210,63,72,1703,1,-9999,1,-9999,-9999
GHCND:USW00093184,SANTA ANA JOHN WAYNE AIRPORT CA US,20080301,0,-9999,144,117,21,230,290,40,63,849,1,-9999,1,-9999,-9999
GHCND:USW00093184,SANTA ANA JOHN WAYNE AIRPORT CA US,20080302,0,-9999,239,89,51,70,70,134,179,1443,1,-9999,1,-9999,-9999
GHCND:USW00093184,SANTA ANA JOHN WAYNE AIRPORT CA US,20080303,0,-9999,250,122,37,20,80,67,81,1431,-9999,-9999,-9999,-9999,-9999
GHCND:USW00093184,SANTA ANA JOHN WAYNE AIRPORT CA US,20080304,0,-9999,200,78,20,220,220,63,76,1325,-9999,-9999,-9999,-9999,-9999
GHCND:USW00093184,SANTA ANA JOHN WAYNE AIRPORT CA US,20080305,0,-9999,178,100,24,210,200,58,72,1309,-9999,-9999,1,-9999,-9999
GHCND:USW00093184,SANTA ANA JOHN WAYNE AIRPORT CA US,20080306,0,-9999,211,144,-9999,230,220,54,72,1415,1,-9999,1,-9999,-9999
GHCND:USW00093184,SANTA ANA JOHN WAYNE AIRPORT CA US,20080307,0,-9999,239,83,8,210,200,54,67,1504,-9999,-9999,-9999,-9999,-9999
GHCND:USW00093184,SANTA ANA JOHN WAYNE AIRPORT CA US,20080308,0,-9999,194,94,21,210,200,67,81,1307,-9999,-9999,-9999,-9999,-9999
GHCND:USW00093184,SANTA ANA JOHN WAYNE AIRPORT CA US,20080309,0,-9999,267,100,15,230,240,58,76,1430,1,-9999,1,-9999,-9999
GHCND:USW00093184,SANTA ANA JOHN WAYNE AIRPORT CA US,20080310,0,-9999,261,111,11,230,220,63,81,1326,-9999,-9999,-9999,-9999,-9999
GHCND:USW00093184,SANTA ANA JOHN WAYNE AIRPORT CA US,20080311,0,-9999,233,122,15,210,240,54,63,1603,1,-9999,-9999,-9999,-9999
GHCND:USW00093184,SANTA ANA JOHN WAYNE AIRPORT CA US,20080312,0,-9999,200,117,18,220,220,54,72,1338,1,-9999,1,-9999,-9999
GHCND:USW00093184,SANTA ANA JOHN WAYNE AIRPORT CA US,20080313,0,-9999,194,122,26,220,210,76,103,1313,1,-9999,1,-9999,-9999
GHCND:USW00093184,SANTA ANA JOHN WAYNE AIRPORT CA US,20080314,0,-9999,178,122,30,230,220,58,81,1256,1,-9999,1,-9999,-9999
GHCND:USW00093184,SANTA ANA JOHN WAYNE AIRPORT CA US,20080315,0,-9999,161,-110,34,260,280,89,143,1524,-9999,-9999,-9999,-9999,-9999
GHCND:USW00093184,SANTA ANA JOHN WAYNE AIRPORT CA US,20080316,0,-9999,206,78,19,230,250,89,161,1643,-9999,-9999,-9999,-9999,-9999
GHCND:USW00093184,SANTA ANA JOHN WAYNE AIRPORT CA US,20080317,3,-9999,206,72,18,260,250,72,98,1525,-9999,-9999,1,-9999,-9999
GHCND:USW00093184,SANTA ANA JOHN WAYNE AIRPORT CA US,20080318,0,-9999,200,83,20,220,220,63,81,1337,1,-9999,-9999,-9999,-9999
GHCND:USW00093184,SANTA ANA JOHN WAYNE AIRPORT CA US,20080319,0,-9999,183,94,18,220,210,54,72,1338,1,-9999,1,-9999,-9999
GHCND:USW00093184,SANTA ANA JOHN WAYNE AIRPORT CA US,20080320,0,-9999,183,106,17,210,210,54,72,1541,1,-9999,1,-9999,-9999
GHCND:USW00093184,SANTA ANA JOHN WAYNE AIRPORT CA US,20080321,3,-9999,244,100,12,220,220,40,58,1539,1,-9999,1,-9999,-9999
GHCND:USW00093184,SANTA ANA JOHN WAYNE AIRPORT CA US,20080322,0,-9999,267,106,15,230,220,58,94,1413,-9999,-9999,-9999,-9999,-9999
GHCND:USW00093184,SANTA ANA JOHN WAYNE AIRPORT CA US,20080323,0,-9999,311,117,13,220,220,63,72,1433,-9999,-9999,-9999,-9999,-9999
GHCND:USW00093184,SANTA ANA JOHN WAYNE AIRPORT CA US,20080324,0,-9999,278,122,20,200,210,63,72,1429,-9999,-9999,-9999,-9999,-9999
GHCND:USW00093184,SANTA ANA JOHN WAYNE AIRPORT CA US,20080325,0,-9999,206,122,21,200,200,63,72,1515,1,-9999,1,-9999,-9999
GHCND:USW00093184,SANTA ANA JOHN WAYNE AIRPORT CA US,20080326,0,-9999,200,122,21,220,230,63,98,1222,1,-9999,1,-9999,-9999
GHCND:USW00093184,SANTA ANA JOHN WAYNE AIRPORT CA US,20080327,0,-9999,206,128,21,200,220,63,81,1255,1,-9999,1,-9999,-9999
GHCND:USW00093184,SANTA ANA JOHN WAYNE AIRPORT CA US,20080328,0,-9999,189,111,24,190,220,67,81,1300,1,-9999,-9999,-9999,-9999
GHCND:USW00093184,SANTA ANA JOHN WAYNE AIRPORT CA US,20080329,0,-9999,194,117,29,210,210,67,89,1306,1,-9999,-9999,-9999,-9999
GHCND:USW00093184,SANTA ANA JOHN WAYNE AIRPORT CA US,20080330,15,-9999,161,106,26,210,230,63,94,1303,1,-9999,-9999,-9999,-9999
GHCND:USW00093184,SANTA ANA JOHN WAYNE AIRPORT CA US,20080331,0,-9999,172,100,25,200,330,63,112,803,-9999,-9999,-9999,-9999,-9999
GHCND:USW00093184,SANTA ANA JOHN WAYNE AIRPORT CA US,20080401,0,-9999,172,94,-9999,-9999,-9999,-9999,-9999,-9999,-9999,-9999,-9999,-9999,-9999
GHCND:USW00093184,SANTA ANA JOHN WAYNE AIRPORT CA US,20080402,0,-9999,183,111,-9999,-9999,-9999,-9999,-9999,-9999,-9999,-9999,-9999,-9999,-9999
GHCND:USW00093184,SANTA ANA JOHN WAYNE AIRPORT CA US,20080403,5,-9999,194,128,-9999,-9999,-9999,-9999,-9999,-9999,-9999,-9999,-9999,-9999,-9999
GHCND:USW00093184,SANTA ANA JOHN WAYNE AIRPORT CA US,20080404,0,-9999,194,128,-9999,-9999,-9999,-9999,-9999,-9999,-9999,-9999,-9999,-9999,-9999
GHCND:USW00093184,SANTA ANA JOHN WAYNE AIRPORT CA US,20080405,0,-9999,189,133,-9999,-9999,-9999,-9999,-9999,-9999,-9999,-9999,-9999,-9999,-9999
GHCND:USW00093184,SANTA ANA JOHN WAYNE AIRPORT CA US,20080406,0,-9999,189,122,-9999,-9999,-9999,-9999,-9999,-9999,-9999,-9999,-9999,-9999,-9999
GHCND:USW00093184,SANTA ANA JOHN WAYNE AIRPORT CA US,20080407,0,-9999,194,111,-9999,-9999,-9999,-9999,-9999,-9999,-9999,-9999,-9999,-9999,-9999
GHCND:USW00093184,SANTA ANA JOHN WAYNE AIRPORT CA US,20080408,0,-9999,178,122,-9999,-9999,-9999,-9999,-9999,-9999,-9999,-9999,-9999,-9999,-9999
GHCND:USW00093184,SANTA ANA JOHN WAYNE AIRPORT CA US,20080409,0,-9999,183,100,-9999,-9999,-9999,-9999,-9999,-9999,-9999,-9999,-9999,-9999,-9999
GHCND:USW00093184,SANTA ANA JOHN WAYNE AIRPORT CA US,20080410,0,-9999,217,94,-9999,-9999,-9999,-9999,-9999,-9999,-9999,-9999,-9999,-9999,-9999
GHCND:USW00093184,SANTA ANA JOHN WAYNE AIRPORT CA US,20080411,0,-9999,283,111,-9999,-9999,-9999,-9999,-9999,-9999,-9999,-9999,-9999,-9999,-9999
GHCND:USW00093184,SANTA ANA JOHN WAYNE AIRPORT CA US,20080412,0,-9999,361,128,-9999,-9999,-9999,-9999,-9999,-9999,-9999,-9999,-9999,-9999,-9999
GHCND:USW00093184,SANTA ANA JOHN WAYNE AIRPORT CA US,20080413,0,-9999,344,144,-9999,-9999,-9999,-9999,-9999,-9999,-9999,-9999,-9999,-9999,-9999
GHCND:USW00093184,SANTA ANA JOHN WAYNE AIRPORT CA US,20080414,0,-9999,239,139,-9999,-9999,-9999,-9999,-9999,-9999,-9999,-9999,-9999,-9999,-9999
GHCND:USW00093184,SANTA ANA JOHN WAYNE AIRPORT CA US,20080415,0,-9999,194,128,-9999,-9999,-9999,-9999,-9999,-9999,-9999,-9999,-9999,-9999,-9999
GHCND:USW00093184,SANTA ANA JOHN WAYNE AIRPORT CA US,20080416,0,-9999,200,122,-9999,-9999,-9999,-9999,-9999,-9999,-9999,-9999,-9999,-9999,-9999
GHCND:USW00093184,SANTA ANA JOHN WAYNE AIRPORT CA US,20080417,0,-9999,267,111,-9999,-9999,-9999,-9999,-9999,-9999,-9999,-9999,-9999,-9999,-9999
GHCND:USW00093184,SANTA ANA JOHN WAYNE AIRPORT CA US,20080418,0,-9999,250,122,-9999,-9999,-9999,-9999,-9999,-9999,-9999,-9999,-9999,-9999,-9999
GHCND:USW00093184,SANTA ANA JOHN WAYNE AIRPORT CA US,20080419,0,-9999,172,122,-9999,-9999,-9999,-9999,-9999,-9999,-9999,-9999,-9999,-9999,-9999
GHCND:USW00093184,SANTA ANA JOHN WAYNE AIRPORT CA US,20080420,0,-9999,189,117,-9999,-9999,-9999,-9999,-9999,-9999,-9999,-9999,-9999,-9999,-9999
GHCND:USW00093184,SANTA ANA JOHN WAYNE AIRPORT CA US,20080421,0,-9999,189,94,-9999,-9999,-9999,-9999,-9999,-9999,-9999,-9999,-9999,-9999,-9999
GHCND:USW00093184,SANTA ANA JOHN WAYNE AIRPORT CA US,20080422,0,-9999,200,106,-9999,-9999,-9999,-9999,-9999,-9999,-9999,-9999,-9999,-9999,-9999
GHCND:USW00093184,SANTA ANA JOHN WAYNE AIRPORT CA US,20080423,0,-9999,194,106,-9999,-9999,-9999,-9999,-9999,-9999,-9999,-9999,-9999,-9999,-9999
GHCND:USW00093184,SANTA ANA JOHN WAYNE AIRPORT CA US,20080429,0,-9999,222,150,-9999,-9999,-9999,-9999,-9999,-9999,-9999,-9999,-9999,-9999,-9999
GHCND:USW00093184,SANTA ANA JOHN WAYNE AIRPORT CA US,20080430,0,-9999,206,144,-9999,-9999,-9999,-9999,-9999,-9999,-9999,-9999,-9999,-9999,-9999
GHCND:USW00093184,SANTA ANA JOHN WAYNE AIRPORT CA US,20080501,0,-9999,217,133,24,220,200,67,98,1137,-9999,-9999,1,-9999,-9999
GHCND:USW00093184,SANTA ANA JOHN WAYNE AIRPORT CA US,20080502,0,-9999,261,133,17,250,280,58,72,1707,-9999,-9999,-9999,-9999,-9999
GHCND:USW00093184,SANTA ANA JOHN WAYNE AIRPORT CA US,20080503,0,-9999,250,139,27,220,230,72,89,1522,-9999,-9999,1,-9999,-9999
GHCND:USW00093184,SANTA ANA JOHN WAYNE AIRPORT CA US,20080504,0,-9999,194,144,41,200,200,76,103,1656,-9999,-9999,-9999,-9999,-9999
GHCND:USW00093184,SANTA ANA JOHN WAYNE AIRPORT CA US,20080505,0,-9999,183,133,28,210,210,63,94,1220,-9999,-9999,1,-9999,-9999
GHCND:USW00093184,SANTA ANA JOHN WAYNE AIRPORT CA US,20080506,0,-9999,178,144,29,200,200,63,89,1344,-9999,-9999,-9999,-9999,-9999
GHCND:USW00093184,SANTA ANA JOHN WAYNE AIRPORT CA US,20080507,10,-9999,178,133,20,210,210,45,63,1428,1,-9999,1,-9999,-9999
GHCND:USW00093184,SANTA ANA JOHN WAYNE AIRPORT CA US,20080508,0,-9999,206,139,17,210,220,58,81,1521,-9999,-9999,1,-9999,-9999
GHCND:USW00093184,SANTA ANA JOHN WAYNE AIRPORT CA US,20080509,0,-9999,189,144,26,220,220,58,76,1555,1,-9999,1,-9999,-9999
GHCND:USW00093184,SANTA ANA JOHN WAYNE AIRPORT CA US,20080510,0,-9999,211,139,22,220,210,58,72,1414,-9999,-9999,-9999,-9999,-9999
GHCND:USW00093184,SANTA ANA JOHN WAYNE AIRPORT CA US,20080511,0,-9999,206,139,16,220,220,58,76,1438,1,-9999,1,-9999,-9999
GHCND:USW00093184,SANTA ANA JOHN WAYNE AIRPORT CA US,20080512,5,-9999,172,133,28,190,170,58,72,1627,1,-9999,1,-9999,-9999
GHCND:USW00093184,SANTA ANA JOHN WAYNE AIRPORT CA US,20080513,0,-9999,222,128,26,230,210,67,89,1106,-9999,-9999,-9999,-9999,-9999
GHCND:USW00093184,SANTA ANA JOHN WAYNE AIRPORT CA US,20080514,0,-9999,250,133,21,200,220,58,76,1411,1,-9999,1,-9999,-9999
GHCND:USW00093184,SANTA ANA JOHN WAYNE AIRPORT CA US,20080515,0,-9999,250,156,21,220,200,63,81,1252,1,-9999,1,-9999,-9999
GHCND:USW00093184,SANTA ANA JOHN WAYNE AIRPORT CA US,20080516,0,-9999,339,167,21,250,260,67,89,1622,1,-9999,1,-9999,-9999
GHCND:USW00093184,SANTA ANA JOHN WAYNE AIRPORT CA US,20080517,0,-9999,322,178,21,210,210,67,81,1151,-9999,-9999,-9999,-9999,-9999
GHCND:USW00093184,SANTA ANA JOHN WAYNE AIRPORT CA US,20080518,0,-9999,306,189,21,200,210,67,81,1244,-9999,-9999,-9999,-9999,-9999
GHCND:USW00093184,SANTA ANA JOHN WAYNE AIRPORT CA US,20080519,0,-9999,283,172,27,210,220,67,81,1529,-9999,-9999,-9999,-9999,-9999
GHCND:USW00093184,SANTA ANA JOHN WAYNE AIRPORT CA US,20080520,0,-9999,211,167,30,210,210,76,107,1444,1,-9999,1,-9999,-9999
GHCND:USW00093184,SANTA ANA JOHN WAYNE AIRPORT CA US,20080521,0,-9999,222,161,37,190,200,76,103,1222,1,-9999,1,-9999,-9999
GHCND:USW00093184,SANTA ANA JOHN WAYNE AIRPORT CA US,20080522,0,-9999,211,144,40,210,200,94,130,1326,1,-9999,1,1,-9999
GHCND:USW00093184,SANTA ANA JOHN WAYNE AIRPORT CA US,20080523,8,-9999,178,122,45,190,150,103,139,1000,1,-9999,1,-9999,-9999
GHCND:USW00093184,SANTA ANA JOHN WAYNE AIRPORT CA US,20080524,5,-9999,189,117,29,190,200,89,103,1233,1,-9999,-9999,-9999,-9999
GHCND:USW00093184,SANTA ANA JOHN WAYNE AIRPORT CA US,20080525,0,-9999,194,106,21,220,220,63,94,1504,-9999,-9999,-9999,-9999,-9999
GHCND:USW00093184,SANTA ANA JOHN WAYNE AIRPORT CA US,20080526,0,-9999,200,133,24,210,210,58,89,1136,-9999,-9999,-9999,-9999,-9999
GHCND:USW00093184,SANTA ANA JOHN WAYNE AIRPORT CA US,20080527,0,-9999,211,122,23,220,240,63,89,1522,-9999,-9999,-9999,-9999,-9999
GHCND:USW00093184,SANTA ANA JOHN WAYNE AIRPORT CA US,20080528,0,-9999,217,128,21,200,200,63,98,1322,-9999,-9999,-9999,-9999,-9999
GHCND:USW00093184,SANTA ANA JOHN WAYNE AIRPORT CA US,20080529,0,-9999,228,133,20,230,230,63,76,1452,-9999,-9999,-9999,-9999,-9999
GHCND:USW00093184,SANTA ANA JOHN WAYNE AIRPORT CA US,20080530,0,-9999,233,133,21,220,220,67,76,1335,-9999,-9999,-9999,-9999,-9999
GHCND:USW00093184,SANTA ANA JOHN WAYNE AIRPORT CA US,20080531,0,-9999,222,150,20,200,200,63,98,1218,-9999,-9999,-9999,-9999,-9999
GHCND:USW00093184,SANTA ANA JOHN WAYNE AIRPORT CA US,20080601,0,-9999,222,144,20,210,220,63,76,1421,-9999,-9999,-9999,-9999,-9999
GHCND:USW00093184,SANTA ANA JOHN WAYNE AIRPORT CA US,20080602,0,-9999,217,144,29,230,230,67,94,1353,-9999,-9999,-9999,-9999,-9999
GHCND:USW00093184,SANTA ANA JOHN WAYNE AIRPORT CA US,20080603,0,-9999,211,150,34,210,230,63,81,1634,-9999,-9999,-9999,-9999,-9999
GHCND:USW00093184,SANTA ANA JOHN WAYNE AIRPORT CA US,20080604,0,-9999,211,150,29,210,210,58,89,1425,-9999,-9999,-9999,-9999,-9999
GHCND:USW00093184,SANTA ANA JOHN WAYNE AIRPORT CA US,20080605,0,-9999,228,144,21,230,220,54,76,1559,-9999,-9999,-9999,-9999,-9999
GHCND:USW00093184,SANTA ANA JOHN WAYNE AIRPORT CA US,20080606,0,-9999,250,156,24,210,210,63,76,1400,1,-9999,1,-9999,-9999
GHCND:USW00093184,SANTA ANA JOHN WAYNE AIRPORT CA US,20080607,0,-9999,222,161,31,220,220,72,89,1309,-9999,-9999,-9999,-9999,-9999
GHCND:USW00093184,SANTA ANA JOHN WAYNE AIRPORT CA US,20080608,0,-9999,233,167,25,200,230,58,81,1325,-9999,-9999,1,-9999,-9999
GHCND:USW00093184,SANTA ANA JOHN WAYNE AIRPORT CA US,20080609,0,-9999,233,167,23,200,200,67,81,1656,1,-9999,1,-9999,-9999
GHCND:USW00093184,SANTA ANA JOHN WAYNE AIRPORT CA US,20080610,0,-9999,217,161,30,220,200,72,94,1459,1,-9999,1,-9999,-9999
GHCND:USW00093184,SANTA ANA JOHN WAYNE AIRPORT CA US,20080611,0,-9999,228,161,28,210,220,67,98,1523,-9999,-9999,-9999,-9999,-9999
GHCND:USW00093184,SANTA ANA JOHN WAYNE AIRPORT CA US,20080612,0,-9999,228,167,25,200,200,72,89,1329,-9999,-9999,1,-9999,-9999
GHCND:USW00093184,SANTA ANA JOHN WAYNE AIRPORT CA US,20080613,0,-9999,239,167,20,210,230,58,81,1245,-9999,-9999,1,-9999,-9999
GHCND:USW00093184,SANTA ANA JOHN WAYNE AIRPORT CA US,20080614,0,-9999,244,156,17,220,220,54,67,1545,1,-9999,1,-9999,-9999
GHCND:USW00093184,SANTA ANA JOHN WAYNE AIRPORT CA US,20080615,0,-9999,256,150,21,220,220,54,67,1627,1,-9999,1,-9999,-9999
GHCND:USW00093184,SANTA ANA JOHN WAYNE AIRPORT CA US,20080616,0,-9999,267,167,25,210,210,72,94,1232,1,-9999,1,-9999,-9999
GHCND:USW00093184,SANTA ANA JOHN WAYNE AIRPORT CA US,20080617,0,-9999,272,172,23,220,200,63,76,1326,1,-9999,1,-9999,-9999
GHCND:USW00093184,SANTA ANA JOHN WAYNE AIRPORT CA US,20080618,0,-9999,306,172,20,210,210,67,81,1622,1,-9999,1,-9999,-9999
GHCND:USW00093184,SANTA ANA JOHN WAYNE AIRPORT CA US,20080619,0,-9999,300,178,26,210,220,81,98,1710,1,-9999,1,-9999,-9999
GHCND:USW00093184,SANTA ANA JOHN WAYNE AIRPORT CA US,20080620,0,-9999,344,183,19,210,210,58,72,1217,1,1,1,-9999,-9999
GHCND:USW00093184,SANTA ANA JOHN WAYNE AIRPORT CA US,20080621,0,-9999,350,217,20,220,210,63,76,1133,-9999,-9999,-9999,-9999,-9999
GHCND:USW00093184,SANTA ANA JOHN WAYNE AIRPORT CA US,20080622,0,-9999,322,200,27,200,200,72,81,1326,1,-9999,-9999,-9999,-9999
GHCND:USW00093184,SANTA ANA JOHN WAYNE AIRPORT CA US,20080623,0,-9999,278,189,28,220,210,63,89,1317,1,-9999,1,-9999,-9999
GHCND:USW00093184,SANTA ANA JOHN WAYNE AIRPORT CA US,20080624,0,-9999,239,178,30,210,200,63,89,1152,1,-9999,1,-9999,-9999
GHCND:USW00093184,SANTA ANA JOHN WAYNE AIRPORT CA US,20080625,0,-9999,239,178,30,190,190,63,98,1343,-9999,-9999,1,-9999,-9999
GHCND:USW00093184,SANTA ANA JOHN WAYNE AIRPORT CA US,20080626,0,-9999,239,178,29,190,200,125,157,807,-9999,-9999,1,-9999,-9999
GHCND:USW00093184,SANTA ANA JOHN WAYNE AIRPORT CA US,20080627,0,-9999,233,178,25,210,210,63,81,1436,-9999,-9999,1,-9999,-9999
GHCND:USW00093184,SANTA ANA JOHN WAYNE AIRPORT CA US,20080628,0,-9999,322,178,17,220,220,54,67,1504,1,-9999,1,-9999,-9999
GHCND:USW00093184,SANTA ANA JOHN WAYNE AIRPORT CA US,20080629,0,-9999,267,172,18,220,310,45,72,1511,-9999,-9999,1,-9999,-9999
GHCND:USW00093184,SANTA ANA JOHN WAYNE AIRPORT CA US,20080630,0,-9999,283,172,21,230,220,45,67,1340,-9999,-9999,1,-9999,-9999
GHCND:USW00093184,SANTA ANA JOHN WAYNE AIRPORT CA US,20080701,0,-9999,256,178,24,220,260,54,72,1116,1,-9999,-9999,-9999,-9999
GHCND:USW00093184,SANTA ANA JOHN WAYNE AIRPORT CA US,20080702,0,-9999,272,172,23,220,220,54,72,1534,1,-9999,1,-9999,-9999
GHCND:USW00093184,SANTA ANA JOHN WAYNE AIRPORT CA US,20080703,0,-9999,250,172,22,220,200,76,94,1224,1,-9999,1,-9999,-9999
GHCND:USW00093184,SANTA ANA JOHN WAYNE AIRPORT CA US,20080704,0,-9999,294,172,22,220,230,63,89,1309,1,1,1,-9999,-9999
GHCND:USW00093184,SANTA ANA JOHN WAYNE AIRPORT CA US,20080705,0,-9999,278,183,22,220,220,67,94,1308,1,1,1,-9999,-9999
GHCND:USW00093184,SANTA ANA JOHN WAYNE AIRPORT CA US,20080706,0,-9999,244,183,26,200,220,63,81,1213,1,-9999,1,-9999,-9999
GHCND:USW00093184,SANTA ANA JOHN WAYNE AIRPORT CA US,20080707,0,-9999,250,183,26,210,220,58,94,1251,1,-9999,1,-9999,-9999
GHCND:USW00093184,SANTA ANA JOHN WAYNE AIRPORT CA US,20080708,0,-9999,250,189,26,200,110,67,116,1025,-9999,-9999,1,-9999,-9999
GHCND:USW00093184,SANTA ANA JOHN WAYNE AIRPORT CA US,20080709,0,-9999,239,183,30,210,200,58,76,1420,1,-9999,1,-9999,-9999
GHCND:USW00093184,SANTA ANA JOHN WAYNE AIRPORT CA US,20080710,0,-9999,244,194,31,210,210,76,103,1521,1,-9999,1,-9999,-9999
GHCND:USW00093184,SANTA ANA JOHN WAYNE AIRPORT CA US,20080711,0,-9999,256,194,30,200,200,40,54,1915,1,-9999,-9999,-9999,-9999
GHCND:USW00093184,SANTA ANA JOHN WAYNE AIRPORT CA US,20080712,0,-9999,278,194,22,190,200,63,76,2124,1,-9999,1,-9999,-9999
GHCND:USW00093184,SANTA ANA JOHN WAYNE AIRPORT CA US,20080713,0,-9999,283,194,21,230,220,54,72,1357,-9999,-9999,1,-9999,-9999
GHCND:USW00093184,SANTA ANA JOHN WAYNE AIRPORT CA US,20080714,0,-9999,272,194,17,220,220,58,76,1327,-9999,-9999,1,-9999,-9999
GHCND:USW00093184,SANTA ANA JOHN WAYNE AIRPORT CA US,20080715,0,-9999,283,194,22,220,230,54,72,1539,-9999,-9999,1,-9999,-9999
GHCND:USW00093184,SANTA ANA JOHN WAYNE AIRPORT CA US,20080716,0,-9999,267,194,23,220,190,58,81,1113,1,-9999,1,-9999,-9999
GHCND:USW00093184,SANTA ANA JOHN WAYNE AIRPORT CA US,20080717,0,-9999,267,183,30,210,210,67,94,1426,1,-9999,1,-9999,-9999
GHCND:USW00093184,SANTA ANA JOHN WAYNE AIRPORT CA US,20080718,0,-9999,244,183,26,200,220,58,81,1353,1,-9999,1,-9999,-9999
GHCND:USW00093184,SANTA ANA JOHN WAYNE AIRPORT CA US,20080719,0,-9999,233,178,33,200,220,67,89,1226,1,-9999,1,-9999,-9999
GHCND:USW00093184,SANTA ANA JOHN WAYNE AIRPORT CA US,20080720,0,-9999,233,178,28,200,200,54,81,1647,-9999,-9999,1,-9999,-9999
GHCND:USW00093184,SANTA ANA JOHN WAYNE AIRPORT CA US,20080721,0,-9999,256,172,21,210,230,54,81,1039,-9999,-9999,1,-9999,-9999
GHCND:USW00093184,SANTA ANA JOHN WAYNE AIRPORT CA US,20080722,0,-9999,250,178,24,190,190,63,76,1719,1,-9999,1,-9999,-9999
GHCND:USW00093184,SANTA ANA JOHN WAYNE AIRPORT CA US,20080723,0,-9999,256,178,20,220,220,54,72,1538,1,-9999,1,-9999,-9999
GHCND:USW00093184,SANTA ANA JOHN WAYNE AIRPORT CA US,20080724,0,-9999,250,172,24,210,220,54,72,1527,1,-9999,1,-9999,-9999
GHCND:USW00093184,SANTA ANA JOHN WAYNE AIRPORT CA US,20080725,0,-9999,250,178,26,220,220,81,94,1637,1,-9999,1,-9999,-9999
GHCND:USW00093184,SANTA ANA JOHN WAYNE AIRPORT CA US,20080726,0,-9999,261,194,33,220,220,76,98,1235,1,-9999,1,-9999,-9999
GHCND:USW00093184,SANTA ANA JOHN WAYNE AIRPORT CA US,20080727,0,-9999,261,194,24,210,200,63,103,1511,1,-9999,-9999,-9999,-9999
GHCND:USW00093184,SANTA ANA JOHN WAYNE AIRPORT CA US,20080728,0,-9999,256,194,20,220,220,54,72,1318,-9999,-9999,1,-9999,-9999
GHCND:USW00093184,SANTA ANA JOHN WAYNE AIRPORT CA US,20080729,0,-9999,250,189,17,200,220,63,81,1222,-9999,-9999,1,-9999,-9999
GHCND:USW00093184,SANTA ANA JOHN WAYNE AIRPORT CA US,20080730,0,-9999,250,189,27,210,220,58,76,1605,-9999,-9999,1,-9999,-9999
GHCND:USW00093184,SANTA ANA JOHN WAYNE AIRPORT CA US,20080731,0,-9999,261,189,22,210,330,63,81,1211,1,-9999,1,-9999,-9999
GHCND:USW00093184,SANTA ANA JOHN WAYNE AIRPORT CA US,20080801,0,-9999,256,194,21,210,220,58,72,1546,1,-9999,1,-9999,-9999
GHCND:USW00093184,SANTA ANA JOHN WAYNE AIRPORT CA US,20080802,0,-9999,250,194,26,210,210,67,81,1608,1,-9999,1,-9999,-9999
GHCND:USW00093184,SANTA ANA JOHN WAYNE AIRPORT CA US,20080803,0,-9999,283,189,19,200,220,63,89,1537,-9999,-9999,-9999,-9999,-9999
GHCND:USW00093184,SANTA ANA JOHN WAYNE AIRPORT CA US,20080804,0,-9999,278,206,25,200,210,72,94,1235,-9999,-9999,1,-9999,-9999
GHCND:USW00093184,SANTA ANA JOHN WAYNE AIRPORT CA US,20080805,0,-9999,283,206,22,210,230,58,81,1229,-9999,-9999,1,-9999,-9999
GHCND:USW00093184,SANTA ANA JOHN WAYNE AIRPORT CA US,20080806,0,-9999,294,200,20,230,210,54,67,1321,1,-9999,1,-9999,-9999
GHCND:USW00093184,SANTA ANA JOHN WAYNE AIRPORT CA US,20080807,0,-9999,289,200,26,210,220,63,76,1115,1,-9999,1,-9999,-9999
GHCND:USW00093184,SANTA ANA JOHN WAYNE AIRPORT CA US,20080808,0,-9999,283,194,24,210,200,58,76,1349,1,-9999,1,-9999,-9999
GHCND:USW00093184,SANTA ANA JOHN WAYNE AIRPORT CA US,20080809,0,-9999,283,194,19,220,220,58,72,1445,1,-9999,1,-9999,-9999
GHCND:USW00093184,SANTA ANA JOHN WAYNE AIRPORT CA US,20080810,0,-9999,283,189,22,220,210,58,76,1336,-9999,-9999,-9999,-9999,-9999
GHCND:USW00093184,SANTA ANA JOHN WAYNE AIRPORT CA US,20080811,0,-9999,261,183,21,210,220,58,76,1319,1,-9999,1,-9999,-9999
GHCND:USW00093184,SANTA ANA JOHN WAYNE AIRPORT CA US,20080812,0,-9999,261,183,24,220,200,58,76,1548,1,-9999,1,-9999,-9999
GHCND:USW00093184,SANTA ANA JOHN WAYNE AIRPORT CA US,20080813,0,-9999,272,200,28,190,190,67,89,1251,-9999,-9999,1,-9999,-9999
GHCND:USW00093184,SANTA ANA JOHN WAYNE AIRPORT CA US,20080814,0,-9999,289,200,21,220,220,54,72,1243,1,-9999,1,-9999,-9999
GHCND:USW00093184,SANTA ANA JOHN WAYNE AIRPORT CA US,20080815,0,-9999,261,200,26,200,210,67,89,1315,1,-9999,1,-9999,-9999
GHCND:USW00093184,SANTA ANA JOHN WAYNE AIRPORT CA US,20080816,0,-9999,267,194,24,210,220,58,72,1622,1,-9999,-9999,-9999,-9999
GHCND:USW00093184,SANTA ANA JOHN WAYNE AIRPORT CA US,20080817,0,-9999,272,189,21,210,210,54,72,1413,1,-9999,-9999,-9999,-9999
GHCND:USW00093184,SANTA ANA JOHN WAYNE AIRPORT CA US,20080818,0,-9999,256,189,20,220,240,54,76,1026,1,-9999,1,-9999,-9999
GHCND:USW00093184,SANTA ANA JOHN WAYNE AIRPORT CA US,20080819,0,-9999,250,178,20,200,190,63,89,1403,1,-9999,1,-9999,-9999
GHCND:USW00093184,SANTA ANA JOHN WAYNE AIRPORT CA US,20080820,0,-9999,250,172,28,190,220,63,81,1354,-9999,-9999,1,-9999,-9999
GHCND:USW00093184,SANTA ANA JOHN WAYNE AIRPORT CA US,20080821,0,-9999,244,178,27,210,220,63,81,1451,-9999,-9999,1,-9999,-9999
GHCND:USW00093184,SANTA ANA JOHN WAYNE AIRPORT CA US,20080822,0,-9999,256,189,21,200,200,58,81,1318,-9999,-9999,-9999,-9999,-9999
GHCND:USW00093184,SANTA ANA JOHN WAYNE AIRPORT CA US,20080823,0,-9999,267,189,17,220,220,54,76,1429,1,-9999,1,-9999,-9999
GHCND:USW00093184,SANTA ANA JOHN WAYNE AIRPORT CA US,20080824,0,-9999,283,189,18,210,220,45,63,1331,1,-9999,1,-9999,-9999
GHCND:USW00093184,SANTA ANA JOHN WAYNE AIRPORT CA US,20080825,0,-9999,283,194,28,220,220,72,98,1525,1,-9999,1,-9999,-9999
GHCND:USW00093184,SANTA ANA JOHN WAYNE AIRPORT CA US,20080826,0,-9999,267,194,25,210,200,67,81,1621,1,-9999,1,-9999,-9999
GHCND:USW00093184,SANTA ANA JOHN WAYNE AIRPORT CA US,20080827,0,-9999,267,194,23,210,220,58,67,1116,1,-9999,1,-9999,-9999
GHCND:USW00093184,SANTA ANA JOHN WAYNE AIRPORT CA US,20080828,0,-9999,250,189,20,220,210,54,72,1429,1,-9999,1,-9999,-9999
GHCND:USW00093184,SANTA ANA JOHN WAYNE AIRPORT CA US,20080829,0,-9999,283,189,23,210,210,89,103,1046,1,-9999,1,-9999,-9999
GHCND:USW00093184,SANTA ANA JOHN WAYNE AIRPORT CA US,20080830,0,-9999,283,211,26,220,220,72,89,1332,1,-9999,1,-9999,-9999
GHCND:USW00093184,SANTA ANA JOHN WAYNE AIRPORT CA US,20080831,0,-9999,261,206,32,220,200,67,89,1445,-9999,-9999,-9999,-9999,-9999
GHCND:USW00093184,SANTA ANA JOHN WAYNE AIRPORT CA US,20080901,0,-9999,256,194,26,210,200,58,76,1618,1,-9999,1,-9999,-9999
GHCND:USW00093184,SANTA ANA JOHN WAYNE AIRPORT CA US,20080902,0,-9999,283,183,16,230,220,58,72,1522,1,-9999,1,-9999,-9999
GHCND:USW00093184,SANTA ANA JOHN WAYNE AIRPORT CA US,20080903,0,-9999,294,189,20,200,190,63,76,1659,1,-9999,1,-9999,-9999
GHCND:USW00093184,SANTA ANA JOHN WAYNE AIRPORT CA US,20080904,0,-9999,294,194,17,230,240,58,157,1505,1,-9999,1,-9999,-9999
GHCND:USW00093184,SANTA ANA JOHN WAYNE AIRPORT CA US,20080905,0,-9999,300,194,19,230,210,58,67,1356,1,-9999,1,-9999,-9999
GHCND:USW00093184,SANTA ANA JOHN WAYNE AIRPORT CA US,20080906,0,-9999,283,189,20,210,220,54,67,1532,1,-9999,1,-9999,-9999
GHCND:USW00093184,SANTA ANA JOHN WAYNE AIRPORT CA US,20080907,0,-9999,256,183,21,200,220,58,72,1506,1,-9999,1,-9999,-9999
GHCND:USW00093184,SANTA ANA JOHN WAYNE AIRPORT CA US,20080908,0,-9999,244,194,27,210,210,67,89,1451,1,-9999,1,-9999,-9999
GHCND:USW00093184,SANTA ANA JOHN WAYNE AIRPORT CA US,20080909,0,-9999,256,194,24,200,190,63,81,1204,1,-9999,1,-9999,-9999
GHCND:USW00093184,SANTA ANA JOHN WAYNE AIRPORT CA US,20080910,0,-9999,250,189,20,210,220,63,81,1142,-9999,-9999,-9999,-9999,-9999
GHCND:USW00093184,SANTA ANA JOHN WAYNE AIRPORT CA US,20080911,0,-9999,239,189,17,220,220,63,81,1431,1,-9999,1,-9999,-9999
GHCND:USW00093184,SANTA ANA JOHN WAYNE AIRPORT CA US,20080912,0,-9999,222,189,19,190,190,54,67,942,1,-9999,-9999,-9999,-9999
GHCND:USW00093184,SANTA ANA JOHN WAYNE AIRPORT CA US,20080913,0,-9999,250,189,13,220,220,58,72,1514,1,-9999,1,-9999,-9999
GHCND:USW00093184,SANTA ANA JOHN WAYNE AIRPORT CA US,20080914,0,-9999,261,178,14,230,240,54,76,1302,1,-9999,1,-9999,-9999
GHCND:USW00093184,SANTA ANA JOHN WAYNE AIRPORT CA US,20080915,0,-9999,272,172,17,200,200,58,81,1040,1,-9999,1,-9999,-9999
GHCND:USW00093184,SANTA ANA JOHN WAYNE AIRPORT CA US,20080916,0,-9999,256,178,32,200,190,81,103,1259,1,-9999,1,-9999,-9999
GHCND:USW00093184,SANTA ANA JOHN WAYNE AIRPORT CA US,20080917,0,-9999,261,189,20,240,210,45,67,1500,1,-9999,1,-9999,-9999
GHCND:USW00093184,SANTA ANA JOHN WAYNE AIRPORT CA US,20080918,0,-9999,283,189,16,230,220,54,63,1336,1,-9999,1,-9999,-9999
GHCND:USW00093184,SANTA ANA JOHN WAYNE AIRPORT CA US,20080919,0,-9999,278,178,17,230,240,54,72,1312,-9999,-9999,-9999,-9999,-9999
GHCND:USW00093184,SANTA ANA JOHN WAYNE AIRPORT CA US,20080920,0,-9999,239,167,28,220,200,63,89,1451,1,-9999,-9999,-9999,-9999
GHCND:USW00093184,SANTA ANA JOHN WAYNE AIRPORT CA US,20080921,0,-9999,233,172,24,220,200,58,76,1355,-9999,-9999,-9999,-9999,-9999
GHCND:USW00093184,SANTA ANA JOHN WAYNE AIRPORT CA US,20080922,0,-9999,250,178,21,210,220,58,72,1356,1,-9999,1,-9999,-9999
GHCND:USW00093184,SANTA ANA JOHN WAYNE AIRPORT CA US,20080923,0,-9999,256,172,14,230,220,45,63,1358,1,-9999,1,-9999,-9999
GHCND:USW00093184,SANTA ANA JOHN WAYNE AIRPORT CA US,20080924,0,-9999,283,178,14,210,240,40,58,1340,1,-9999,1,-9999,-9999
GHCND:USW00093184,SANTA ANA JOHN WAYNE AIRPORT CA US,20080925,0,-9999,311,172,16,220,220,45,58,1319,1,1,1,-9999,-9999
GHCND:USW00093184,SANTA ANA JOHN WAYNE AIRPORT CA US,20080926,0,-9999,272,167,17,200,250,54,63,1215,1,1,1,-9999,-9999
GHCND:USW00093184,SANTA ANA JOHN WAYNE AIRPORT CA US,20080927,0,-9999,244,167,17,200,190,45,58,1538,1,1,1,-9999,-9999
GHCND:USW00093184,SANTA ANA JOHN WAYNE AIRPORT CA US,20080928,0,-9999,261,161,15,210,220,54,72,1047,1,-9999,1,-9999,-9999
GHCND:USW00093184,SANTA ANA JOHN WAYNE AIRPORT CA US,20080929,3,-9999,278,167,16,130,130,72,103,841,1,-9999,1,1,-9999
GHCND:USW00093184,SANTA ANA JOHN WAYNE AIRPORT CA US,20080930,0,-9999,344,178,12,220,230,45,58,1459,-9999,-9999,1,-9999,-9999
GHCND:USW00093184,SANTA ANA JOHN WAYNE AIRPORT CA US,20081001,0,-9999,350,206,18,200,210,67,81,1453,-9999,-9999,1,-9999,-9999
GHCND:USW00093184,SANTA ANA JOHN WAYNE AIRPORT CA US,20081002,0,-9999,278,189,23,210,140,63,89,53,-9999,-9999,-9999,-9999,-9999
GHCND:USW00093184,SANTA ANA JOHN WAYNE AIRPORT CA US,20081003,0,-9999,233,167,27,210,200,63,76,1355,1,-9999,1,-9999,-9999
GHCND:USW00093184,SANTA ANA JOHN WAYNE AIRPORT CA US,20081004,3,-9999,222,172,26,220,220,63,81,1152,-9999,-9999,-9999,-9999,-9999
GHCND:USW00093184,SANTA ANA JOHN WAYNE AIRPORT CA US,20081005,0,-9999,233,156,15,210,200,58,76,1154,-9999,-9999,-9999,-9999,-9999
GHCND:USW00093184,SANTA ANA JOHN WAYNE AIRPORT CA US,20081006,0,-9999,289,156,11,230,220,40,63,1302,-9999,-9999,-9999,-9999,-9999
GHCND:USW00093184,SANTA ANA JOHN WAYNE AIRPORT CA US,20081007,0,-9999,361,161,9,220,210,58,72,1420,-9999,-9999,-9999,-9999,-9999
GHCND:USW00093184,SANTA ANA JOHN WAYNE AIRPORT CA US,20081008,0,-9999,333,178,14,210,230,45,63,1218,-9999,-9999,-9999,-9999,-9999
GHCND:USW00093184,SANTA ANA JOHN WAYNE AIRPORT CA US,20081009,0,-9999,250,172,32,200,190,89,112,1341,-9999,-9999,1,-9999,-9999
GHCND:USW00093184,SANTA ANA JOHN WAYNE AIRPORT CA US,20081010,0,-9999,233,150,22,210,220,67,94,1415,-9999,-9999,1,-9999,-9999
GHCND:USW00093184,SANTA ANA JOHN WAYNE AIRPORT CA US,20081011,0,-9999,206,122,19,240,230,67,94,1402,-9999,-9999,-9999,-9999,-9999
GHCND:USW00093184,SANTA ANA JOHN WAYNE AIRPORT CA US,20081012,0,-9999,239,106,26,50,60,72,103,730,-9999,-9999,-9999,-9999,-9999
GHCND:USW00093184,SANTA ANA JOHN WAYNE AIRPORT CA US,20081013,0,-9999,272,178,85,60,40,148,210,2012,-9999,-9999,-9999,-9999,-9999
GHCND:USW00093184,SANTA ANA JOHN WAYNE AIRPORT CA US,20081014,0,-9999,311,167,25,20,20,107,157,951,-9999,-9999,-9999,-9999,-9999
GHCND:USW00093184,SANTA ANA JOHN WAYNE AIRPORT CA US,20081015,0,-9999,311,144,13,210,210,63,72,1127,-9999,-9999,-9999,-9999,-9999
GHCND:USW00093184,SANTA ANA JOHN WAYNE AIRPORT CA US,20081016,0,-9999,283,139,15,210,220,63,72,1108,-9999,-9999,1,-9999,-9999
GHCND:USW00093184,SANTA ANA JOHN WAYNE AIRPORT CA US,20081017,0,-9999,311,139,17,210,200,54,67,1106,-9999,-9999,-9999,-9999,-9999
GHCND:USW00093184,SANTA ANA JOHN WAYNE AIRPORT CA US,20081018,0,-9999,261,139,13,230,230,45,63,1504,-9999,-9999,1,-9999,-9999
GHCND:USW00093184,SANTA ANA JOHN WAYNE AIRPORT CA US,20081019,0,-9999,217,144,18,220,250,54,63,1419,1,-9999,1,-9999,-9999
GHCND:USW00093184,SANTA ANA JOHN WAYNE AIRPORT CA US,20081020,0,-9999,211,144,12,220,210,45,67,1305,1,-9999,1,-9999,-9999
GHCND:USW00093184,SANTA ANA JOHN WAYNE AIRPORT CA US,20081021,0,-9999,256,133,12,200,220,54,63,1416,1,-9999,1,-9999,-9999
GHCND:USW00093184,SANTA ANA JOHN WAYNE AIRPORT CA US,20081022,3,-9999,372,139,14,30,70,72,98,1222,1,1,1,-9999,-9999
GHCND:USW00093184,SANTA ANA JOHN WAYNE AIRPORT CA US,20081023,0,-9999,322,150,11,210,210,54,67,1142,-9999,-9999,-9999,-9999,-9999
GHCND:USW00093184,SANTA ANA JOHN WAYNE AIRPORT CA US,20081024,0,-9999,283,133,12,200,210,45,67,1402,-9999,-9999,1,-9999,-9999
GHCND:USW00093184,SANTA ANA JOHN WAYNE AIRPORT CA US,20081025,0,-9999,283,122,9,200,220,54,63,1244,1,1,1,-9999,-9999
GHCND:USW00093184,SANTA ANA JOHN WAYNE AIRPORT CA US,20081026,0,-9999,256,139,7,220,220,40,54,1411,1,1,1,-9999,-9999
GHCND:USW00093184,SANTA ANA JOHN WAYNE AIRPORT CA US,20081027,3,-9999,300,133,7,210,230,45,54,1535,1,1,1,-9999,-9999
GHCND:USW00093184,SANTA ANA JOHN WAYNE AIRPORT CA US,20081028,0,-9999,300,133,9,210,220,36,45,1353,1,-9999,1,-9999,-9999
GHCND:USW00093184,SANTA ANA JOHN WAYNE AIRPORT CA US,20081029,0,-9999,267,144,18,220,220,58,72,1302,1,-9999,1,-9999,-9999
GHCND:USW00093184,SANTA ANA JOHN WAYNE AIRPORT CA US,20081030,3,-9999,306,133,19,200,160,72,94,1453,1,1,1,-9999,-9999
GHCND:USW00093184,SANTA ANA JOHN WAYNE AIRPORT CA US,20081031,0,-9999,289,183,12,220,220,45,63,1308,1,-9999,1,-9999,-9999
GHCND:USW00093184,SANTA ANA JOHN WAYNE AIRPORT CA US,20081101,0,-9999,278,172,9,270,250,45,58,2344,1,-9999,1,-9999,-9999
GHCND:USW00093184,SANTA ANA JOHN WAYNE AIRPORT CA US,20081102,15,-9999,211,161,13,270,270,54,72,1504,1,-9999,-9999,-9999,-9999
GHCND:USW00093184,SANTA ANA JOHN WAYNE AIRPORT CA US,20081103,0,-9999,206,144,18,210,220,63,94,1416,-9999,-9999,-9999,-9999,-9999
GHCND:USW00093184,SANTA ANA JOHN WAYNE AIRPORT CA US,20081104,43,-9999,200,144,20,200,210,58,76,1340,1,-9999,-9999,-9999,-9999
GHCND:USW00093184,SANTA ANA JOHN WAYNE AIRPORT CA US,20081105,0,-9999,222,111,15,210,210,54,67,1219,-9999,-9999,1,-9999,-9999
GHCND:USW00093184,SANTA ANA JOHN WAYNE AIRPORT CA US,20081106,0,-9999,278,100,13,210,-9999,63,76,1306,-9999,-9999,-9999,-9999,-9999
GHCND:USW00093184,SANTA ANA JOHN WAYNE AIRPORT CA US,20081107,0,-9999,322,128,18,70,80,98,130,1037,-9999,-9999,-9999,-9999,-9999
GHCND:USW00093184,SANTA ANA JOHN WAYNE AIRPORT CA US,20081108,0,-9999,267,133,13,190,200,54,67,1435,1,-9999,1,-9999,-9999
GHCND:USW00093184,SANTA ANA JOHN WAYNE AIRPORT CA US,20081109,0,-9999,194,133,32,280,280,72,107,1513,1,-9999,-9999,-9999,-9999
GHCND:USW00093184,SANTA ANA JOHN WAYNE AIRPORT CA US,20081110,0,-9999,194,117,19,210,210,58,81,1220,-9999,-9999,1,-9999,-9999
GHCND:USW00093184,SANTA ANA JOHN WAYNE AIRPORT CA US,20081111,0,-9999,211,106,7,240,230,40,63,1322,-9999,-9999,-9999,-9999,-9999
GHCND:USW00093184,SANTA ANA JOHN WAYNE AIRPORT CA US,20081112,0,-9999,222,111,13,220,210,45,63,1232,-9999,-9999,1,-9999,-9999
GHCND:USW00093184,SANTA ANA JOHN WAYNE AIRPORT CA US,20081113,0,-9999,261,117,9,220,200,40,58,1416,1,-9999,1,-9999,-9999
GHCND:USW00093184,SANTA ANA JOHN WAYNE AIRPORT CA US,20081114,0,-9999,294,122,29,60,60,103,134,2129,1,-9999,1,-9999,-9999
GHCND:USW00093184,SANTA ANA JOHN WAYNE AIRPORT CA US,20081115,0,-9999,344,211,43,70,70,98,134,828,-9999,-9999,-9999,-9999,-9999
GHCND:USW00093184,SANTA ANA JOHN WAYNE AIRPORT CA US,20081116,0,-9999,328,144,12,210,210,76,89,1056,-9999,-9999,1,-9999,-9999
GHCND:USW00093184,SANTA ANA JOHN WAYNE AIRPORT CA US,20081117,0,-9999,300,128,9,210,210,45,54,1013,-9999,-9999,1,-9999,-9999
GHCND:USW00093184,SANTA ANA JOHN WAYNE AIRPORT CA US,20081118,0,-9999,289,122,9,210,210,40,54,1459,-9999,-9999,1,-9999,-9999
GHCND:USW00093184,SANTA ANA JOHN WAYNE AIRPORT CA US,20081119,0,-9999,256,117,10,220,240,45,67,1505,1,-9999,1,-9999,-9999
GHCND:USW00093184,SANTA ANA JOHN WAYNE AIRPORT CA US,20081120,3,-9999,233,100,9,210,210,45,58,1514,1,1,1,-9999,-9999
GHCND:USW00093184,SANTA ANA JOHN WAYNE AIRPORT CA US,20081121,0,-9999,278,111,7,210,210,45,54,1354,1,-9999,1,-9999,-9999
GHCND:USW00093184,SANTA ANA JOHN WAYNE AIRPORT CA US,20081122,0,-9999,228,122,12,220,220,58,67,1533,1,-9999,1,-9999,-9999
GHCND:USW00093184,SANTA ANA JOHN WAYNE AIRPORT CA US,20081123,0,-9999,189,128,10,210,200,54,63,1544,1,-9999,1,-9999,-9999
GHCND:USW00093184,SANTA ANA JOHN WAYNE AIRPORT CA US,20081124,3,-9999,211,106,14,240,250,58,81,1442,1,-9999,1,-9999,-9999
GHCND:USW00093184,SANTA ANA JOHN WAYNE AIRPORT CA US,20081125,124,-9999,244,144,11,250,240,45,67,2127,1,-9999,1,1,-9999
GHCND:USW00093184,SANTA ANA JOHN WAYNE AIRPORT CA US,20081126,279,-9999,200,139,25,60,50,81,112,333,1,-9999,-9999,-9999,-9999
GHCND:USW00093184,SANTA ANA JOHN WAYNE AIRPORT CA US,20081127,86,-9999,189,139,10,210,210,45,63,1526,1,-9999,-9999,1,-9999
GHCND:USW00093184,SANTA ANA JOHN WAYNE AIRPORT CA US,20081128,0,-9999,189,128,7,230,240,36,54,1456,1,-9999,1,-9999,-9999
GHCND:USW00093184,SANTA ANA JOHN WAYNE AIRPORT CA US,20081129,3,-9999,206,106,8,220,210,36,54,1403,1,-9999,1,-9999,-9999
GHCND:USW00093184,SANTA ANA JOHN WAYNE AIRPORT CA US,20081130,3,-9999,222,122,14,220,220,45,58,1351,1,1,1,-9999,-9999
GHCND:USW00093184,SANTA ANA JOHN WAYNE AIRPORT CA US,20081201,0,-9999,183,122,11,200,180,54,63,1934,1,1,1,-9999,-9999
GHCND:USW00093184,SANTA ANA JOHN WAYNE AIRPORT CA US,20081202,0,-9999,156,139,10,120,110,36,63,2135,1,-9999,1,-9999,-9999
GHCND:USW00093184,SANTA ANA JOHN WAYNE AIRPORT CA US,20081203,0,-9999,183,133,17,210,330,36,54,716,-9999,-9999,1,-9999,-9999
GHCND:USW00093184,SANTA ANA JOHN WAYNE AIRPORT CA US,20081204,0,-9999,189,128,13,210,210,45,58,1254,1,-9999,1,-9999,-9999
GHCND:USW00093184,SANTA ANA JOHN WAYNE AIRPORT CA US,20081205,3,-9999,233,100,5,220,210,40,54,1445,1,-9999,1,-9999,-9999
GHCND:USW00093184,SANTA ANA JOHN WAYNE AIRPORT CA US,20081206,0,-9999,239,94,10,220,10,40,54,703,-9999,-9999,1,-9999,-9999
GHCND:USW00093184,SANTA ANA JOHN WAYNE AIRPORT CA US,20081207,0,-9999,183,139,11,230,250,45,67,1451,1,-9999,1,-9999,-9999
GHCND:USW00093184,SANTA ANA JOHN WAYNE AIRPORT CA US,20081208,0,-9999,189,122,20,210,210,72,81,1200,-9999,-9999,-9999,-9999,-9999
GHCND:USW00093184,SANTA ANA JOHN WAYNE AIRPORT CA US,20081209,0,-9999,228,89,32,60,50,107,143,1127,-9999,-9999,-9999,-9999,-9999
GHCND:USW00093184,SANTA ANA JOHN WAYNE AIRPORT CA US,20081210,0,-9999,222,67,10,200,210,40,54,1308,-9999,-9999,-9999,-9999,-9999
GHCND:USW00093184,SANTA ANA JOHN WAYNE AIRPORT CA US,20081211,0,-9999,228,83,9,200,200,40,54,1416,-9999,-9999,1,-9999,-9999
GHCND:USW00093184,SANTA ANA JOHN WAYNE AIRPORT CA US,20081212,0,-9999,183,111,22,220,210,63,72,1210,1,-9999,1,-9999,-9999
GHCND:USW00093184,SANTA ANA JOHN WAYNE AIRPORT CA US,20081213,0,-9999,167,111,28,230,220,76,112,1435,-9999,-9999,-9999,-9999,-9999
GHCND:USW00093184,SANTA ANA JOHN WAYNE AIRPORT CA US,20081214,0,-9999,139,56,9,240,240,45,72,1245,-9999,-9999,-9999,-9999,-9999
GHCND:USW00093184,SANTA ANA JOHN WAYNE AIRPORT CA US,20081215,381,-9999,139,89,31,200,210,125,170,826,1,1,1,-9999,-9999
GHCND:USW00093184,SANTA ANA JOHN WAYNE AIRPORT CA US,20081216,5,-9999,150,78,11,210,340,45,58,1615,-9999,-9999,-9999,-9999,-9999
GHCND:USW00093184,SANTA ANA JOHN WAYNE AIRPORT CA US,20081217,221,-9999,117,67,29,80,80,103,139,923,1,-9999,-9999,-9999,-9999
GHCND:USW00093184,SANTA ANA JOHN WAYNE AIRPORT CA US,20081218,0,-9999,139,56,19,180,180,63,81,1216,-9999,-9999,-9999,-9999,-9999
GHCND:USW00093184,SANTA ANA JOHN WAYNE AIRPORT CA US,20081219,0,-9999,144,50,14,190,230,40,63,1213,-9999,-9999,-9999,-9999,-9999
GHCND:USW00093184,SANTA ANA JOHN WAYNE AIRPORT CA US,20081220,0,-9999,156,50,9,220,210,54,67,1331,-9999,-9999,-9999,-9999,-9999
GHCND:USW00093184,SANTA ANA JOHN WAYNE AIRPORT CA US,20081221,0,-9999,172,56,10,200,220,45,58,1311,-9999,-9999,1,-9999,-9999
GHCND:USW00093184,SANTA ANA JOHN WAYNE AIRPORT CA US,20081222,46,-9999,144,89,23,230,220,58,72,2115,1,-9999,1,-9999,-9999
GHCND:USW00093184,SANTA ANA JOHN WAYNE AIRPORT CA US,20081223,3,-9999,144,61,14,270,270,54,72,1506,-9999,-9999,-9999,-9999,-9999
GHCND:USW00093184,SANTA ANA JOHN WAYNE AIRPORT CA US,20081224,5,-9999,139,89,16,80,110,40,63,1239,-9999,-9999,-9999,-9999,-9999
GHCND:USW00093184,SANTA ANA JOHN WAYNE AIRPORT CA US,20081225,36,-9999,156,67,31,240,230,81,125,1356,1,-9999,1,-9999,-9999
GHCND:USW00093184,SANTA ANA JOHN WAYNE AIRPORT CA US,20081226,0,-9999,139,28,16,310,290,72,112,1143,-9999,-9999,-9999,-9999,-9999
GHCND:USW00093184,SANTA ANA JOHN WAYNE AIRPORT CA US,20081227,0,-9999,161,33,-9999,330,330,54,54,1353,-9999,-9999,-9999,-9999,-9999
GHCND:USW00093184,SANTA ANA JOHN WAYNE AIRPORT CA US,20081228,0,-9999,206,39,15,210,210,36,36,1553,-9999,-9999,-9999,-9999,-9999
GHCND:USW00093184,SANTA ANA JOHN WAYNE AIRPORT CA US,20081229,0,-9999,194,61,9,200,200,40,54,1320,-9999,-9999,-9999,-9999,-9999
GHCND:USW00093184,SANTA ANA JOHN WAYNE AIRPORT CA US,20081230,0,-9999,206,72,9,200,210,54,58,1516,1,1,1,-9999,-9999
GHCND:USW00093184,SANTA ANA JOHN WAYNE AIRPORT CA US,20081231,3,-9999,178,78,6,220,210,36,45,1550,1,1,1,-9999,-9999
