STATION,STATION_NAME,DATE,PRCP,SNWD,SNOW,TMAX,TMIN,AWND,WDF2,WDF5,WSF2,WSF5,PGTM
GHCND:USW00093845,VALDOSTA REGIONAL AIRPORT GA US,20070101,15,-9999,-9999,200,106,22,300,310,67,89,1012
GHCND:USW00093845,VALDOSTA REGIONAL AIRPORT GA US,20070102,0,-9999,-9999,117,50,31,50,20,58,76,408
GHCND:USW00093845,VALDOSTA REGIONAL AIRPORT GA US,20070103,0,-9999,-9999,194,89,23,70,80,40,54,830
GHCND:USW00093845,VALDOSTA REGIONAL AIRPORT GA US,20070104,0,-9999,-9999,233,133,11,170,140,40,54,1434
GHCND:USW00093845,VALDOSTA REGIONAL AIRPORT GA US,20070105,272,-9999,-9999,233,144,38,190,200,89,107,1734
GHCND:USW00093845,VALDOSTA REGIONAL AIRPORT GA US,20070106,0,-9999,-9999,244,111,10,360,10,58,67,1557
GHCND:USW00093845,VALDOSTA REGIONAL AIRPORT GA US,20070107,56,-9999,-9999,250,178,24,190,180,72,94,1613
GHCND:USW00093845,VALDOSTA REGIONAL AIRPORT GA US,20070108,20,-9999,-9999,217,56,26,310,300,81,112,558
GHCND:USW00093845,VALDOSTA REGIONAL AIRPORT GA US,20070109,0,-9999,-9999,178,11,17,310,300,72,98,1449
GHCND:USW00093845,VALDOSTA REGIONAL AIRPORT GA US,20070110,0,-9999,-9999,128,6,21,10,20,72,94,932
GHCND:USW00093845,VALDOSTA REGIONAL AIRPORT GA US,20070111,0,-9999,-9999,206,33,30,150,140,63,81,1454
GHCND:USW00093845,VALDOSTA REGIONAL AIRPORT GA US,20070112,0,-9999,-9999,233,89,15,180,170,58,76,1304
GHCND:USW00093845,VALDOSTA REGIONAL AIRPORT GA US,20070113,0,-9999,-9999,244,94,12,180,160,58,67,1236
GHCND:USW00093845,VALDOSTA REGIONAL AIRPORT GA US,20070114,0,-9999,-9999,244,122,20,130,170,54,67,1230
GHCND:USW00093845,VALDOSTA REGIONAL AIRPORT GA US,20070115,0,-9999,-9999,244,122,17,180,180,54,67,1351
GHCND:USW00093845,VALDOSTA REGIONAL AIRPORT GA US,20070116,0,-9999,-9999,194,100,26,360,10,81,94,2302
GHCND:USW00093845,VALDOSTA REGIONAL AIRPORT GA US,20070117,0,-9999,-9999,117,56,51,10,10,94,107,210
GHCND:USW00093845,VALDOSTA REGIONAL AIRPORT GA US,20070118,0,-9999,-9999,83,44,30,20,20,58,72,700
GHCND:USW00093845,VALDOSTA REGIONAL AIRPORT GA US,20070119,0,-9999,-9999,156,78,20,310,340,45,58,1432
GHCND:USW00093845,VALDOSTA REGIONAL AIRPORT GA US,20070120,0,-9999,-9999,156,44,20,20,20,67,81,936
GHCND:USW00093845,VALDOSTA REGIONAL AIRPORT GA US,20070121,0,-9999,-9999,222,67,26,180,180,67,89,1242
GHCND:USW00093845,VALDOSTA REGIONAL AIRPORT GA US,20070122,69,-9999,-9999,206,117,17,360,10,58,72,1043
GHCND:USW00093845,VALDOSTA REGIONAL AIRPORT GA US,20070123,0,-9999,-9999,133,78,17,360,360,45,67,2058
GHCND:USW00093845,VALDOSTA REGIONAL AIRPORT GA US,20070124,0,-9999,-9999,106,67,11,360,360,54,63,1000
GHCND:USW00093845,VALDOSTA REGIONAL AIRPORT GA US,20070125,5,-9999,-9999,150,22,18,360,360,54,76,1632
GHCND:USW00093845,VALDOSTA REGIONAL AIRPORT GA US,20070126,0,-9999,-9999,139,-5,19,10,10,67,76,848
GHCND:USW00093845,VALDOSTA REGIONAL AIRPORT GA US,20070127,36,-9999,-9999,161,-16,9,30,30,40,45,2356
GHCND:USW00093845,VALDOSTA REGIONAL AIRPORT GA US,20070128,124,-9999,-9999,133,44,35,360,300,76,98,1206
GHCND:USW00093845,VALDOSTA REGIONAL AIRPORT GA US,20070129,0,-9999,-9999,100,-21,20,10,10,72,76,926
GHCND:USW00093845,VALDOSTA REGIONAL AIRPORT GA US,20070130,5,-9999,-9999,-9999,-9999,6,310,300,40,54,1548
GHCND:USW00093845,VALDOSTA REGIONAL AIRPORT GA US,20070131,0,-9999,-9999,133,11,20,360,130,63,67,2230
GHCND:USW00093845,VALDOSTA REGIONAL AIRPORT GA US,20070201,528,-9999,-9999,200,72,42,10,10,94,107,1756
GHCND:USW00093845,VALDOSTA REGIONAL AIRPORT GA US,20070202,28,-9999,-9999,183,89,19,290,260,54,81,1230
GHCND:USW00093845,VALDOSTA REGIONAL AIRPORT GA US,20070203,0,-9999,-9999,89,33,26,10,10,72,81,1009
GHCND:USW00093845,VALDOSTA REGIONAL AIRPORT GA US,20070204,0,-9999,-9999,133,22,7,20,10,31,40,841
GHCND:USW00093845,VALDOSTA REGIONAL AIRPORT GA US,20070205,0,-9999,-9999,122,22,17,360,360,58,76,1318
GHCND:USW00093845,VALDOSTA REGIONAL AIRPORT GA US,20070206,0,-9999,-9999,150,-10,12,350,330,40,76,1228
GHCND:USW00093845,VALDOSTA REGIONAL AIRPORT GA US,20070207,0,-9999,-9999,211,11,16,220,280,54,76,1434
GHCND:USW00093845,VALDOSTA REGIONAL AIRPORT GA US,20070208,0,-9999,-9999,222,61,11,10,310,54,63,1402
GHCND:USW00093845,VALDOSTA REGIONAL AIRPORT GA US,20070209,0,-9999,-9999,206,67,16,10,300,54,67,1611
GHCND:USW00093845,VALDOSTA REGIONAL AIRPORT GA US,20070210,0,-9999,-9999,156,17,20,360,10,67,76,1730
GHCND:USW00093845,VALDOSTA REGIONAL AIRPORT GA US,20070211,0,-9999,-9999,172,-16,16,10,20,40,54,1407
GHCND:USW00093845,VALDOSTA REGIONAL AIRPORT GA US,20070212,0,-9999,-9999,222,50,17,170,180,67,76,1441
GHCND:USW00093845,VALDOSTA REGIONAL AIRPORT GA US,20070213,198,-9999,-9999,217,89,23,170,330,67,94,1625
GHCND:USW00093845,VALDOSTA REGIONAL AIRPORT GA US,20070214,0,-9999,-9999,167,17,32,310,310,67,98,949
GHCND:USW00093845,VALDOSTA REGIONAL AIRPORT GA US,20070215,0,-9999,-9999,83,0,18,320,340,40,72,1059
GHCND:USW00093845,VALDOSTA REGIONAL AIRPORT GA US,20070216,0,-9999,-9999,89,-27,25,310,310,63,81,1600
GHCND:USW00093845,VALDOSTA REGIONAL AIRPORT GA US,20070217,0,-9999,-9999,139,-49,18,200,200,58,81,1601
GHCND:USW00093845,VALDOSTA REGIONAL AIRPORT GA US,20070218,0,-9999,-9999,111,11,33,320,320,67,107,1636
GHCND:USW00093845,VALDOSTA REGIONAL AIRPORT GA US,20070219,0,-9999,-9999,167,-32,14,170,240,40,58,1444
GHCND:USW00093845,VALDOSTA REGIONAL AIRPORT GA US,20070220,0,-9999,-9999,211,11,24,200,180,63,89,1628
GHCND:USW00093845,VALDOSTA REGIONAL AIRPORT GA US,20070221,25,-9999,-9999,244,117,27,250,240,67,89,1303
GHCND:USW00093845,VALDOSTA REGIONAL AIRPORT GA US,20070222,0,-9999,-9999,250,89,25,300,320,63,81,1424
GHCND:USW00093845,VALDOSTA REGIONAL AIRPORT GA US,20070223,0,-9999,-9999,222,39,18,10,20,67,81,903
GHCND:USW00093845,VALDOSTA REGIONAL AIRPORT GA US,20070224,0,-9999,-9999,239,28,32,180,190,76,98,1537
GHCND:USW00093845,VALDOSTA REGIONAL AIRPORT GA US,20070225,3,-9999,-9999,233,144,42,180,180,103,125,1023
GHCND:USW00093845,VALDOSTA REGIONAL AIRPORT GA US,20070226,0,-9999,-9999,244,72,11,180,170,54,76,1332
GHCND:USW00093845,VALDOSTA REGIONAL AIRPORT GA US,20070227,0,-9999,-9999,261,83,13,320,280,45,76,1422
GHCND:USW00093845,VALDOSTA REGIONAL AIRPORT GA US,20070228,0,-9999,-9999,272,78,31,140,130,63,94,1404
GHCND:USW00093845,VALDOSTA REGIONAL AIRPORT GA US,20070301,15,-9999,-9999,233,161,43,200,220,98,139,2328
GHCND:USW00093845,VALDOSTA REGIONAL AIRPORT GA US,20070302,140,-9999,-9999,239,61,23,200,200,103,161,209
GHCND:USW00093845,VALDOSTA REGIONAL AIRPORT GA US,20070303,0,-9999,-9999,217,56,13,310,300,45,63,1432
GHCND:USW00093845,VALDOSTA REGIONAL AIRPORT GA US,20070304,0,-9999,-9999,161,50,27,300,300,72,94,1350
GHCND:USW00093845,VALDOSTA REGIONAL AIRPORT GA US,20070305,0,-9999,-9999,172,11,21,10,10,67,89,927
GHCND:USW00093845,VALDOSTA REGIONAL AIRPORT GA US,20070306,0,-9999,-9999,222,0,21,10,20,76,98,1039
GHCND:USW00093845,VALDOSTA REGIONAL AIRPORT GA US,20070307,0,-9999,-9999,239,22,12,180,190,54,67,1314
GHCND:USW00093845,VALDOSTA REGIONAL AIRPORT GA US,20070308,0,-9999,-9999,250,56,9,220,230,58,76,1551
GHCND:USW00093845,VALDOSTA REGIONAL AIRPORT GA US,20070309,0,-9999,-9999,233,111,33,80,80,67,81,2051
GHCND:USW00093845,VALDOSTA REGIONAL AIRPORT GA US,20070310,0,-9999,-9999,256,111,15,120,90,58,72,117
GHCND:USW00093845,VALDOSTA REGIONAL AIRPORT GA US,20070311,0,-9999,-9999,261,94,7,40,90,54,67,1200
GHCND:USW00093845,VALDOSTA REGIONAL AIRPORT GA US,20070312,0,-9999,-9999,267,83,5,140,160,36,45,1149
GHCND:USW00093845,VALDOSTA REGIONAL AIRPORT GA US,20070313,0,-9999,-9999,278,94,7,180,190,45,58,1240
GHCND:USW00093845,VALDOSTA REGIONAL AIRPORT GA US,20070314,0,-9999,-9999,272,139,23,180,190,72,94,1441
GHCND:USW00093845,VALDOSTA REGIONAL AIRPORT GA US,20070315,0,-9999,-9999,267,133,25,170,190,72,89,1550
GHCND:USW00093845,VALDOSTA REGIONAL AIRPORT GA US,20070316,0,-9999,-9999,250,106,34,340,330,76,130,2106
GHCND:USW00093845,VALDOSTA REGIONAL AIRPORT GA US,20070317,0,-9999,-9999,167,39,30,360,360,89,112,843
GHCND:USW00093845,VALDOSTA REGIONAL AIRPORT GA US,20070318,0,-9999,-9999,189,11,19,20,30,58,89,1300
GHCND:USW00093845,VALDOSTA REGIONAL AIRPORT GA US,20070319,0,-9999,-9999,228,22,19,130,160,63,72,1500
GHCND:USW00093845,VALDOSTA REGIONAL AIRPORT GA US,20070320,0,-9999,-9999,267,56,19,110,130,58,76,1249
GHCND:USW00093845,VALDOSTA REGIONAL AIRPORT GA US,20070321,0,-9999,-9999,250,83,29,100,100,67,89,1107
GHCND:USW00093845,VALDOSTA REGIONAL AIRPORT GA US,20070322,0,-9999,-9999,267,133,31,110,110,76,103,1219
GHCND:USW00093845,VALDOSTA REGIONAL AIRPORT GA US,20070323,0,-9999,-9999,289,111,25,70,70,58,72,1527
GHCND:USW00093845,VALDOSTA REGIONAL AIRPORT GA US,20070324,0,-9999,-9999,294,111,19,110,70,63,81,1154
GHCND:USW00093845,VALDOSTA REGIONAL AIRPORT GA US,20070325,0,-9999,-9999,306,100,17,110,130,63,89,1419
GHCND:USW00093845,VALDOSTA REGIONAL AIRPORT GA US,20070326,0,-9999,-9999,294,122,25,150,120,67,94,2122
GHCND:USW00093845,VALDOSTA REGIONAL AIRPORT GA US,20070327,0,-9999,-9999,278,156,12,110,110,45,54,2131
GHCND:USW00093845,VALDOSTA REGIONAL AIRPORT GA US,20070328,0,-9999,-9999,306,122,11,80,90,54,58,2132
GHCND:USW00093845,VALDOSTA REGIONAL AIRPORT GA US,20070329,0,-9999,-9999,306,128,23,110,130,72,103,2037
GHCND:USW00093845,VALDOSTA REGIONAL AIRPORT GA US,20070330,0,-9999,-9999,256,144,36,90,50,58,76,1503
GHCND:USW00093845,VALDOSTA REGIONAL AIRPORT GA US,20070331,0,-9999,-9999,267,167,31,170,130,58,76,1102
GHCND:USW00093845,VALDOSTA REGIONAL AIRPORT GA US,20070401,0,-9999,-9999,283,139,29,180,180,67,81,1131
GHCND:USW00093845,VALDOSTA REGIONAL AIRPORT GA US,20070402,0,-9999,-9999,300,133,22,170,180,58,89,1553
GHCND:USW00093845,VALDOSTA REGIONAL AIRPORT GA US,20070403,0,-9999,-9999,306,156,13,230,240,45,67,1058
GHCND:USW00093845,VALDOSTA REGIONAL AIRPORT GA US,20070404,0,-9999,-9999,317,172,22,320,330,63,94,1605
GHCND:USW00093845,VALDOSTA REGIONAL AIRPORT GA US,20070405,0,-9999,-9999,222,106,31,10,360,72,94,1239
GHCND:USW00093845,VALDOSTA REGIONAL AIRPORT GA US,20070406,0,-9999,-9999,194,61,30,360,320,67,103,1539
GHCND:USW00093845,VALDOSTA REGIONAL AIRPORT GA US,20070407,0,-9999,-9999,139,17,30,10,360,89,112,929
GHCND:USW00093845,VALDOSTA REGIONAL AIRPORT GA US,20070408,0,-9999,-9999,150,-10,13,270,310,40,58,1427
GHCND:USW00093845,VALDOSTA REGIONAL AIRPORT GA US,20070409,0,-9999,-9999,144,33,6,170,190,45,63,1257
GHCND:USW00093845,VALDOSTA REGIONAL AIRPORT GA US,20070410,0,-9999,-9999,183,50,24,120,110,58,76,1759
GHCND:USW00093845,VALDOSTA REGIONAL AIRPORT GA US,20070411,0,-9999,-9999,283,128,25,140,200,63,81,1639
GHCND:USW00093845,VALDOSTA REGIONAL AIRPORT GA US,20070412,0,-9999,-9999,289,94,23,300,280,58,76,1611
GHCND:USW00093845,VALDOSTA REGIONAL AIRPORT GA US,20070413,0,-9999,-9999,300,72,21,10,10,58,67,938
GHCND:USW00093845,VALDOSTA REGIONAL AIRPORT GA US,20070414,0,-9999,-9999,317,139,48,180,180,98,139,1112
GHCND:USW00093845,VALDOSTA REGIONAL AIRPORT GA US,20070415,48,-9999,-9999,244,72,58,190,190,112,165,422
GHCND:USW00093845,VALDOSTA REGIONAL AIRPORT GA US,20070416,0,-9999,-9999,217,39,34,280,300,27,40,2329
GHCND:USW00093845,VALDOSTA REGIONAL AIRPORT GA US,20070417,0,-9999,-9999,283,100,23,310,320,63,89,1209
GHCND:USW00093845,VALDOSTA REGIONAL AIRPORT GA US,20070418,0,-9999,-9999,250,89,12,180,180,58,72,1108
GHCND:USW00093845,VALDOSTA REGIONAL AIRPORT GA US,20070419,0,-9999,-9999,278,72,16,20,320,54,63,1553
GHCND:USW00093845,VALDOSTA REGIONAL AIRPORT GA US,20070420,0,-9999,-9999,206,106,34,20,10,89,103,629
GHCND:USW00093845,VALDOSTA REGIONAL AIRPORT GA US,20070421,0,-9999,-9999,256,72,25,60,70,63,81,900
GHCND:USW00093845,VALDOSTA REGIONAL AIRPORT GA US,20070422,0,-9999,-9999,272,56,25,160,150,63,94,1232
GHCND:USW00093845,VALDOSTA REGIONAL AIRPORT GA US,20070423,0,-9999,-9999,283,89,17,150,150,54,67,910
GHCND:USW00093845,VALDOSTA REGIONAL AIRPORT GA US,20070424,0,-9999,-9999,300,106,12,190,170,54,67,1613
GHCND:USW00093845,VALDOSTA REGIONAL AIRPORT GA US,20070425,0,-9999,-9999,300,117,20,190,180,63,89,1408
GHCND:USW00093845,VALDOSTA REGIONAL AIRPORT GA US,20070426,0,-9999,-9999,306,156,41,170,180,98,112,1002
GHCND:USW00093845,VALDOSTA REGIONAL AIRPORT GA US,20070427,0,-9999,-9999,311,178,26,220,280,58,81,1248
GHCND:USW00093845,VALDOSTA REGIONAL AIRPORT GA US,20070428,0,-9999,-9999,294,128,19,10,280,63,76,1638
GHCND:USW00093845,VALDOSTA REGIONAL AIRPORT GA US,20070429,0,-9999,-9999,311,117,15,10,10,67,89,1201
GHCND:USW00093845,VALDOSTA REGIONAL AIRPORT GA US,20070430,0,-9999,-9999,322,111,9,20,200,45,58,1427
GHCND:USW00093845,VALDOSTA REGIONAL AIRPORT GA US,20070501,0,-9999,-9999,322,122,11,190,170,45,63,1623
GHCND:USW00093845,VALDOSTA REGIONAL AIRPORT GA US,20070502,0,-9999,-9999,333,144,10,310,350,40,67,1154
GHCND:USW00093845,VALDOSTA REGIONAL AIRPORT GA US,20070503,0,-9999,-9999,333,139,9,110,110,40,58,1412
GHCND:USW00093845,VALDOSTA REGIONAL AIRPORT GA US,20070504,0,-9999,-9999,328,139,15,170,190,58,76,1454
GHCND:USW00093845,VALDOSTA REGIONAL AIRPORT GA US,20070505,0,-9999,-9999,317,194,21,190,190,67,81,1905
GHCND:USW00093845,VALDOSTA REGIONAL AIRPORT GA US,20070506,0,-9999,-9999,300,172,35,20,10,94,116,1310
GHCND:USW00093845,VALDOSTA REGIONAL AIRPORT GA US,20070507,0,-9999,-9999,244,106,51,10,20,107,125,1355
GHCND:USW00093845,VALDOSTA REGIONAL AIRPORT GA US,20070508,0,-9999,-9999,294,100,58,10,20,94,125,1831
GHCND:USW00093845,VALDOSTA REGIONAL AIRPORT GA US,20070509,0,-9999,-9999,278,156,46,10,10,103,116,1945
GHCND:USW00093845,VALDOSTA REGIONAL AIRPORT GA US,20070510,0,-9999,-9999,322,178,45,10,10,94,107,1635
GHCND:USW00093845,VALDOSTA REGIONAL AIRPORT GA US,20070511,0,-9999,-9999,339,139,22,10,10,81,103,1342
GHCND:USW00093845,VALDOSTA REGIONAL AIRPORT GA US,20070512,0,-9999,-9999,322,172,14,10,20,81,103,2302
GHCND:USW00093845,VALDOSTA REGIONAL AIRPORT GA US,20070513,53,-9999,-9999,333,200,26,90,80,63,89,1956
GHCND:USW00093845,VALDOSTA REGIONAL AIRPORT GA US,20070514,0,-9999,-9999,300,189,40,80,110,72,94,1955
GHCND:USW00093845,VALDOSTA REGIONAL AIRPORT GA US,20070515,0,-9999,-9999,294,172,30,120,130,67,94,1037
GHCND:USW00093845,VALDOSTA REGIONAL AIRPORT GA US,20070516,0,-9999,-9999,311,128,14,180,220,40,58,1933
GHCND:USW00093845,VALDOSTA REGIONAL AIRPORT GA US,20070517,0,-9999,-9999,311,200,19,360,360,63,81,2354
GHCND:USW00093845,VALDOSTA REGIONAL AIRPORT GA US,20070518,0,-9999,-9999,300,167,38,10,10,76,94,652
GHCND:USW00093845,VALDOSTA REGIONAL AIRPORT GA US,20070519,0,-9999,-9999,289,122,28,20,90,63,94,1152
GHCND:USW00093845,VALDOSTA REGIONAL AIRPORT GA US,20070520,0,-9999,-9999,300,89,15,160,50,58,72,1137
GHCND:USW00093845,VALDOSTA REGIONAL AIRPORT GA US,20070521,0,-9999,-9999,322,100,19,90,130,58,72,1521
GHCND:USW00093845,VALDOSTA REGIONAL AIRPORT GA US,20070522,0,-9999,-9999,306,122,28,90,90,72,98,1804
GHCND:USW00093845,VALDOSTA REGIONAL AIRPORT GA US,20070523,0,-9999,-9999,300,172,41,140,120,98,130,1519
GHCND:USW00093845,VALDOSTA REGIONAL AIRPORT GA US,20070524,0,-9999,-9999,283,172,37,70,70,76,98,1117
GHCND:USW00093845,VALDOSTA REGIONAL AIRPORT GA US,20070525,0,-9999,-9999,294,183,33,120,130,76,94,1203
GHCND:USW00093845,VALDOSTA REGIONAL AIRPORT GA US,20070526,0,-9999,-9999,300,133,23,80,80,63,76,1207
GHCND:USW00093845,VALDOSTA REGIONAL AIRPORT GA US,20070527,0,-9999,-9999,306,139,25,110,120,63,72,2107
GHCND:USW00093845,VALDOSTA REGIONAL AIRPORT GA US,20070528,0,-9999,-9999,306,144,26,60,100,67,94,1756
GHCND:USW00093845,VALDOSTA REGIONAL AIRPORT GA US,20070529,0,-9999,-9999,322,178,32,120,80,76,103,1653
GHCND:USW00093845,VALDOSTA REGIONAL AIRPORT GA US,20070530,0,-9999,-9999,333,139,30,120,110,81,107,1544
GHCND:USW00093845,VALDOSTA REGIONAL AIRPORT GA US,20070531,3,-9999,-9999,317,172,21,50,80,63,76,1437
GHCND:USW00093845,VALDOSTA REGIONAL AIRPORT GA US,20070601,-9999,-9999,-9999,289,206,-9999,130,120,54,76,2015
GHCND:USW00093845,VALDOSTA REGIONAL AIRPORT GA US,20070602,1041,-9999,-9999,206,183,47,10,360,125,174,1558
GHCND:USW00093845,VALDOSTA REGIONAL AIRPORT GA US,20070603,0,-9999,-9999,317,189,28,270,260,67,98,1656
GHCND:USW00093845,VALDOSTA REGIONAL AIRPORT GA US,20070604,0,-9999,-9999,317,222,30,200,200,72,112,1543
GHCND:USW00093845,VALDOSTA REGIONAL AIRPORT GA US,20070605,0,-9999,-9999,283,217,18,190,200,58,94,1440
GHCND:USW00093845,VALDOSTA REGIONAL AIRPORT GA US,20070606,0,-9999,-9999,333,228,21,180,180,63,76,1606
GHCND:USW00093845,VALDOSTA REGIONAL AIRPORT GA US,20070607,0,-9999,-9999,333,211,18,180,200,58,81,1134
GHCND:USW00093845,VALDOSTA REGIONAL AIRPORT GA US,20070608,0,-9999,-9999,344,200,12,290,310,81,139,2124
GHCND:USW00093845,VALDOSTA REGIONAL AIRPORT GA US,20070609,0,-9999,-9999,356,206,18,360,10,67,94,1339
GHCND:USW00093845,VALDOSTA REGIONAL AIRPORT GA US,20070610,0,-9999,-9999,367,211,19,300,300,54,76,1326
GHCND:USW00093845,VALDOSTA REGIONAL AIRPORT GA US,20070611,0,-9999,-9999,356,189,13,80,70,40,58,1825
GHCND:USW00093845,VALDOSTA REGIONAL AIRPORT GA US,20070612,340,-9999,-9999,261,194,8,10,360,103,116,750
GHCND:USW00093845,VALDOSTA REGIONAL AIRPORT GA US,20070613,3,-9999,-9999,300,183,22,80,110,58,81,1618
GHCND:USW00093845,VALDOSTA REGIONAL AIRPORT GA US,20070614,0,-9999,-9999,306,161,22,40,20,63,81,1424
GHCND:USW00093845,VALDOSTA REGIONAL AIRPORT GA US,20070615,0,-9999,-9999,311,172,16,110,120,45,63,1826
GHCND:USW00093845,VALDOSTA REGIONAL AIRPORT GA US,20070616,0,-9999,-9999,322,189,13,130,30,40,67,1544
GHCND:USW00093845,VALDOSTA REGIONAL AIRPORT GA US,20070617,0,-9999,-9999,339,183,11,150,200,40,58,1745
GHCND:USW00093845,VALDOSTA REGIONAL AIRPORT GA US,20070618,0,-9999,-9999,344,200,11,180,170,76,112,1708
GHCND:USW00093845,VALDOSTA REGIONAL AIRPORT GA US,20070619,71,-9999,-9999,317,211,8,230,230,76,125,1520
GHCND:USW00093845,VALDOSTA REGIONAL AIRPORT GA US,20070620,234,-9999,-9999,294,206,13,360,300,45,67,1629
GHCND:USW00093845,VALDOSTA REGIONAL AIRPORT GA US,20070621,0,-9999,-9999,306,217,35,40,30,67,94,1632
GHCND:USW00093845,VALDOSTA REGIONAL AIRPORT GA US,20070622,0,-9999,-9999,328,206,15,10,10,54,63,1347
GHCND:USW00093845,VALDOSTA REGIONAL AIRPORT GA US,20070623,0,-9999,-9999,344,194,9,190,230,40,58,2024
GHCND:USW00093845,VALDOSTA REGIONAL AIRPORT GA US,20070624,0,-9999,-9999,344,206,8,180,180,40,58,1509
GHCND:USW00093845,VALDOSTA REGIONAL AIRPORT GA US,20070625,0,-9999,-9999,344,222,12,180,180,27,31,1955
GHCND:USW00093845,VALDOSTA REGIONAL AIRPORT GA US,20070626,0,-9999,-9999,333,200,16,140,140,89,112,1559
GHCND:USW00093845,VALDOSTA REGIONAL AIRPORT GA US,20070627,13,-9999,-9999,328,222,12,150,130,89,112,1450
GHCND:USW00093845,VALDOSTA REGIONAL AIRPORT GA US,20070628,0,-9999,-9999,333,206,12,70,70,94,112,1701
GHCND:USW00093845,VALDOSTA REGIONAL AIRPORT GA US,20070629,0,-9999,-9999,344,211,13,130,130,72,81,1722
GHCND:USW00093845,VALDOSTA REGIONAL AIRPORT GA US,20070630,97,-9999,-9999,344,217,9,90,70,94,125,1540
GHCND:USW00093845,VALDOSTA REGIONAL AIRPORT GA US,20070701,18,-9999,-9999,344,222,13,130,140,76,107,1538
GHCND:USW00093845,VALDOSTA REGIONAL AIRPORT GA US,20070702,0,-9999,-9999,317,222,15,70,70,63,81,2214
GHCND:USW00093845,VALDOSTA REGIONAL AIRPORT GA US,20070703,97,-9999,-9999,294,222,26,80,90,67,103,1622
GHCND:USW00093845,VALDOSTA REGIONAL AIRPORT GA US,20070704,0,-9999,-9999,306,211,31,90,90,72,103,1810
GHCND:USW00093845,VALDOSTA REGIONAL AIRPORT GA US,20070705,0,-9999,-9999,328,211,19,360,360,67,81,1332
GHCND:USW00093845,VALDOSTA REGIONAL AIRPORT GA US,20070706,33,-9999,-9999,339,206,7,300,300,76,107,2130
GHCND:USW00093845,VALDOSTA REGIONAL AIRPORT GA US,20070707,0,-9999,-9999,339,222,11,360,320,40,67,1512
GHCND:USW00093845,VALDOSTA REGIONAL AIRPORT GA US,20070708,10,-9999,-9999,344,228,24,190,180,76,112,1417
GHCND:USW00093845,VALDOSTA REGIONAL AIRPORT GA US,20070709,0,-9999,-9999,339,228,11,200,190,54,72,1757
GHCND:USW00093845,VALDOSTA REGIONAL AIRPORT GA US,20070710,0,-9999,-9999,356,239,13,200,300,40,67,1319
GHCND:USW00093845,VALDOSTA REGIONAL AIRPORT GA US,20070711,0,-9999,-9999,350,228,21,190,260,63,89,1445
GHCND:USW00093845,VALDOSTA REGIONAL AIRPORT GA US,20070712,0,-9999,-9999,356,228,7,310,310,36,72,1443
GHCND:USW00093845,VALDOSTA REGIONAL AIRPORT GA US,20070713,287,-9999,-9999,350,211,8,270,260,89,148,1624
GHCND:USW00093845,VALDOSTA REGIONAL AIRPORT GA US,20070714,295,-9999,-9999,322,217,15,10,320,63,94,1408
GHCND:USW00093845,VALDOSTA REGIONAL AIRPORT GA US,20070715,0,-9999,-9999,322,222,17,200,320,40,72,1600
GHCND:USW00093845,VALDOSTA REGIONAL AIRPORT GA US,20070716,0,-9999,-9999,339,211,11,180,170,58,72,1548
GHCND:USW00093845,VALDOSTA REGIONAL AIRPORT GA US,20070717,0,-9999,-9999,344,217,9,280,280,27,36,1813
GHCND:USW00093845,VALDOSTA REGIONAL AIRPORT GA US,20070718,0,-9999,-9999,350,217,10,300,300,36,63,1415
GHCND:USW00093845,VALDOSTA REGIONAL AIRPORT GA US,20070719,0,-9999,-9999,350,228,10,250,240,40,63,1846
GHCND:USW00093845,VALDOSTA REGIONAL AIRPORT GA US,20070720,0,-9999,-9999,361,211,16,360,10,139,179,1808
GHCND:USW00093845,VALDOSTA REGIONAL AIRPORT GA US,20070721,41,-9999,-9999,333,206,17,90,90,89,143,2155
GHCND:USW00093845,VALDOSTA REGIONAL AIRPORT GA US,20070722,94,-9999,-9999,300,194,25,140,90,112,139,1408
GHCND:USW00093845,VALDOSTA REGIONAL AIRPORT GA US,20070723,0,-9999,-9999,311,172,23,110,120,63,81,1228
GHCND:USW00093845,VALDOSTA REGIONAL AIRPORT GA US,20070724,84,-9999,-9999,306,211,17,90,100,89,125,1336
GHCND:USW00093845,VALDOSTA REGIONAL AIRPORT GA US,20070725,170,-9999,-9999,328,200,8,190,200,112,139,1755
GHCND:USW00093845,VALDOSTA REGIONAL AIRPORT GA US,20070726,0,-9999,-9999,339,217,7,200,220,40,67,1541
GHCND:USW00093845,VALDOSTA REGIONAL AIRPORT GA US,20070727,76,-9999,-9999,339,222,8,270,260,107,157,1831
GHCND:USW00093845,VALDOSTA REGIONAL AIRPORT GA US,20070728,33,-9999,-9999,339,222,22,160,150,81,107,1833
GHCND:USW00093845,VALDOSTA REGIONAL AIRPORT GA US,20070729,3,-9999,-9999,333,217,15,190,200,54,76,1905
GHCND:USW00093845,VALDOSTA REGIONAL AIRPORT GA US,20070730,84,-9999,-9999,317,228,10,120,100,98,139,1201
GHCND:USW00093845,VALDOSTA REGIONAL AIRPORT GA US,20070731,33,-9999,-9999,322,228,9,80,70,67,98,1742
GHCND:USW00093845,VALDOSTA REGIONAL AIRPORT GA US,20070801,0,-9999,-9999,333,217,15,80,100,72,103,1821
GHCND:USW00093845,VALDOSTA REGIONAL AIRPORT GA US,20070802,198,-9999,-9999,289,233,26,70,60,67,94,1248
GHCND:USW00093845,VALDOSTA REGIONAL AIRPORT GA US,20070803,193,-9999,-9999,261,233,24,110,200,63,76,1352
GHCND:USW00093845,VALDOSTA REGIONAL AIRPORT GA US,20070804,0,-9999,-9999,339,228,5,30,30,36,45,1504
GHCND:USW00093845,VALDOSTA REGIONAL AIRPORT GA US,20070805,0,-9999,-9999,350,228,6,240,320,31,54,1128
GHCND:USW00093845,VALDOSTA REGIONAL AIRPORT GA US,20070806,3,-9999,-9999,356,250,11,10,130,67,89,1633
GHCND:USW00093845,VALDOSTA REGIONAL AIRPORT GA US,20070807,0,-9999,-9999,361,239,5,210,240,36,63,1752
GHCND:USW00093845,VALDOSTA REGIONAL AIRPORT GA US,20070808,0,-9999,-9999,361,244,9,180,190,40,54,1507
GHCND:USW00093845,VALDOSTA REGIONAL AIRPORT GA US,20070809,0,-9999,-9999,367,256,9,320,330,54,103,2018
GHCND:USW00093845,VALDOSTA REGIONAL AIRPORT GA US,20070810,0,-9999,-9999,361,250,17,200,190,40,76,1741
GHCND:USW00093845,VALDOSTA REGIONAL AIRPORT GA US,20070811,5,-9999,-9999,361,239,19,180,210,63,81,1734
GHCND:USW00093845,VALDOSTA REGIONAL AIRPORT GA US,20070812,58,-9999,-9999,350,233,15,160,160,89,116,1556
GHCND:USW00093845,VALDOSTA REGIONAL AIRPORT GA US,20070813,-9999,-9999,-9999,339,222,2,290,10,31,54,1134
GHCND:USW00093845,VALDOSTA REGIONAL AIRPORT GA US,20070814,-9999,-9999,-9999,356,239,9,150,140,58,67,2243
GHCND:USW00093845,VALDOSTA REGIONAL AIRPORT GA US,20070815,-9999,-9999,-9999,361,217,11,160,160,45,67,1505
GHCND:USW00093845,VALDOSTA REGIONAL AIRPORT GA US,20070816,-9999,-9999,-9999,350,222,10,180,150,40,58,1457
GHCND:USW00093845,VALDOSTA REGIONAL AIRPORT GA US,20070817,8,-9999,-9999,339,228,10,320,310,36,63,2254
GHCND:USW00093845,VALDOSTA REGIONAL AIRPORT GA US,20070818,20,-9999,-9999,344,217,10,180,170,94,107,1605
GHCND:USW00093845,VALDOSTA REGIONAL AIRPORT GA US,20070819,0,-9999,-9999,344,211,21,110,170,40,67,1609
GHCND:USW00093845,VALDOSTA REGIONAL AIRPORT GA US,20070820,0,-9999,-9999,356,217,15,170,170,45,67,1631
GHCND:USW00093845,VALDOSTA REGIONAL AIRPORT GA US,20070821,0,-9999,-9999,356,222,12,140,150,45,63,1626
GHCND:USW00093845,VALDOSTA REGIONAL AIRPORT GA US,20070822,0,-9999,-9999,372,211,14,130,140,54,76,1553
GHCND:USW00093845,VALDOSTA REGIONAL AIRPORT GA US,20070823,15,-9999,-9999,350,228,17,100,110,94,148,2048
GHCND:USW00093845,VALDOSTA REGIONAL AIRPORT GA US,20070824,0,-9999,-9999,350,222,10,180,180,63,76,1813
GHCND:USW00093845,VALDOSTA REGIONAL AIRPORT GA US,20070825,23,-9999,-9999,328,222,8,180,160,63,89,1602
GHCND:USW00093845,VALDOSTA REGIONAL AIRPORT GA US,20070826,0,-9999,-9999,328,211,13,180,180,67,89,1352
GHCND:USW00093845,VALDOSTA REGIONAL AIRPORT GA US,20070827,5,-9999,-9999,328,228,10,280,280,45,98,1209
GHCND:USW00093845,VALDOSTA REGIONAL AIRPORT GA US,20070828,0,-9999,-9999,339,217,9,100,110,54,72,1539
GHCND:USW00093845,VALDOSTA REGIONAL AIRPORT GA US,20070829,58,-9999,-9999,322,222,6,70,100,103,125,1308
GHCND:USW00093845,VALDOSTA REGIONAL AIRPORT GA US,20070830,13,-9999,-9999,344,233,9,320,310,45,89,1501
GHCND:USW00093845,VALDOSTA REGIONAL AIRPORT GA US,20070831,107,-9999,-9999,328,222,12,160,160,63,76,1644
GHCND:USW00093845,VALDOSTA REGIONAL AIRPORT GA US,20070901,102,-9999,-9999,317,239,15,80,140,45,63,1804
GHCND:USW00093845,VALDOSTA REGIONAL AIRPORT GA US,20070902,0,-9999,-9999,311,239,17,40,40,63,76,1708
GHCND:USW00093845,VALDOSTA REGIONAL AIRPORT GA US,20070903,0,-9999,-9999,322,217,20,30,50,58,76,1446
GHCND:USW00093845,VALDOSTA REGIONAL AIRPORT GA US,20070904,0,-9999,-9999,333,189,13,30,20,58,76,1447
GHCND:USW00093845,VALDOSTA REGIONAL AIRPORT GA US,20070905,0,-9999,-9999,333,172,16,70,100,63,98,1106
GHCND:USW00093845,VALDOSTA REGIONAL AIRPORT GA US,20070906,0,-9999,-9999,333,206,25,80,110,63,89,1520
GHCND:USW00093845,VALDOSTA REGIONAL AIRPORT GA US,20070907,0,-9999,-9999,333,211,20,120,110,54,72,1734
GHCND:USW00093845,VALDOSTA REGIONAL AIRPORT GA US,20070908,0,-9999,-9999,317,178,17,50,50,58,76,1026
GHCND:USW00093845,VALDOSTA REGIONAL AIRPORT GA US,20070909,0,-9999,-9999,333,178,9,160,140,5,9,2342
GHCND:USW00093845,VALDOSTA REGIONAL AIRPORT GA US,20070910,25,-9999,-9999,339,194,11,200,220,63,81,1511
GHCND:USW00093845,VALDOSTA REGIONAL AIRPORT GA US,20070911,71,-9999,-9999,317,222,17,290,270,63,112,1502
GHCND:USW00093845,VALDOSTA REGIONAL AIRPORT GA US,20070912,216,-9999,-9999,317,217,12,170,170,72,94,1348
GHCND:USW00093845,VALDOSTA REGIONAL AIRPORT GA US,20070913,0,-9999,-9999,333,217,5,150,110,36,58,1430
GHCND:USW00093845,VALDOSTA REGIONAL AIRPORT GA US,20070914,0,-9999,-9999,328,211,10,180,190,54,81,1156
GHCND:USW00093845,VALDOSTA REGIONAL AIRPORT GA US,20070915,0,-9999,-9999,317,211,10,360,10,45,67,1523
GHCND:USW00093845,VALDOSTA REGIONAL AIRPORT GA US,20070916,0,-9999,-9999,322,183,26,80,80,67,94,1939
GHCND:USW00093845,VALDOSTA REGIONAL AIRPORT GA US,20070917,0,-9999,-9999,294,194,37,40,70,81,107,922
GHCND:USW00093845,VALDOSTA REGIONAL AIRPORT GA US,20070918,0,-9999,-9999,294,178,36,40,30,76,98,1455
GHCND:USW00093845,VALDOSTA REGIONAL AIRPORT GA US,20070919,0,-9999,-9999,289,172,45,20,40,81,103,1418
GHCND:USW00093845,VALDOSTA REGIONAL AIRPORT GA US,20070920,33,-9999,-9999,256,211,55,20,30,89,112,620
GHCND:USW00093845,VALDOSTA REGIONAL AIRPORT GA US,20070921,312,-9999,-9999,278,217,26,160,160,94,116,1445
GHCND:USW00093845,VALDOSTA REGIONAL AIRPORT GA US,20070922,53,-9999,-9999,317,228,18,210,210,67,112,1606
GHCND:USW00093845,VALDOSTA REGIONAL AIRPORT GA US,20070923,0,-9999,-9999,317,211,12,90,80,54,76,1314
GHCND:USW00093845,VALDOSTA REGIONAL AIRPORT GA US,20070924,5,-9999,-9999,328,211,20,110,130,89,125,1740
GHCND:USW00093845,VALDOSTA REGIONAL AIRPORT GA US,20070925,0,-9999,-9999,311,217,26,80,50,63,94,1301
GHCND:USW00093845,VALDOSTA REGIONAL AIRPORT GA US,20070926,61,-9999,-9999,322,217,13,20,30,81,107,1650
GHCND:USW00093845,VALDOSTA REGIONAL AIRPORT GA US,20070927,0,-9999,-9999,322,200,9,10,360,89,98,2107
GHCND:USW00093845,VALDOSTA REGIONAL AIRPORT GA US,20070928,0,-9999,-9999,317,194,12,20,10,54,58,1637
GHCND:USW00093845,VALDOSTA REGIONAL AIRPORT GA US,20070929,0,-9999,-9999,300,194,37,80,70,72,103,1106
GHCND:USW00093845,VALDOSTA REGIONAL AIRPORT GA US,20070930,0,-9999,-9999,289,172,34,40,50,72,98,1538
GHCND:USW00093845,VALDOSTA REGIONAL AIRPORT GA US,20071001,0,-9999,-9999,306,194,40,40,30,81,112,1141
GHCND:USW00093845,VALDOSTA REGIONAL AIRPORT GA US,20071002,117,-9999,-9999,283,206,46,50,50,81,107,1527
GHCND:USW00093845,VALDOSTA REGIONAL AIRPORT GA US,20071003,10,-9999,-9999,311,228,25,50,40,72,98,1808
GHCND:USW00093845,VALDOSTA REGIONAL AIRPORT GA US,20071004,0,-9999,-9999,306,233,28,80,70,72,94,1451
GHCND:USW00093845,VALDOSTA REGIONAL AIRPORT GA US,20071005,43,-9999,-9999,311,233,32,50,80,76,107,1502
GHCND:USW00093845,VALDOSTA REGIONAL AIRPORT GA US,20071006,0,-9999,-9999,306,239,28,100,90,67,89,1500
GHCND:USW00093845,VALDOSTA REGIONAL AIRPORT GA US,20071007,10,-9999,-9999,311,228,23,70,70,89,112,1410
GHCND:USW00093845,VALDOSTA REGIONAL AIRPORT GA US,20071008,0,-9999,-9999,306,189,20,90,80,54,76,1447
GHCND:USW00093845,VALDOSTA REGIONAL AIRPORT GA US,20071009,0,-9999,-9999,311,172,3,70,10,31,54,1359
GHCND:USW00093845,VALDOSTA REGIONAL AIRPORT GA US,20071010,0,-9999,-9999,317,189,7,310,340,36,67,1054
GHCND:USW00093845,VALDOSTA REGIONAL AIRPORT GA US,20071011,0,-9999,-9999,278,128,22,10,360,63,81,953
GHCND:USW00093845,VALDOSTA REGIONAL AIRPORT GA US,20071012,0,-9999,-9999,261,78,15,30,40,54,67,845
GHCND:USW00093845,VALDOSTA REGIONAL AIRPORT GA US,20071013,0,-9999,-9999,278,122,10,120,90,45,67,1213
GHCND:USW00093845,VALDOSTA REGIONAL AIRPORT GA US,20071014,0,-9999,-9999,283,156,18,70,80,54,72,1140
GHCND:USW00093845,VALDOSTA REGIONAL AIRPORT GA US,20071015,0,-9999,-9999,300,144,23,120,120,63,94,740
GHCND:USW00093845,VALDOSTA REGIONAL AIRPORT GA US,20071016,0,-9999,-9999,289,189,17,160,120,54,67,1027
GHCND:USW00093845,VALDOSTA REGIONAL AIRPORT GA US,20071017,0,-9999,-9999,300,189,18,150,150,54,72,1428
GHCND:USW00093845,VALDOSTA REGIONAL AIRPORT GA US,20071018,206,-9999,-9999,300,200,10,190,270,58,81,1953
GHCND:USW00093845,VALDOSTA REGIONAL AIRPORT GA US,20071019,130,-9999,-9999,239,178,15,10,360,63,76,1101
GHCND:USW00093845,VALDOSTA REGIONAL AIRPORT GA US,20071020,0,-9999,-9999,261,128,11,10,10,54,76,1310
GHCND:USW00093845,VALDOSTA REGIONAL AIRPORT GA US,20071021,20,-9999,-9999,256,122,16,130,150,58,72,1457
GHCND:USW00093845,VALDOSTA REGIONAL AIRPORT GA US,20071022,0,-9999,-9999,300,200,21,140,210,45,63,1503
GHCND:USW00093845,VALDOSTA REGIONAL AIRPORT GA US,20071023,33,-9999,-9999,306,194,37,170,200,81,107,1624
GHCND:USW00093845,VALDOSTA REGIONAL AIRPORT GA US,20071024,0,-9999,-9999,200,100,7,280,260,36,63,1756
GHCND:USW00093845,VALDOSTA REGIONAL AIRPORT GA US,20071025,0,-9999,-9999,244,83,8,170,180,58,72,1248
GHCND:USW00093845,VALDOSTA REGIONAL AIRPORT GA US,20071026,0,-9999,-9999,272,128,5,20,50,40,54,1229
GHCND:USW00093845,VALDOSTA REGIONAL AIRPORT GA US,20071027,0,-9999,-9999,239,150,29,360,10,67,89,717
GHCND:USW00093845,VALDOSTA REGIONAL AIRPORT GA US,20071028,0,-9999,-9999,217,150,45,30,30,76,103,2031
GHCND:USW00093845,VALDOSTA REGIONAL AIRPORT GA US,20071029,0,-9999,-9999,178,139,48,20,40,81,112,913
GHCND:USW00093845,VALDOSTA REGIONAL AIRPORT GA US,20071030,0,-9999,-9999,244,117,42,60,50,76,103,1311
GHCND:USW00093845,VALDOSTA REGIONAL AIRPORT GA US,20071031,0,-9999,-9999,250,161,36,70,140,63,125,1319
GHCND:USW00093845,VALDOSTA REGIONAL AIRPORT GA US,20071101,0,-9999,-9999,283,172,44,10,10,89,107,1538
GHCND:USW00093845,VALDOSTA REGIONAL AIRPORT GA US,20071102,0,-9999,-9999,244,117,40,360,360,89,107,1458
GHCND:USW00093845,VALDOSTA REGIONAL AIRPORT GA US,20071103,0,-9999,-9999,239,67,5,360,340,36,58,1550
GHCND:USW00093845,VALDOSTA REGIONAL AIRPORT GA US,20071104,0,-9999,-9999,233,56,9,120,100,5,5,2359
GHCND:USW00093845,VALDOSTA REGIONAL AIRPORT GA US,20071105,0,-9999,-9999,244,44,8,20,360,58,72,1227
GHCND:USW00093845,VALDOSTA REGIONAL AIRPORT GA US,20071106,0,-9999,-9999,261,44,18,360,10,81,107,2102
GHCND:USW00093845,VALDOSTA REGIONAL AIRPORT GA US,20071107,0,-9999,-9999,156,0,33,10,50,72,103,917
GHCND:USW00093845,VALDOSTA REGIONAL AIRPORT GA US,20071108,0,-9999,-9999,178,-10,7,50,30,54,63,1429
GHCND:USW00093845,VALDOSTA REGIONAL AIRPORT GA US,20071109,0,-9999,-9999,206,0,4,10,340,40,58,1402
GHCND:USW00093845,VALDOSTA REGIONAL AIRPORT GA US,20071110,0,-9999,-9999,233,50,10,360,360,58,94,1320
GHCND:USW00093845,VALDOSTA REGIONAL AIRPORT GA US,20071111,0,-9999,-9999,217,39,17,70,100,54,76,1048
GHCND:USW00093845,VALDOSTA REGIONAL AIRPORT GA US,20071112,0,-9999,-9999,233,78,6,100,80,36,54,853
GHCND:USW00093845,VALDOSTA REGIONAL AIRPORT GA US,20071113,0,-9999,-9999,250,67,4,310,30,36,89,744
GHCND:USW00093845,VALDOSTA REGIONAL AIRPORT GA US,20071114,0,-9999,-9999,261,83,9,10,320,40,63,1059
GHCND:USW00093845,VALDOSTA REGIONAL AIRPORT GA US,20071115,30,-9999,-9999,194,83,20,310,320,63,107,1447
GHCND:USW00093845,VALDOSTA REGIONAL AIRPORT GA US,20071116,0,-9999,-9999,150,-5,17,20,20,76,98,850
GHCND:USW00093845,VALDOSTA REGIONAL AIRPORT GA US,20071117,0,-9999,-9999,206,-21,5,170,200,40,67,1338
GHCND:USW00093845,VALDOSTA REGIONAL AIRPORT GA US,20071118,0,-9999,-9999,228,22,5,190,180,40,63,1258
GHCND:USW00093845,VALDOSTA REGIONAL AIRPORT GA US,20071119,0,-9999,-9999,239,89,8,60,50,36,54,1150
GHCND:USW00093845,VALDOSTA REGIONAL AIRPORT GA US,20071120,0,-9999,-9999,261,72,5,170,180,54,63,1425
GHCND:USW00093845,VALDOSTA REGIONAL AIRPORT GA US,20071121,0,-9999,-9999,267,94,18,180,190,67,89,1315
GHCND:USW00093845,VALDOSTA REGIONAL AIRPORT GA US,20071122,91,-9999,-9999,228,139,29,160,160,130,161,931
GHCND:USW00093845,VALDOSTA REGIONAL AIRPORT GA US,20071123,0,-9999,-9999,161,56,30,10,10,67,94,248
GHCND:USW00093845,VALDOSTA REGIONAL AIRPORT GA US,20071124,0,-9999,-9999,183,61,36,40,30,67,98,1835
GHCND:USW00093845,VALDOSTA REGIONAL AIRPORT GA US,20071125,0,-9999,-9999,206,106,22,40,90,45,107,1532
GHCND:USW00093845,VALDOSTA REGIONAL AIRPORT GA US,20071126,142,-9999,-9999,278,183,32,200,180,76,116,1255
GHCND:USW00093845,VALDOSTA REGIONAL AIRPORT GA US,20071127,0,-9999,-9999,183,83,23,10,320,63,76,450
GHCND:USW00093845,VALDOSTA REGIONAL AIRPORT GA US,20071128,0,-9999,-9999,200,78,26,70,80,58,76,956
GHCND:USW00093845,VALDOSTA REGIONAL AIRPORT GA US,20071129,0,-9999,-9999,222,106,10,360,30,45,58,1555
GHCND:USW00093845,VALDOSTA REGIONAL AIRPORT GA US,20071130,0,-9999,-9999,228,94,10,10,10,45,72,1312
GHCND:USW00093845,VALDOSTA REGIONAL AIRPORT GA US,20071201,0,-9999,-9999,211,72,18,40,70,54,67,1610
GHCND:USW00093845,VALDOSTA REGIONAL AIRPORT GA US,20071202,0,-9999,-9999,250,94,7,180,190,40,58,1504
GHCND:USW00093845,VALDOSTA REGIONAL AIRPORT GA US,20071203,0,-9999,-9999,228,33,23,10,10,81,103,2106
GHCND:USW00093845,VALDOSTA REGIONAL AIRPORT GA US,20071204,0,-9999,-9999,178,6,9,10,30,40,54,907
GHCND:USW00093845,VALDOSTA REGIONAL AIRPORT GA US,20071205,0,-9999,-9999,211,-10,9,230,260,54,94,1607
GHCND:USW00093845,VALDOSTA REGIONAL AIRPORT GA US,20071206,0,-9999,-9999,183,39,14,10,30,54,67,1019
GHCND:USW00093845,VALDOSTA REGIONAL AIRPORT GA US,20071207,0,-9999,-9999,189,111,15,140,100,40,58,405
GHCND:USW00093845,VALDOSTA REGIONAL AIRPORT GA US,20071208,0,-9999,-9999,267,106,6,170,170,40,58,1315
GHCND:USW00093845,VALDOSTA REGIONAL AIRPORT GA US,20071209,0,-9999,-9999,267,111,9,130,110,40,67,917
GHCND:USW00093845,VALDOSTA REGIONAL AIRPORT GA US,20071210,0,-9999,-9999,267,106,3,90,80,31,40,1529
GHCND:USW00093845,VALDOSTA REGIONAL AIRPORT GA US,20071211,0,-9999,-9999,272,117,9,170,130,54,67,1234
GHCND:USW00093845,VALDOSTA REGIONAL AIRPORT GA US,20071212,0,-9999,-9999,278,128,5,170,180,45,58,1223
GHCND:USW00093845,VALDOSTA REGIONAL AIRPORT GA US,20071213,0,-9999,-9999,267,128,6,190,190,40,63,1347
GHCND:USW00093845,VALDOSTA REGIONAL AIRPORT GA US,20071214,0,-9999,-9999,261,106,0,360,320,31,45,1412
GHCND:USW00093845,VALDOSTA REGIONAL AIRPORT GA US,20071215,366,-9999,-9999,239,122,28,190,200,72,112,1944
GHCND:USW00093845,VALDOSTA REGIONAL AIRPORT GA US,20071216,36,-9999,-9999,189,33,26,310,320,76,130,640
GHCND:USW00093845,VALDOSTA REGIONAL AIRPORT GA US,20071217,0,-9999,-9999,117,-16,20,10,10,67,89,1232
GHCND:USW00093845,VALDOSTA REGIONAL AIRPORT GA US,20071218,0,-9999,-9999,133,-21,3,40,40,40,54,1126
GHCND:USW00093845,VALDOSTA REGIONAL AIRPORT GA US,20071219,0,-9999,-9999,206,17,3,190,90,36,63,952
GHCND:USW00093845,VALDOSTA REGIONAL AIRPORT GA US,20071220,81,-9999,-9999,228,50,16,180,160,67,81,1346
GHCND:USW00093845,VALDOSTA REGIONAL AIRPORT GA US,20071221,157,-9999,-9999,194,94,32,30,360,76,98,424
GHCND:USW00093845,VALDOSTA REGIONAL AIRPORT GA US,20071222,0,-9999,-9999,139,94,24,30,40,54,72,302
GHCND:USW00093845,VALDOSTA REGIONAL AIRPORT GA US,20071223,0,-9999,-9999,206,56,17,180,310,58,72,1839
GHCND:USW00093845,VALDOSTA REGIONAL AIRPORT GA US,20071224,0,-9999,-9999,156,0,13,20,10,63,76,935
GHCND:USW00093845,VALDOSTA REGIONAL AIRPORT GA US,20071225,66,-9999,-9999,117,44,18,100,110,63,81,2028
GHCND:USW00093845,VALDOSTA REGIONAL AIRPORT GA US,20071226,0,-9999,-9999,106,17,15,20,20,45,58,746
GHCND:USW00093845,VALDOSTA REGIONAL AIRPORT GA US,20071227,0,-9999,-9999,206,44,15,150,140,63,81,157
GHCND:USW00093845,VALDOSTA REGIONAL AIRPORT GA US,20071228,0,-9999,-9999,267,150,31,170,160,81,116,1302
GHCND:USW00093845,VALDOSTA REGIONAL AIRPORT GA US,20071229,0,-9999,-9999,256,189,28,200,180,67,103,1314
GHCND:USW00093845,VALDOSTA REGIONAL AIRPORT GA US,20071230,15,-9999,-9999,244,161,29,200,170,72,112,1202
GHCND:USW00093845,VALDOSTA REGIONAL AIRPORT GA US,20071231,0,-9999,-9999,183,106,19,80,90,58,72,1042
GHCND:USW00093845,VALDOSTA REGIONAL AIRPORT GA US,20080101,0,-9999,-9999,150,33,19,310,320,58,107,1519
GHCND:USW00093845,VALDOSTA REGIONAL AIRPORT GA US,20080102,0,-9999,-9999,44,-16,33,360,10,94,139,1321
GHCND:USW00093845,VALDOSTA REGIONAL AIRPORT GA US,20080103,0,-9999,-9999,67,-43,26,30,20,67,89,916
GHCND:USW00093845,VALDOSTA REGIONAL AIRPORT GA US,20080104,0,-9999,-9999,133,-32,15,100,60,40,63,1018
GHCND:USW00093845,VALDOSTA REGIONAL AIRPORT GA US,20080105,0,-9999,-9999,183,0,9,110,100,40,58,1045
GHCND:USW00093845,VALDOSTA REGIONAL AIRPORT GA US,20080106,0,-9999,-9999,222,67,1,140,150,40,54,39
GHCND:USW00093845,VALDOSTA REGIONAL AIRPORT GA US,20080107,0,-9999,-9999,250,83,12,200,200,63,72,1406
GHCND:USW00093845,VALDOSTA REGIONAL AIRPORT GA US,20080108,0,-9999,-9999,256,100,12,160,180,54,67,1544
GHCND:USW00093845,VALDOSTA REGIONAL AIRPORT GA US,20080109,0,-9999,-9999,256,100,19,200,200,58,89,1258
GHCND:USW00093845,VALDOSTA REGIONAL AIRPORT GA US,20080110,0,-9999,-9999,261,133,19,180,200,67,94,1451
GHCND:USW00093845,VALDOSTA REGIONAL AIRPORT GA US,20080111,51,-9999,-9999,222,144,21,190,210,58,76,1057
GHCND:USW00093845,VALDOSTA REGIONAL AIRPORT GA US,20080112,0,-9999,-9999,167,139,11,10,360,40,45,1032
GHCND:USW00093845,VALDOSTA REGIONAL AIRPORT GA US,20080113,0,-9999,-9999,206,44,10,310,320,45,67,1218
GHCND:USW00093845,VALDOSTA REGIONAL AIRPORT GA US,20080114,0,-9999,-9999,144,6,13,360,10,63,76,1341
GHCND:USW00093845,VALDOSTA REGIONAL AIRPORT GA US,20080115,0,-9999,-9999,139,6,6,280,280,13,27,1703
GHCND:USW00093845,VALDOSTA REGIONAL AIRPORT GA US,20080116,91,-9999,-9999,128,50,29,80,80,67,103,2106
GHCND:USW00093845,VALDOSTA REGIONAL AIRPORT GA US,20080117,41,-9999,-9999,156,72,20,360,10,45,63,1651
GHCND:USW00093845,VALDOSTA REGIONAL AIRPORT GA US,20080118,0,-9999,-9999,144,56,18,20,30,54,67,1116
GHCND:USW00093845,VALDOSTA REGIONAL AIRPORT GA US,20080119,290,-9999,-9999,100,44,26,360,360,94,116,1404
GHCND:USW00093845,VALDOSTA REGIONAL AIRPORT GA US,20080120,0,-9999,-9999,78,-5,32,360,10,76,103,1443
GHCND:USW00093845,VALDOSTA REGIONAL AIRPORT GA US,20080121,0,-9999,-9999,111,-10,38,70,50,67,94,1311
GHCND:USW00093845,VALDOSTA REGIONAL AIRPORT GA US,20080122,3,-9999,-9999,206,33,15,60,30,45,67,145
GHCND:USW00093845,VALDOSTA REGIONAL AIRPORT GA US,20080123,0,-9999,-9999,183,100,8,10,10,54,58,1041
GHCND:USW00093845,VALDOSTA REGIONAL AIRPORT GA US,20080124,5,-9999,-9999,150,33,9,360,350,58,81,1958
GHCND:USW00093845,VALDOSTA REGIONAL AIRPORT GA US,20080125,0,-9999,-9999,111,-10,32,60,10,67,98,417
GHCND:USW00093845,VALDOSTA REGIONAL AIRPORT GA US,20080126,18,-9999,-9999,94,50,13,10,40,36,45,1513
GHCND:USW00093845,VALDOSTA REGIONAL AIRPORT GA US,20080127,0,-9999,-9999,167,11,13,360,10,54,81,1310
GHCND:USW00093845,VALDOSTA REGIONAL AIRPORT GA US,20080128,0,-9999,-9999,178,-16,9,70,140,45,81,1507
GHCND:USW00093845,VALDOSTA REGIONAL AIRPORT GA US,20080129,0,-9999,-9999,200,0,26,190,190,63,98,1451
GHCND:USW00093845,VALDOSTA REGIONAL AIRPORT GA US,20080130,71,-9999,-9999,178,28,22,180,180,89,112,129
GHCND:USW00093845,VALDOSTA REGIONAL AIRPORT GA US,20080131,0,-9999,-9999,217,28,27,150,140,67,94,2359
GHCND:USW00093845,VALDOSTA REGIONAL AIRPORT GA US,20080201,8,-9999,-9999,194,22,30,180,190,89,125,359
GHCND:USW00093845,VALDOSTA REGIONAL AIRPORT GA US,20080202,0,-9999,-9999,200,-5,8,170,160,45,63,1418
GHCND:USW00093845,VALDOSTA REGIONAL AIRPORT GA US,20080203,0,-9999,-9999,222,28,10,180,150,45,72,1528
GHCND:USW00093845,VALDOSTA REGIONAL AIRPORT GA US,20080204,0,-9999,-9999,267,67,13,180,180,72,103,1425
GHCND:USW00093845,VALDOSTA REGIONAL AIRPORT GA US,20080205,0,-9999,-9999,272,106,17,180,180,72,94,1149
GHCND:USW00093845,VALDOSTA REGIONAL AIRPORT GA US,20080206,8,-9999,-9999,261,150,45,190,190,94,143,1329
GHCND:USW00093845,VALDOSTA REGIONAL AIRPORT GA US,20080207,0,-9999,-9999,183,83,12,180,280,36,58,2
GHCND:USW00093845,VALDOSTA REGIONAL AIRPORT GA US,20080208,0,-9999,-9999,211,17,8,180,190,54,76,1447
GHCND:USW00093845,VALDOSTA REGIONAL AIRPORT GA US,20080209,0,-9999,-9999,228,56,8,310,300,40,67,1423
GHCND:USW00093845,VALDOSTA REGIONAL AIRPORT GA US,20080210,0,-9999,-9999,217,11,13,10,330,67,125,1214
GHCND:USW00093845,VALDOSTA REGIONAL AIRPORT GA US,20080211,0,-9999,-9999,228,0,16,160,180,58,103,1529
GHCND:USW00093845,VALDOSTA REGIONAL AIRPORT GA US,20080212,3,-9999,-9999,228,100,23,180,170,103,130,1204
GHCND:USW00093845,VALDOSTA REGIONAL AIRPORT GA US,20080213,0,-9999,-9999,189,6,24,290,300,67,125,1507
GHCND:USW00093845,VALDOSTA REGIONAL AIRPORT GA US,20080214,0,-9999,-9999,167,-38,7,40,20,36,54,926
GHCND:USW00093845,VALDOSTA REGIONAL AIRPORT GA US,20080215,0,-9999,-9999,206,-5,4,20,10,36,54,1224
GHCND:USW00093845,VALDOSTA REGIONAL AIRPORT GA US,20080216,0,-9999,-9999,244,33,9,140,130,40,58,2223
GHCND:USW00093845,VALDOSTA REGIONAL AIRPORT GA US,20080217,8,-9999,-9999,267,106,40,170,170,94,130,1334
GHCND:USW00093845,VALDOSTA REGIONAL AIRPORT GA US,20080218,81,-9999,-9999,217,100,22,180,170,72,103,310
GHCND:USW00093845,VALDOSTA REGIONAL AIRPORT GA US,20080219,0,-9999,-9999,178,22,13,10,10,63,107,1032
GHCND:USW00093845,VALDOSTA REGIONAL AIRPORT GA US,20080220,0,-9999,-9999,217,0,7,180,150,45,63,1409
GHCND:USW00093845,VALDOSTA REGIONAL AIRPORT GA US,20080221,686,-9999,-9999,189,56,20,130,120,72,94,2208
GHCND:USW00093845,VALDOSTA REGIONAL AIRPORT GA US,20080222,594,-9999,-9999,256,150,26,350,360,54,94,2126
GHCND:USW00093845,VALDOSTA REGIONAL AIRPORT GA US,20080223,51,-9999,-9999,239,100,19,170,180,63,72,522
GHCND:USW00093845,VALDOSTA REGIONAL AIRPORT GA US,20080224,0,-9999,-9999,233,67,7,290,320,40,58,1621
GHCND:USW00093845,VALDOSTA REGIONAL AIRPORT GA US,20080225,0,-9999,-9999,228,61,11,340,330,45,89,1201
GHCND:USW00093845,VALDOSTA REGIONAL AIRPORT GA US,20080226,63,-9999,-9999,239,94,31,300,190,76,130,1120
GHCND:USW00093845,VALDOSTA REGIONAL AIRPORT GA US,20080227,0,-9999,-9999,100,11,31,290,310,63,107,1244
GHCND:USW00093845,VALDOSTA REGIONAL AIRPORT GA US,20080228,0,-9999,-9999,122,-38,11,20,360,54,81,1148
GHCND:USW00093845,VALDOSTA REGIONAL AIRPORT GA US,20080229,0,-9999,-9999,183,-10,10,150,150,31,40,2358
GHCND:USW00093845,VALDOSTA REGIONAL AIRPORT GA US,20080301,0,-9999,-9999,228,44,6,360,360,40,58,1205
GHCND:USW00093845,VALDOSTA REGIONAL AIRPORT GA US,20080302,0,-9999,-9999,244,50,14,130,90,40,72,1513
GHCND:USW00093845,VALDOSTA REGIONAL AIRPORT GA US,20080303,0,-9999,-9999,267,100,28,170,170,94,125,1140
GHCND:USW00093845,VALDOSTA REGIONAL AIRPORT GA US,20080304,53,-9999,-9999,228,128,54,200,200,94,148,1654
GHCND:USW00093845,VALDOSTA REGIONAL AIRPORT GA US,20080305,0,-9999,-9999,200,67,13,260,250,40,72,2
GHCND:USW00093845,VALDOSTA REGIONAL AIRPORT GA US,20080306,0,-9999,-9999,222,39,11,180,180,67,94,1805
GHCND:USW00093845,VALDOSTA REGIONAL AIRPORT GA US,20080307,340,-9999,-9999,189,150,46,190,180,134,183,827
GHCND:USW00093845,VALDOSTA REGIONAL AIRPORT GA US,20080308,0,-9999,-9999,172,11,30,280,270,72,139,838
GHCND:USW00093845,VALDOSTA REGIONAL AIRPORT GA US,20080309,0,-9999,-9999,161,-5,7,20,10,54,89,1202
GHCND:USW00093845,VALDOSTA REGIONAL AIRPORT GA US,20080310,0,-9999,-9999,211,33,6,140,90,45,103,734
GHCND:USW00093845,VALDOSTA REGIONAL AIRPORT GA US,20080311,56,-9999,-9999,211,67,10,360,360,54,63,1641
GHCND:USW00093845,VALDOSTA REGIONAL AIRPORT GA US,20080312,0,-9999,-9999,211,67,11,20,20,58,81,1052
GHCND:USW00093845,VALDOSTA REGIONAL AIRPORT GA US,20080313,0,-9999,-9999,233,44,5,180,200,45,63,1913
GHCND:USW00093845,VALDOSTA REGIONAL AIRPORT GA US,20080314,0,-9999,-9999,189,89,22,180,200,58,76,2047
GHCND:USW00093845,VALDOSTA REGIONAL AIRPORT GA US,20080315,0,-9999,-9999,256,156,36,210,200,76,143,1737
GHCND:USW00093845,VALDOSTA REGIONAL AIRPORT GA US,20080316,0,-9999,-9999,261,133,22,360,350,76,98,951
GHCND:USW00093845,VALDOSTA REGIONAL AIRPORT GA US,20080317,0,-9999,-9999,256,111,34,110,110,76,107,1516
GHCND:USW00093845,VALDOSTA REGIONAL AIRPORT GA US,20080318,0,-9999,-9999,267,117,35,170,170,98,134,1206
GHCND:USW00093845,VALDOSTA REGIONAL AIRPORT GA US,20080319,15,-9999,-9999,272,161,55,180,180,107,161,1021
GHCND:USW00093845,VALDOSTA REGIONAL AIRPORT GA US,20080320,0,-9999,-9999,206,56,31,10,360,76,116,651
GHCND:USW00093845,VALDOSTA REGIONAL AIRPORT GA US,20080321,0,-9999,-9999,239,44,19,150,170,58,81,1057
GHCND:USW00093845,VALDOSTA REGIONAL AIRPORT GA US,20080322,0,-9999,-9999,250,89,7,280,300,36,58,1507
GHCND:USW00093845,VALDOSTA REGIONAL AIRPORT GA US,20080323,0,-9999,-9999,239,89,26,10,360,67,103,2306
GHCND:USW00093845,VALDOSTA REGIONAL AIRPORT GA US,20080324,0,-9999,-9999,167,33,38,10,20,103,125,939
GHCND:USW00093845,VALDOSTA REGIONAL AIRPORT GA US,20080325,0,-9999,-9999,178,0,21,40,100,45,89,1327
GHCND:USW00093845,VALDOSTA REGIONAL AIRPORT GA US,20080326,0,-9999,-9999,233,17,8,180,190,58,81,1602
GHCND:USW00093845,VALDOSTA REGIONAL AIRPORT GA US,20080327,0,-9999,-9999,261,61,16,170,180,67,94,1044
GHCND:USW00093845,VALDOSTA REGIONAL AIRPORT GA US,20080328,0,-9999,-9999,272,78,9,340,330,40,63,1532
GHCND:USW00093845,VALDOSTA REGIONAL AIRPORT GA US,20080329,0,-9999,-9999,283,94,9,180,190,54,63,1349
GHCND:USW00093845,VALDOSTA REGIONAL AIRPORT GA US,20080330,0,-9999,-9999,189,111,36,40,50,67,94,2126
GHCND:USW00093845,VALDOSTA REGIONAL AIRPORT GA US,20080331,0,-9999,-9999,239,100,26,50,50,54,72,39
GHCND:USW00093845,VALDOSTA REGIONAL AIRPORT GA US,20080401,0,-9999,-9999,294,161,-9999,-9999,-9999,-9999,-9999,-9999
GHCND:USW00093845,VALDOSTA REGIONAL AIRPORT GA US,20080402,58,-9999,-9999,300,161,-9999,-9999,-9999,-9999,-9999,-9999
GHCND:USW00093845,VALDOSTA REGIONAL AIRPORT GA US,20080403,0,-9999,-9999,278,167,-9999,-9999,-9999,-9999,-9999,-9999
GHCND:USW00093845,VALDOSTA REGIONAL AIRPORT GA US,20080404,0,-9999,-9999,294,183,-9999,-9999,-9999,-9999,-9999,-9999
GHCND:USW00093845,VALDOSTA REGIONAL AIRPORT GA US,20080405,932,-9999,-9999,272,167,-9999,-9999,-9999,-9999,-9999,-9999
GHCND:USW00093845,VALDOSTA REGIONAL AIRPORT GA US,20080406,0,-9999,-9999,211,172,-9999,-9999,-9999,-9999,-9999,-9999
GHCND:USW00093845,VALDOSTA REGIONAL AIRPORT GA US,20080407,0,-9999,-9999,222,161,-9999,-9999,-9999,-9999,-9999,-9999
GHCND:USW00093845,VALDOSTA REGIONAL AIRPORT GA US,20080408,0,-9999,-9999,239,144,-9999,-9999,-9999,-9999,-9999,-9999
GHCND:USW00093845,VALDOSTA REGIONAL AIRPORT GA US,20080409,0,-9999,-9999,261,139,-9999,-9999,-9999,-9999,-9999,-9999
GHCND:USW00093845,VALDOSTA REGIONAL AIRPORT GA US,20080410,0,-9999,-9999,283,144,-9999,-9999,-9999,-9999,-9999,-9999
GHCND:USW00093845,VALDOSTA REGIONAL AIRPORT GA US,20080411,0,-9999,-9999,300,150,-9999,-9999,-9999,-9999,-9999,-9999
GHCND:USW00093845,VALDOSTA REGIONAL AIRPORT GA US,20080412,107,-9999,-9999,283,133,-9999,-9999,-9999,-9999,-9999,-9999
GHCND:USW00093845,VALDOSTA REGIONAL AIRPORT GA US,20080413,0,-9999,-9999,217,89,-9999,-9999,-9999,-9999,-9999,-9999
GHCND:USW00093845,VALDOSTA REGIONAL AIRPORT GA US,20080414,0,-9999,-9999,161,50,-9999,-9999,-9999,-9999,-9999,-9999
GHCND:USW00093845,VALDOSTA REGIONAL AIRPORT GA US,20080415,0,-9999,-9999,178,44,-9999,-9999,-9999,-9999,-9999,-9999
GHCND:USW00093845,VALDOSTA REGIONAL AIRPORT GA US,20080416,0,-9999,-9999,217,22,-9999,-9999,-9999,-9999,-9999,-9999
GHCND:USW00093845,VALDOSTA REGIONAL AIRPORT GA US,20080417,0,-9999,-9999,250,33,-9999,-9999,-9999,-9999,-9999,-9999
GHCND:USW00093845,VALDOSTA REGIONAL AIRPORT GA US,20080418,0,-9999,-9999,272,72,-9999,-9999,-9999,-9999,-9999,-9999
GHCND:USW00093845,VALDOSTA REGIONAL AIRPORT GA US,20080419,0,-9999,-9999,267,117,-9999,-9999,-9999,-9999,-9999,-9999
GHCND:USW00093845,VALDOSTA REGIONAL AIRPORT GA US,20080420,0,-9999,-9999,278,83,-9999,-9999,-9999,-9999,-9999,-9999
GHCND:USW00093845,VALDOSTA REGIONAL AIRPORT GA US,20080421,0,-9999,-9999,267,106,-9999,-9999,-9999,-9999,-9999,-9999
GHCND:USW00093845,VALDOSTA REGIONAL AIRPORT GA US,20080422,0,-9999,-9999,272,94,-9999,-9999,-9999,-9999,-9999,-9999
GHCND:USW00093845,VALDOSTA REGIONAL AIRPORT GA US,20080423,0,-9999,-9999,267,117,-9999,-9999,-9999,-9999,-9999,-9999
GHCND:USW00093845,VALDOSTA REGIONAL AIRPORT GA US,20080429,0,-9999,-9999,233,83,-9999,-9999,-9999,-9999,-9999,-9999
GHCND:USW00093845,VALDOSTA REGIONAL AIRPORT GA US,20080430,0,-9999,-9999,261,61,-9999,-9999,-9999,-9999,-9999,-9999
GHCND:USW00093845,VALDOSTA REGIONAL AIRPORT GA US,20080501,0,-9999,-9999,283,89,26,170,120,63,89,1158
GHCND:USW00093845,VALDOSTA REGIONAL AIRPORT GA US,20080502,0,-9999,-9999,289,139,27,180,180,81,103,935
GHCND:USW00093845,VALDOSTA REGIONAL AIRPORT GA US,20080503,0,-9999,-9999,283,161,23,180,180,72,98,843
GHCND:USW00093845,VALDOSTA REGIONAL AIRPORT GA US,20080504,0,-9999,-9999,300,156,9,190,190,40,67,1218
GHCND:USW00093845,VALDOSTA REGIONAL AIRPORT GA US,20080505,0,-9999,-9999,294,144,9,300,310,45,72,1435
GHCND:USW00093845,VALDOSTA REGIONAL AIRPORT GA US,20080506,0,-9999,-9999,306,100,12,140,140,45,63,2229
GHCND:USW00093845,VALDOSTA REGIONAL AIRPORT GA US,20080507,0,-9999,-9999,311,161,21,160,190,63,107,1415
GHCND:USW00093845,VALDOSTA REGIONAL AIRPORT GA US,20080508,0,-9999,-9999,300,183,41,180,180,98,134,1214
GHCND:USW00093845,VALDOSTA REGIONAL AIRPORT GA US,20080509,0,-9999,-9999,328,228,22,260,260,54,98,1350
GHCND:USW00093845,VALDOSTA REGIONAL AIRPORT GA US,20080510,0,-9999,-9999,333,217,22,190,200,54,81,1832
GHCND:USW00093845,VALDOSTA REGIONAL AIRPORT GA US,20080511,0,-9999,-9999,322,222,34,230,210,67,165,1118
GHCND:USW00093845,VALDOSTA REGIONAL AIRPORT GA US,20080512,0,-9999,-9999,272,106,24,300,320,58,107,54
GHCND:USW00093845,VALDOSTA REGIONAL AIRPORT GA US,20080513,0,-9999,-9999,289,83,22,140,100,63,89,2115
GHCND:USW00093845,VALDOSTA REGIONAL AIRPORT GA US,20080514,211,-9999,-9999,322,117,15,150,140,72,98,913
GHCND:USW00093845,VALDOSTA REGIONAL AIRPORT GA US,20080515,0,-9999,-9999,289,172,33,180,200,76,103,1825
GHCND:USW00093845,VALDOSTA REGIONAL AIRPORT GA US,20080516,102,-9999,-9999,261,211,12,200,220,45,81,1101
GHCND:USW00093845,VALDOSTA REGIONAL AIRPORT GA US,20080517,0,-9999,-9999,272,156,12,360,10,45,67,506
GHCND:USW00093845,VALDOSTA REGIONAL AIRPORT GA US,20080518,0,-9999,-9999,289,156,17,200,180,67,103,1719
GHCND:USW00093845,VALDOSTA REGIONAL AIRPORT GA US,20080519,0,-9999,-9999,311,167,18,200,190,45,76,1801
GHCND:USW00093845,VALDOSTA REGIONAL AIRPORT GA US,20080520,0,-9999,-9999,317,183,22,200,210,63,98,1853
GHCND:USW00093845,VALDOSTA REGIONAL AIRPORT GA US,20080521,163,-9999,-9999,311,206,24,320,320,81,130,1523
GHCND:USW00093845,VALDOSTA REGIONAL AIRPORT GA US,20080522,0,-9999,-9999,294,206,14,190,210,45,63,1753
GHCND:USW00093845,VALDOSTA REGIONAL AIRPORT GA US,20080523,8,-9999,-9999,283,206,6,170,180,45,63,837
GHCND:USW00093845,VALDOSTA REGIONAL AIRPORT GA US,20080524,0,-9999,-9999,317,206,14,90,90,58,89,2336
GHCND:USW00093845,VALDOSTA REGIONAL AIRPORT GA US,20080525,0,-9999,-9999,306,194,31,120,100,58,76,2017
GHCND:USW00093845,VALDOSTA REGIONAL AIRPORT GA US,20080526,0,-9999,-9999,294,144,13,130,140,45,67,2048
GHCND:USW00093845,VALDOSTA REGIONAL AIRPORT GA US,20080527,0,-9999,-9999,300,133,10,130,160,40,67,1312
GHCND:USW00093845,VALDOSTA REGIONAL AIRPORT GA US,20080528,0,-9999,-9999,322,150,7,230,120,36,54,1358
GHCND:USW00093845,VALDOSTA REGIONAL AIRPORT GA US,20080529,0,-9999,-9999,322,200,18,70,60,67,89,1612
GHCND:USW00093845,VALDOSTA REGIONAL AIRPORT GA US,20080530,0,-9999,-9999,322,183,17,120,130,54,63,2147
GHCND:USW00093845,VALDOSTA REGIONAL AIRPORT GA US,20080531,0,-9999,-9999,344,183,7,160,200,36,54,814
GHCND:USW00093845,VALDOSTA REGIONAL AIRPORT GA US,20080601,0,-9999,-9999,350,217,14,190,190,58,67,1931
GHCND:USW00093845,VALDOSTA REGIONAL AIRPORT GA US,20080602,15,-9999,-9999,356,211,14,180,180,63,72,1744
GHCND:USW00093845,VALDOSTA REGIONAL AIRPORT GA US,20080603,10,-9999,-9999,344,200,13,190,200,94,116,1531
GHCND:USW00093845,VALDOSTA REGIONAL AIRPORT GA US,20080604,0,-9999,-9999,339,222,15,180,200,54,76,1245
GHCND:USW00093845,VALDOSTA REGIONAL AIRPORT GA US,20080605,0,-9999,-9999,356,206,12,70,150,40,58,1630
GHCND:USW00093845,VALDOSTA REGIONAL AIRPORT GA US,20080606,0,-9999,-9999,356,228,23,170,170,58,72,810
GHCND:USW00093845,VALDOSTA REGIONAL AIRPORT GA US,20080607,0,-9999,-9999,356,206,15,180,160,45,58,844
GHCND:USW00093845,VALDOSTA REGIONAL AIRPORT GA US,20080608,0,-9999,-9999,367,194,15,140,150,54,67,1634
GHCND:USW00093845,VALDOSTA REGIONAL AIRPORT GA US,20080609,25,-9999,-9999,356,217,12,200,200,63,76,1718
GHCND:USW00093845,VALDOSTA REGIONAL AIRPORT GA US,20080610,61,-9999,-9999,350,206,10,200,190,98,139,1620
GHCND:USW00093845,VALDOSTA REGIONAL AIRPORT GA US,20080611,310,-9999,-9999,339,200,10,140,80,103,161,1709
GHCND:USW00093845,VALDOSTA REGIONAL AIRPORT GA US,20080612,3,-9999,-9999,300,189,13,100,100,76,112,1611
GHCND:USW00093845,VALDOSTA REGIONAL AIRPORT GA US,20080613,0,-9999,-9999,333,200,16,150,140,63,81,2026
GHCND:USW00093845,VALDOSTA REGIONAL AIRPORT GA US,20080614,0,-9999,-9999,333,200,10,280,300,45,94,1732
GHCND:USW00093845,VALDOSTA REGIONAL AIRPORT GA US,20080615,81,-9999,-9999,300,211,11,190,190,76,98,1555
GHCND:USW00093845,VALDOSTA REGIONAL AIRPORT GA US,20080616,0,-9999,-9999,322,211,6,180,200,36,45,1217
GHCND:USW00093845,VALDOSTA REGIONAL AIRPORT GA US,20080617,0,-9999,-9999,344,189,11,200,200,45,67,1633
GHCND:USW00093845,VALDOSTA REGIONAL AIRPORT GA US,20080618,0,-9999,-9999,333,194,9,310,310,40,72,1721
GHCND:USW00093845,VALDOSTA REGIONAL AIRPORT GA US,20080619,0,-9999,-9999,339,172,5,290,290,40,63,1442
GHCND:USW00093845,VALDOSTA REGIONAL AIRPORT GA US,20080620,0,-9999,-9999,344,172,5,190,330,40,125,646
GHCND:USW00093845,VALDOSTA REGIONAL AIRPORT GA US,20080621,0,-9999,-9999,328,211,19,170,170,98,125,1353
GHCND:USW00093845,VALDOSTA REGIONAL AIRPORT GA US,20080622,10,-9999,-9999,311,206,9,190,200,76,103,1315
GHCND:USW00093845,VALDOSTA REGIONAL AIRPORT GA US,20080623,0,-9999,-9999,317,194,16,190,190,45,76,1520
GHCND:USW00093845,VALDOSTA REGIONAL AIRPORT GA US,20080624,0,-9999,-9999,350,211,9,190,190,45,63,1831
GHCND:USW00093845,VALDOSTA REGIONAL AIRPORT GA US,20080625,0,-9999,-9999,350,206,17,170,170,103,143,1957
GHCND:USW00093845,VALDOSTA REGIONAL AIRPORT GA US,20080626,15,-9999,-9999,339,200,15,360,360,76,98,1404
GHCND:USW00093845,VALDOSTA REGIONAL AIRPORT GA US,20080627,0,-9999,-9999,339,200,13,180,230,54,76,1639
GHCND:USW00093845,VALDOSTA REGIONAL AIRPORT GA US,20080628,69,-9999,-9999,339,206,13,270,290,89,197,1332
GHCND:USW00093845,VALDOSTA REGIONAL AIRPORT GA US,20080629,76,-9999,-9999,306,211,13,280,250,58,125,1157
GHCND:USW00093845,VALDOSTA REGIONAL AIRPORT GA US,20080630,196,-9999,-9999,289,211,9,10,10,94,134,1004
GHCND:USW00093845,VALDOSTA REGIONAL AIRPORT GA US,20080701,0,-9999,-9999,306,178,4,180,290,36,45,1633
GHCND:USW00093845,VALDOSTA REGIONAL AIRPORT GA US,20080702,0,-9999,-9999,322,189,6,160,190,40,58,1409
GHCND:USW00093845,VALDOSTA REGIONAL AIRPORT GA US,20080703,15,-9999,-9999,311,200,7,190,180,72,89,1253
GHCND:USW00093845,VALDOSTA REGIONAL AIRPORT GA US,20080704,0,-9999,-9999,333,200,12,190,190,54,72,1735
GHCND:USW00093845,VALDOSTA REGIONAL AIRPORT GA US,20080705,0,-9999,-9999,333,217,13,150,140,27,36,2352
GHCND:USW00093845,VALDOSTA REGIONAL AIRPORT GA US,20080706,0,-9999,-9999,322,211,20,170,160,72,89,1427
GHCND:USW00093845,VALDOSTA REGIONAL AIRPORT GA US,20080707,0,-9999,-9999,317,211,16,160,180,63,76,1421
GHCND:USW00093845,VALDOSTA REGIONAL AIRPORT GA US,20080708,0,-9999,-9999,333,194,17,80,80,22,31,2356
GHCND:USW00093845,VALDOSTA REGIONAL AIRPORT GA US,20080709,0,-9999,-9999,333,200,11,180,180,98,116,1526
GHCND:USW00093845,VALDOSTA REGIONAL AIRPORT GA US,20080710,0,-9999,-9999,333,211,9,190,190,40,58,1710
GHCND:USW00093845,VALDOSTA REGIONAL AIRPORT GA US,20080711,38,-9999,-9999,339,217,9,230,220,45,81,705
GHCND:USW00093845,VALDOSTA REGIONAL AIRPORT GA US,20080712,5,-9999,-9999,350,211,13,100,100,81,130,1941
GHCND:USW00093845,VALDOSTA REGIONAL AIRPORT GA US,20080713,28,-9999,-9999,333,200,9,60,50,63,76,1944
GHCND:USW00093845,VALDOSTA REGIONAL AIRPORT GA US,20080714,0,-9999,-9999,322,211,8,360,300,40,76,1507
GHCND:USW00093845,VALDOSTA REGIONAL AIRPORT GA US,20080715,5,-9999,-9999,333,217,19,120,90,63,94,1435
GHCND:USW00093845,VALDOSTA REGIONAL AIRPORT GA US,20080716,0,-9999,-9999,333,217,22,140,130,81,103,1636
GHCND:USW00093845,VALDOSTA REGIONAL AIRPORT GA US,20080717,0,-9999,-9999,328,228,27,70,70,89,125,1459
GHCND:USW00093845,VALDOSTA REGIONAL AIRPORT GA US,20080718,0,-9999,-9999,339,217,15,20,10,63,89,1042
GHCND:USW00093845,VALDOSTA REGIONAL AIRPORT GA US,20080719,0,-9999,-9999,367,222,12,360,10,45,72,1141
GHCND:USW00093845,VALDOSTA REGIONAL AIRPORT GA US,20080720,0,-9999,-9999,367,222,8,310,10,40,72,1141
GHCND:USW00093845,VALDOSTA REGIONAL AIRPORT GA US,20080721,0,-9999,-9999,372,217,9,190,190,94,107,1731
GHCND:USW00093845,VALDOSTA REGIONAL AIRPORT GA US,20080722,0,-9999,-9999,344,217,21,180,190,116,161,1754
GHCND:USW00093845,VALDOSTA REGIONAL AIRPORT GA US,20080723,0,-9999,-9999,300,211,5,310,290,58,94,1130
GHCND:USW00093845,VALDOSTA REGIONAL AIRPORT GA US,20080724,0,-9999,-9999,328,200,9,310,270,40,58,1601
GHCND:USW00093845,VALDOSTA REGIONAL AIRPORT GA US,20080725,8,-9999,-9999,339,222,9,360,10,67,107,1356
GHCND:USW00093845,VALDOSTA REGIONAL AIRPORT GA US,20080726,0,-9999,-9999,339,228,12,190,190,76,134,1545
GHCND:USW00093845,VALDOSTA REGIONAL AIRPORT GA US,20080727,0,-9999,-9999,344,228,9,180,170,72,94,1700
GHCND:USW00093845,VALDOSTA REGIONAL AIRPORT GA US,20080728,13,-9999,-9999,328,233,16,180,180,94,107,1259
GHCND:USW00093845,VALDOSTA REGIONAL AIRPORT GA US,20080729,0,-9999,-9999,311,233,18,190,220,58,72,1120
GHCND:USW00093845,VALDOSTA REGIONAL AIRPORT GA US,20080730,66,-9999,-9999,322,228,19,200,200,63,98,1544
GHCND:USW00093845,VALDOSTA REGIONAL AIRPORT GA US,20080731,46,-9999,-9999,300,239,11,180,180,63,94,1259
GHCND:USW00093845,VALDOSTA REGIONAL AIRPORT GA US,20080801,234,-9999,-9999,333,233,13,230,220,36,67,1807
GHCND:USW00093845,VALDOSTA REGIONAL AIRPORT GA US,20080802,0,-9999,-9999,311,228,17,200,190,58,94,1743
GHCND:USW00093845,VALDOSTA REGIONAL AIRPORT GA US,20080803,0,-9999,-9999,333,206,17,190,190,54,76,1352
GHCND:USW00093845,VALDOSTA REGIONAL AIRPORT GA US,20080804,0,-9999,-9999,333,211,8,220,270,27,45,1544
GHCND:USW00093845,VALDOSTA REGIONAL AIRPORT GA US,20080805,0,-9999,-9999,350,211,8,190,320,36,45,1454
GHCND:USW00093845,VALDOSTA REGIONAL AIRPORT GA US,20080806,15,-9999,-9999,361,233,7,290,300,36,72,1410
GHCND:USW00093845,VALDOSTA REGIONAL AIRPORT GA US,20080807,0,-9999,-9999,361,244,13,180,220,81,125,1627
GHCND:USW00093845,VALDOSTA REGIONAL AIRPORT GA US,20080808,0,-9999,-9999,322,222,13,160,300,54,72,1423
GHCND:USW00093845,VALDOSTA REGIONAL AIRPORT GA US,20080809,0,-9999,-9999,339,200,9,240,250,45,72,1329
GHCND:USW00093845,VALDOSTA REGIONAL AIRPORT GA US,20080810,0,-9999,-9999,339,178,10,190,230,45,72,1238
GHCND:USW00093845,VALDOSTA REGIONAL AIRPORT GA US,20080811,0,-9999,-9999,328,211,7,270,320,40,67,1608
GHCND:USW00093845,VALDOSTA REGIONAL AIRPORT GA US,20080812,56,-9999,-9999,272,211,8,220,260,36,76,1738
GHCND:USW00093845,VALDOSTA REGIONAL AIRPORT GA US,20080813,317,-9999,-9999,294,217,24,230,240,63,130,1052
GHCND:USW00093845,VALDOSTA REGIONAL AIRPORT GA US,20080814,3,-9999,-9999,328,228,9,240,220,45,94,1525
GHCND:USW00093845,VALDOSTA REGIONAL AIRPORT GA US,20080815,0,-9999,-9999,333,222,8,220,210,5,5,2359
GHCND:USW00093845,VALDOSTA REGIONAL AIRPORT GA US,20080816,0,-9999,-9999,300,217,5,190,230,31,54,1452
GHCND:USW00093845,VALDOSTA REGIONAL AIRPORT GA US,20080817,0,-9999,-9999,311,206,9,20,20,54,67,1656
GHCND:USW00093845,VALDOSTA REGIONAL AIRPORT GA US,20080818,150,-9999,-9999,317,211,14,160,170,67,76,1644
GHCND:USW00093845,VALDOSTA REGIONAL AIRPORT GA US,20080819,3,-9999,-9999,328,222,26,110,120,76,94,1556
GHCND:USW00093845,VALDOSTA REGIONAL AIRPORT GA US,20080820,119,-9999,-9999,317,228,42,20,20,89,112,1536
GHCND:USW00093845,VALDOSTA REGIONAL AIRPORT GA US,20080821,0,-9999,-9999,300,239,66,40,20,107,148,1453
GHCND:USW00093845,VALDOSTA REGIONAL AIRPORT GA US,20080822,630,-9999,-9999,256,233,98,100,100,76,143,2148
GHCND:USW00093845,VALDOSTA REGIONAL AIRPORT GA US,20080823,53,-9999,-9999,-9999,-9999,-9999,110,120,89,139,443
GHCND:USW00093845,VALDOSTA REGIONAL AIRPORT GA US,20080824,13,-9999,-9999,-9999,-9999,34,140,140,63,81,1424
GHCND:USW00093845,VALDOSTA REGIONAL AIRPORT GA US,20080825,18,-9999,-9999,311,228,22,170,160,76,94,1313
GHCND:USW00093845,VALDOSTA REGIONAL AIRPORT GA US,20080826,0,-9999,-9999,328,244,35,180,180,76,112,1042
GHCND:USW00093845,VALDOSTA REGIONAL AIRPORT GA US,20080827,8,-9999,-9999,317,233,13,180,310,45,72,1322
GHCND:USW00093845,VALDOSTA REGIONAL AIRPORT GA US,20080828,0,-9999,-9999,333,228,4,290,230,36,58,1356
GHCND:USW00093845,VALDOSTA REGIONAL AIRPORT GA US,20080829,0,-9999,-9999,339,217,7,150,160,54,72,2254
GHCND:USW00093845,VALDOSTA REGIONAL AIRPORT GA US,20080830,30,-9999,-9999,333,217,16,180,180,76,107,1621
GHCND:USW00093845,VALDOSTA REGIONAL AIRPORT GA US,20080831,0,-9999,-9999,339,244,39,90,100,89,125,1212
GHCND:USW00093845,VALDOSTA REGIONAL AIRPORT GA US,20080901,0,-9999,-9999,333,250,33,120,120,76,98,1544
GHCND:USW00093845,VALDOSTA REGIONAL AIRPORT GA US,20080902,3,-9999,-9999,317,206,26,130,120,98,134,1439
GHCND:USW00093845,VALDOSTA REGIONAL AIRPORT GA US,20080903,0,-9999,-9999,311,194,11,150,80,40,72,1244
GHCND:USW00093845,VALDOSTA REGIONAL AIRPORT GA US,20080904,0,-9999,-9999,328,189,16,70,160,54,72,1012
GHCND:USW00093845,VALDOSTA REGIONAL AIRPORT GA US,20080905,0,-9999,-9999,311,222,33,20,10,89,107,1235
GHCND:USW00093845,VALDOSTA REGIONAL AIRPORT GA US,20080906,0,-9999,-9999,333,189,7,190,190,45,67,1147
GHCND:USW00093845,VALDOSTA REGIONAL AIRPORT GA US,20080907,0,-9999,-9999,333,217,6,360,10,40,58,1517
GHCND:USW00093845,VALDOSTA REGIONAL AIRPORT GA US,20080908,0,-9999,-9999,328,206,22,90,100,58,98,1806
GHCND:USW00093845,VALDOSTA REGIONAL AIRPORT GA US,20080909,0,-9999,-9999,344,239,22,110,150,54,72,1622
GHCND:USW00093845,VALDOSTA REGIONAL AIRPORT GA US,20080910,422,-9999,-9999,322,222,24,140,150,103,134,1817
GHCND:USW00093845,VALDOSTA REGIONAL AIRPORT GA US,20080911,74,-9999,-9999,328,228,31,40,160,72,103,1400
GHCND:USW00093845,VALDOSTA REGIONAL AIRPORT GA US,20080912,0,-9999,-9999,333,239,26,130,120,63,81,855
GHCND:USW00093845,VALDOSTA REGIONAL AIRPORT GA US,20080913,0,-9999,-9999,328,228,18,170,160,63,72,1302
GHCND:USW00093845,VALDOSTA REGIONAL AIRPORT GA US,20080914,107,-9999,-9999,339,222,13,200,200,81,112,1614
GHCND:USW00093845,VALDOSTA REGIONAL AIRPORT GA US,20080915,0,-9999,-9999,322,217,9,270,260,40,63,1322
GHCND:USW00093845,VALDOSTA REGIONAL AIRPORT GA US,20080916,0,-9999,-9999,311,211,8,320,280,36,63,1413
GHCND:USW00093845,VALDOSTA REGIONAL AIRPORT GA US,20080917,0,-9999,-9999,283,206,20,10,320,54,89,1447
GHCND:USW00093845,VALDOSTA REGIONAL AIRPORT GA US,20080918,0,-9999,-9999,300,211,24,70,70,72,107,1650
GHCND:USW00093845,VALDOSTA REGIONAL AIRPORT GA US,20080919,0,-9999,-9999,289,178,22,20,40,63,81,1307
GHCND:USW00093845,VALDOSTA REGIONAL AIRPORT GA US,20080920,0,-9999,-9999,272,200,32,60,50,63,81,1119
GHCND:USW00093845,VALDOSTA REGIONAL AIRPORT GA US,20080921,0,-9999,-9999,256,194,37,30,40,67,89,1726
GHCND:USW00093845,VALDOSTA REGIONAL AIRPORT GA US,20080922,0,-9999,-9999,283,200,28,40,50,63,76,1055
GHCND:USW00093845,VALDOSTA REGIONAL AIRPORT GA US,20080923,0,-9999,-9999,294,172,29,30,30,72,103,1423
GHCND:USW00093845,VALDOSTA REGIONAL AIRPORT GA US,20080924,0,-9999,-9999,261,150,38,40,30,81,103,1259
GHCND:USW00093845,VALDOSTA REGIONAL AIRPORT GA US,20080925,0,-9999,-9999,278,122,32,10,10,72,98,1610
GHCND:USW00093845,VALDOSTA REGIONAL AIRPORT GA US,20080926,0,-9999,-9999,300,128,10,220,190,45,89,1325
GHCND:USW00093845,VALDOSTA REGIONAL AIRPORT GA US,20080927,0,-9999,-9999,300,111,7,190,290,54,76,1137
GHCND:USW00093845,VALDOSTA REGIONAL AIRPORT GA US,20080928,0,-9999,-9999,300,122,5,200,270,27,40,1248
GHCND:USW00093845,VALDOSTA REGIONAL AIRPORT GA US,20080929,0,-9999,-9999,311,150,4,180,60,31,45,1355
GHCND:USW00093845,VALDOSTA REGIONAL AIRPORT GA US,20080930,0,-9999,-9999,322,172,7,310,120,36,72,707
GHCND:USW00093845,VALDOSTA REGIONAL AIRPORT GA US,20081001,0,-9999,-9999,294,128,11,300,240,45,76,1217
GHCND:USW00093845,VALDOSTA REGIONAL AIRPORT GA US,20081002,0,-9999,-9999,256,111,20,10,30,58,76,1149
GHCND:USW00093845,VALDOSTA REGIONAL AIRPORT GA US,20081003,0,-9999,-9999,283,94,4,100,90,36,107,1440
GHCND:USW00093845,VALDOSTA REGIONAL AIRPORT GA US,20081004,0,-9999,-9999,294,111,11,70,90,45,81,905
GHCND:USW00093845,VALDOSTA REGIONAL AIRPORT GA US,20081005,0,-9999,-9999,289,128,19,40,30,67,98,1447
GHCND:USW00093845,VALDOSTA REGIONAL AIRPORT GA US,20081006,0,-9999,-9999,294,194,30,80,70,67,98,1608
GHCND:USW00093845,VALDOSTA REGIONAL AIRPORT GA US,20081007,0,-9999,-9999,294,200,26,130,140,67,89,1421
GHCND:USW00093845,VALDOSTA REGIONAL AIRPORT GA US,20081008,51,-9999,-9999,261,194,19,160,180,67,89,2114
GHCND:USW00093845,VALDOSTA REGIONAL AIRPORT GA US,20081009,43,-9999,-9999,261,183,19,120,120,45,67,1955
GHCND:USW00093845,VALDOSTA REGIONAL AIRPORT GA US,20081010,0,-9999,-9999,289,194,20,50,40,63,81,1515
GHCND:USW00093845,VALDOSTA REGIONAL AIRPORT GA US,20081011,18,-9999,-9999,256,194,30,50,40,67,89,937
GHCND:USW00093845,VALDOSTA REGIONAL AIRPORT GA US,20081012,0,-9999,-9999,294,200,36,60,60,81,107,1714
GHCND:USW00093845,VALDOSTA REGIONAL AIRPORT GA US,20081013,0,-9999,-9999,272,206,36,60,60,76,107,1606
GHCND:USW00093845,VALDOSTA REGIONAL AIRPORT GA US,20081014,0,-9999,-9999,289,178,25,60,80,63,98,1047
GHCND:USW00093845,VALDOSTA REGIONAL AIRPORT GA US,20081015,0,-9999,-9999,294,133,8,100,50,45,76,1517
GHCND:USW00093845,VALDOSTA REGIONAL AIRPORT GA US,20081016,0,-9999,-9999,306,139,2,280,210,27,94,1036
GHCND:USW00093845,VALDOSTA REGIONAL AIRPORT GA US,20081017,0,-9999,-9999,294,133,9,260,280,45,72,1200
GHCND:USW00093845,VALDOSTA REGIONAL AIRPORT GA US,20081018,3,-9999,-9999,233,111,23,360,10,94,107,1643
GHCND:USW00093845,VALDOSTA REGIONAL AIRPORT GA US,20081019,0,-9999,-9999,211,89,31,30,70,72,94,1302
GHCND:USW00093845,VALDOSTA REGIONAL AIRPORT GA US,20081020,0,-9999,-9999,239,94,16,130,130,22,31,2230
GHCND:USW00093845,VALDOSTA REGIONAL AIRPORT GA US,20081021,0,-9999,-9999,256,89,5,10,10,36,63,1149
GHCND:USW00093845,VALDOSTA REGIONAL AIRPORT GA US,20081022,0,-9999,-9999,256,78,19,100,100,58,81,1717
GHCND:USW00093845,VALDOSTA REGIONAL AIRPORT GA US,20081023,36,-9999,-9999,222,150,44,70,50,72,125,1037
GHCND:USW00093845,VALDOSTA REGIONAL AIRPORT GA US,20081024,450,-9999,-9999,217,167,30,10,20,89,107,1433
GHCND:USW00093845,VALDOSTA REGIONAL AIRPORT GA US,20081025,0,-9999,-9999,233,100,10,360,10,45,67,1519
GHCND:USW00093845,VALDOSTA REGIONAL AIRPORT GA US,20081026,0,-9999,-9999,233,67,9,10,80,54,89,1044
GHCND:USW00093845,VALDOSTA REGIONAL AIRPORT GA US,20081027,0,-9999,-9999,211,72,18,360,10,76,103,1503
GHCND:USW00093845,VALDOSTA REGIONAL AIRPORT GA US,20081028,0,-9999,-9999,133,11,23,360,10,67,107,1403
GHCND:USW00093845,VALDOSTA REGIONAL AIRPORT GA US,20081029,0,-9999,-9999,167,-5,11,320,330,40,67,1425
GHCND:USW00093845,VALDOSTA REGIONAL AIRPORT GA US,20081030,0,-9999,-9999,211,11,17,30,30,58,89,930
GHCND:USW00093845,VALDOSTA REGIONAL AIRPORT GA US,20081031,0,-9999,-9999,217,78,21,60,80,58,81,844
GHCND:USW00093845,VALDOSTA REGIONAL AIRPORT GA US,20081101,0,-9999,-9999,228,72,15,20,30,45,63,1232
GHCND:USW00093845,VALDOSTA REGIONAL AIRPORT GA US,20081102,0,-9999,-9999,233,89,21,30,30,58,76,1424
GHCND:USW00093845,VALDOSTA REGIONAL AIRPORT GA US,20081103,0,-9999,-9999,250,117,36,20,50,81,130,1457
GHCND:USW00093845,VALDOSTA REGIONAL AIRPORT GA US,20081104,0,-9999,-9999,183,150,36,360,10,67,81,1049
GHCND:USW00093845,VALDOSTA REGIONAL AIRPORT GA US,20081105,0,-9999,-9999,217,94,17,10,40,67,81,1427
GHCND:USW00093845,VALDOSTA REGIONAL AIRPORT GA US,20081106,0,-9999,-9999,244,67,3,300,350,31,63,1335
GHCND:USW00093845,VALDOSTA REGIONAL AIRPORT GA US,20081107,0,-9999,-9999,250,72,9,210,200,40,58,1547
GHCND:USW00093845,VALDOSTA REGIONAL AIRPORT GA US,20081108,0,-9999,-9999,222,50,10,10,10,54,76,1002
GHCND:USW00093845,VALDOSTA REGIONAL AIRPORT GA US,20081109,0,-9999,-9999,211,33,9,280,290,54,76,1530
GHCND:USW00093845,VALDOSTA REGIONAL AIRPORT GA US,20081110,0,-9999,-9999,206,28,12,20,10,45,63,1618
GHCND:USW00093845,VALDOSTA REGIONAL AIRPORT GA US,20081111,0,-9999,-9999,233,22,23,90,100,63,81,1029
GHCND:USW00093845,VALDOSTA REGIONAL AIRPORT GA US,20081112,0,-9999,-9999,250,122,35,50,80,67,94,2023
GHCND:USW00093845,VALDOSTA REGIONAL AIRPORT GA US,20081113,3,-9999,-9999,283,183,17,200,230,45,81,1439
GHCND:USW00093845,VALDOSTA REGIONAL AIRPORT GA US,20081114,155,-9999,-9999,256,206,31,180,180,76,107,750
GHCND:USW00093845,VALDOSTA REGIONAL AIRPORT GA US,20081115,46,-9999,-9999,222,89,26,320,340,63,107,2000
GHCND:USW00093845,VALDOSTA REGIONAL AIRPORT GA US,20081116,0,-9999,-9999,139,17,18,360,310,45,76,924
GHCND:USW00093845,VALDOSTA REGIONAL AIRPORT GA US,20081117,0,-9999,-9999,178,-5,10,10,10,40,63,1215
GHCND:USW00093845,VALDOSTA REGIONAL AIRPORT GA US,20081118,0,-9999,-9999,117,-16,23,10,10,94,112,1615
GHCND:USW00093845,VALDOSTA REGIONAL AIRPORT GA US,20081119,0,-9999,-9999,128,-32,12,80,80,45,63,908
GHCND:USW00093845,VALDOSTA REGIONAL AIRPORT GA US,20081120,0,-9999,-9999,200,-10,8,290,260,54,81,1415
GHCND:USW00093845,VALDOSTA REGIONAL AIRPORT GA US,20081121,0,-9999,-9999,122,11,31,10,10,94,116,930
GHCND:USW00093845,VALDOSTA REGIONAL AIRPORT GA US,20081122,0,-9999,-9999,122,-16,26,70,110,67,76,1101
GHCND:USW00093845,VALDOSTA REGIONAL AIRPORT GA US,20081123,0,-9999,-9999,178,0,7,10,20,36,54,1407
GHCND:USW00093845,VALDOSTA REGIONAL AIRPORT GA US,20081124,0,-9999,-9999,183,17,11,190,180,58,76,2338
GHCND:USW00093845,VALDOSTA REGIONAL AIRPORT GA US,20081125,0,-9999,-9999,167,6,18,10,10,89,112,956
GHCND:USW00093845,VALDOSTA REGIONAL AIRPORT GA US,20081126,0,-9999,-9999,172,-16,5,180,300,13,22,1704
GHCND:USW00093845,VALDOSTA REGIONAL AIRPORT GA US,20081127,0,-9999,-9999,211,11,8,270,310,45,72,1257
GHCND:USW00093845,VALDOSTA REGIONAL AIRPORT GA US,20081128,79,-9999,-9999,217,89,21,210,200,54,76,1141
GHCND:USW00093845,VALDOSTA REGIONAL AIRPORT GA US,20081129,180,-9999,-9999,233,150,27,190,190,63,94,1130
GHCND:USW00093845,VALDOSTA REGIONAL AIRPORT GA US,20081130,381,-9999,-9999,189,94,37,180,180,98,116,341
GHCND:USW00093845,VALDOSTA REGIONAL AIRPORT GA US,20081201,0,-9999,-9999,161,39,21,280,270,76,134,1100
GHCND:USW00093845,VALDOSTA REGIONAL AIRPORT GA US,20081202,0,-9999,-9999,122,0,11,360,300,40,63,1440
GHCND:USW00093845,VALDOSTA REGIONAL AIRPORT GA US,20081203,0,-9999,-9999,144,-16,10,150,150,54,67,1225
GHCND:USW00093845,VALDOSTA REGIONAL AIRPORT GA US,20081204,0,-9999,-9999,217,17,13,180,170,67,94,1237
GHCND:USW00093845,VALDOSTA REGIONAL AIRPORT GA US,20081205,0,-9999,-9999,144,83,12,20,10,45,58,935
GHCND:USW00093845,VALDOSTA REGIONAL AIRPORT GA US,20081206,0,-9999,-9999,183,78,13,180,300,40,63,2324
GHCND:USW00093845,VALDOSTA REGIONAL AIRPORT GA US,20081207,0,-9999,-9999,144,-5,12,10,10,67,89,1052
GHCND:USW00093845,VALDOSTA REGIONAL AIRPORT GA US,20081208,0,-9999,-9999,189,-16,17,160,130,54,139,1120
GHCND:USW00093845,VALDOSTA REGIONAL AIRPORT GA US,20081209,0,-9999,-9999,244,89,27,170,170,94,116,1341
GHCND:USW00093845,VALDOSTA REGIONAL AIRPORT GA US,20081210,0,-9999,-9999,244,167,47,170,180,76,103,1201
GHCND:USW00093845,VALDOSTA REGIONAL AIRPORT GA US,20081211,137,-9999,-9999,211,50,50,260,190,107,165,1902
GHCND:USW00093845,VALDOSTA REGIONAL AIRPORT GA US,20081212,0,-9999,-9999,161,28,22,300,310,58,94,1425
GHCND:USW00093845,VALDOSTA REGIONAL AIRPORT GA US,20081213,0,-9999,-9999,122,-21,24,70,80,67,94,1016
GHCND:USW00093845,VALDOSTA REGIONAL AIRPORT GA US,20081214,0,-9999,-9999,183,78,24,70,80,54,72,649
GHCND:USW00093845,VALDOSTA REGIONAL AIRPORT GA US,20081215,0,-9999,-9999,250,100,11,150,180,63,72,1208
GHCND:USW00093845,VALDOSTA REGIONAL AIRPORT GA US,20081216,0,-9999,-9999,250,117,4,160,200,31,45,1429
GHCND:USW00093845,VALDOSTA REGIONAL AIRPORT GA US,20081217,0,-9999,-9999,267,106,4,220,290,31,45,1245
GHCND:USW00093845,VALDOSTA REGIONAL AIRPORT GA US,20081218,0,-9999,-9999,267,111,3,280,310,27,36,1414
GHCND:USW00093845,VALDOSTA REGIONAL AIRPORT GA US,20081219,0,-9999,-9999,250,100,11,190,270,54,76,1349
GHCND:USW00093845,VALDOSTA REGIONAL AIRPORT GA US,20081220,0,-9999,-9999,256,178,18,210,210,40,72,2338
GHCND:USW00093845,VALDOSTA REGIONAL AIRPORT GA US,20081221,15,-9999,-9999,222,83,23,320,300,58,98,1113
GHCND:USW00093845,VALDOSTA REGIONAL AIRPORT GA US,20081222,0,-9999,-9999,83,-5,29,10,20,76,98,1131
GHCND:USW00093845,VALDOSTA REGIONAL AIRPORT GA US,20081223,0,-9999,-9999,189,6,31,130,140,63,89,1400
GHCND:USW00093845,VALDOSTA REGIONAL AIRPORT GA US,20081224,0,-9999,-9999,244,94,18,170,180,89,103,1311
GHCND:USW00093845,VALDOSTA REGIONAL AIRPORT GA US,20081225,0,-9999,-9999,272,111,8,190,190,40,63,1144
GHCND:USW00093845,VALDOSTA REGIONAL AIRPORT GA US,20081226,0,-9999,-9999,261,122,10,120,150,40,63,1415
GHCND:USW00093845,VALDOSTA REGIONAL AIRPORT GA US,20081227,0,-9999,-9999,256,122,31,180,150,76,107,1251
GHCND:USW00093845,VALDOSTA REGIONAL AIRPORT GA US,20081228,0,-9999,-9999,261,117,22,170,160,72,89,1109
GHCND:USW00093845,VALDOSTA REGIONAL AIRPORT GA US,20081229,0,-9999,-9999,233,50,9,360,360,45,67,1255
GHCND:USW00093845,VALDOSTA REGIONAL AIRPORT GA US,20081230,0,-9999,-9999,217,17,3,270,280,27,36,1410
GHCND:USW00093845,VALDOSTA REGIONAL AIRPORT GA US,20081231,0,-9999,-9999,194,33,24,10,360,89,107,2229
